image_id,path_a,path_b,path_label,flood_pct,flood_category
image_1436.png,c:\Users\HP\OneDrive\Desktop\Flood_AI_Dataset\05_S1GFloods\A\image_1436.png,c:\Users\HP\OneDrive\Desktop\Flood_AI_Dataset\05_S1GFloods\B\image_1436.png,c:\Users\HP\OneDrive\Desktop\Flood_AI_Dataset\05_S1GFloods\Label\image_1436.png,5.2841,1
image_887.png,c:\Users\HP\OneDrive\Desktop\Flood_AI_Dataset\05_S1GFloods\A\image_887.png,c:\Users\HP\OneDrive\Desktop\Flood_AI_Dataset\05_S1GFloods\B\image_887.png,c:\Users\HP\OneDrive\Desktop\Flood_AI_Dataset\05_S1GFloods\Label\image_887.png,68.9056,2
image_4019.png,c:\Users\HP\OneDrive\Desktop\Flood_AI_Dataset\05_S1GFloods\A\image_4019.png,c:\Users\HP\OneDrive\Desktop\Flood_AI_Dataset\05_S1GFloods\B\image_4019.png,c:\Users\HP\OneDrive\Desktop\Flood_AI_Dataset\05_S1GFloods\Label\image_4019.png,57.8354,2
image_1152.png,c:\Users\HP\OneDrive\Desktop\Flood_AI_Dataset\05_S1GFloods\A\image_1152.png,c:\Users\HP\OneDrive\Desktop\Flood_AI_Dataset\05_S1GFloods\B\image_1152.png,c:\Users\HP\OneDrive\Desktop\Flood_AI_Dataset\05_S1GFloods\Label\image_1152.png,55.9006,2
image_2125.png,c:\Users\HP\OneDrive\Desktop\Flood_AI_Dataset\05_S1GFloods\A\image_2125.png,c:\Users\HP\OneDrive\Desktop\Flood_AI_Dataset\05_S1GFloods\B\image_2125.png,c:\Users\HP\OneDrive\Desktop\Flood_AI_Dataset\05_S1GFloods\Label\image_2125.png,8.5831,1
image_3211.png,c:\Users\HP\OneDrive\Desktop\Flood_AI_Dataset\05_S1GFloods\A\image_3211.png,c:\Users\HP\OneDrive\Desktop\Flood_AI_Dataset\05_S1GFloods\B\image_3211.png,c:\Users\HP\OneDrive\Desktop\Flood_AI_Dataset\05_S1GFloods\Label\image_3211.png,40.3778,2
image_4233.png,c:\Users\HP\OneDrive\Desktop\Flood_AI_Dataset\05_S1GFloods\A\image_4233.png,c:\Users\HP\OneDrive\Desktop\Flood_AI_Dataset\05_S1GFloods\B\image_4233.png,c:\Users\HP\OneDrive\Desktop\Flood_AI_Dataset\05_S1GFloods\Label\image_4233.png,30.8365,2
image_1714.png,c:\Users\HP\OneDrive\Desktop\Flood_AI_Dataset\05_S1GFloods\A\image_1714.png,c:\Users\HP\OneDrive\Desktop\Flood_AI_Dataset\05_S1GFloods\B\image_1714.png,c:\Users\HP\OneDrive\Desktop\Flood_AI_Dataset\05_S1GFloods\Label\image_1714.png,7.6981,1
image_4693.png,c:\Users\HP\OneDrive\Desktop\Flood_AI_Dataset\05_S1GFloods\A\image_4693.png,c:\Users\HP\OneDrive\Desktop\Flood_AI_Dataset\05_S1GFloods\B\image_4693.png,c:\Users\HP\OneDrive\Desktop\Flood_AI_Dataset\05_S1GFloods\Label\image_4693.png,9.0347,1
image_3310.png,c:\Users\HP\OneDrive\Desktop\Flood_AI_Dataset\05_S1GFloods\A\image_3310.png,c:\Users\HP\OneDrive\Desktop\Flood_AI_Dataset\05_S1GFloods\B\image_3310.png,c:\Users\HP\OneDrive\Desktop\Flood_AI_Dataset\05_S1GFloods\Label\image_3310.png,10.463,2
image_4341.png,c:\Users\HP\OneDrive\Desktop\Flood_AI_Dataset\05_S1GFloods\A\image_4341.png,c:\Users\HP\OneDrive\Desktop\Flood_AI_Dataset\05_S1GFloods\B\image_4341.png,c:\Users\HP\OneDrive\Desktop\Flood_AI_Dataset\05_S1GFloods\Label\image_4341.png,95.4895,2
image_2409.png,c:\Users\HP\OneDrive\Desktop\Flood_AI_Dataset\05_S1GFloods\A\image_2409.png,c:\Users\HP\OneDrive\Desktop\Flood_AI_Dataset\05_S1GFloods\B\image_2409.png,c:\Users\HP\OneDrive\Desktop\Flood_AI_Dataset\05_S1GFloods\Label\image_2409.png,10.1288,2
image_463.png,c:\Users\HP\OneDrive\Desktop\Flood_AI_Dataset\05_S1GFloods\A\image_463.png,c:\Users\HP\OneDrive\Desktop\Flood_AI_Dataset\05_S1GFloods\B\image_463.png,c:\Users\HP\OneDrive\Desktop\Flood_AI_Dataset\05_S1GFloods\Label\image_463.png,51.1978,2
image_3206.png,c:\Users\HP\OneDrive\Desktop\Flood_AI_Dataset\05_S1GFloods\A\image_3206.png,c:\Users\HP\OneDrive\Desktop\Flood_AI_Dataset\05_S1GFloods\B\image_3206.png,c:\Users\HP\OneDrive\Desktop\Flood_AI_Dataset\05_S1GFloods\Label\image_3206.png,5.6656,1
image_1877.png,c:\Users\HP\OneDrive\Desktop\Flood_AI_Dataset\05_S1GFloods\A\image_1877.png,c:\Users\HP\OneDrive\Desktop\Flood_AI_Dataset\05_S1GFloods\B\image_1877.png,c:\Users\HP\OneDrive\Desktop\Flood_AI_Dataset\05_S1GFloods\Label\image_1877.png,6.0867,1
image_4745.png,c:\Users\HP\OneDrive\Desktop\Flood_AI_Dataset\05_S1GFloods\A\image_4745.png,c:\Users\HP\OneDrive\Desktop\Flood_AI_Dataset\05_S1GFloods\B\image_4745.png,c:\Users\HP\OneDrive\Desktop\Flood_AI_Dataset\05_S1GFloods\Label\image_4745.png,11.4243,2
image_366.png,c:\Users\HP\OneDrive\Desktop\Flood_AI_Dataset\05_S1GFloods\A\image_366.png,c:\Users\HP\OneDrive\Desktop\Flood_AI_Dataset\05_S1GFloods\B\image_366.png,c:\Users\HP\OneDrive\Desktop\Flood_AI_Dataset\05_S1GFloods\Label\image_366.png,33.812,2
image_4808.png,c:\Users\HP\OneDrive\Desktop\Flood_AI_Dataset\05_S1GFloods\A\image_4808.png,c:\Users\HP\OneDrive\Desktop\Flood_AI_Dataset\05_S1GFloods\B\image_4808.png,c:\Users\HP\OneDrive\Desktop\Flood_AI_Dataset\05_S1GFloods\Label\image_4808.png,8.0826,1
image_1530.png,c:\Users\HP\OneDrive\Desktop\Flood_AI_Dataset\05_S1GFloods\A\image_1530.png,c:\Users\HP\OneDrive\Desktop\Flood_AI_Dataset\05_S1GFloods\B\image_1530.png,c:\Users\HP\OneDrive\Desktop\Flood_AI_Dataset\05_S1GFloods\Label\image_1530.png,7.4966,1
image_4128.png,c:\Users\HP\OneDrive\Desktop\Flood_AI_Dataset\05_S1GFloods\A\image_4128.png,c:\Users\HP\OneDrive\Desktop\Flood_AI_Dataset\05_S1GFloods\B\image_4128.png,c:\Users\HP\OneDrive\Desktop\Flood_AI_Dataset\05_S1GFloods\Label\image_4128.png,31.0806,2
image_3934.png,c:\Users\HP\OneDrive\Desktop\Flood_AI_Dataset\05_S1GFloods\A\image_3934.png,c:\Users\HP\OneDrive\Desktop\Flood_AI_Dataset\05_S1GFloods\B\image_3934.png,c:\Users\HP\OneDrive\Desktop\Flood_AI_Dataset\05_S1GFloods\Label\image_3934.png,58.8425,2
image_4925.png,c:\Users\HP\OneDrive\Desktop\Flood_AI_Dataset\05_S1GFloods\A\image_4925.png,c:\Users\HP\OneDrive\Desktop\Flood_AI_Dataset\05_S1GFloods\B\image_4925.png,c:\Users\HP\OneDrive\Desktop\Flood_AI_Dataset\05_S1GFloods\Label\image_4925.png,6.012,1
image_2057.png,c:\Users\HP\OneDrive\Desktop\Flood_AI_Dataset\05_S1GFloods\A\image_2057.png,c:\Users\HP\OneDrive\Desktop\Flood_AI_Dataset\05_S1GFloods\B\image_2057.png,c:\Users\HP\OneDrive\Desktop\Flood_AI_Dataset\05_S1GFloods\Label\image_2057.png,11.5387,2
image_2272.png,c:\Users\HP\OneDrive\Desktop\Flood_AI_Dataset\05_S1GFloods\A\image_2272.png,c:\Users\HP\OneDrive\Desktop\Flood_AI_Dataset\05_S1GFloods\B\image_2272.png,c:\Users\HP\OneDrive\Desktop\Flood_AI_Dataset\05_S1GFloods\Label\image_2272.png,7.2037,1
image_494.png,c:\Users\HP\OneDrive\Desktop\Flood_AI_Dataset\05_S1GFloods\A\image_494.png,c:\Users\HP\OneDrive\Desktop\Flood_AI_Dataset\05_S1GFloods\B\image_494.png,c:\Users\HP\OneDrive\Desktop\Flood_AI_Dataset\05_S1GFloods\Label\image_494.png,85.0266,2
image_1523.png,c:\Users\HP\OneDrive\Desktop\Flood_AI_Dataset\05_S1GFloods\A\image_1523.png,c:\Users\HP\OneDrive\Desktop\Flood_AI_Dataset\05_S1GFloods\B\image_1523.png,c:\Users\HP\OneDrive\Desktop\Flood_AI_Dataset\05_S1GFloods\Label\image_1523.png,60.6384,2
image_2726.png,c:\Users\HP\OneDrive\Desktop\Flood_AI_Dataset\05_S1GFloods\A\image_2726.png,c:\Users\HP\OneDrive\Desktop\Flood_AI_Dataset\05_S1GFloods\B\image_2726.png,c:\Users\HP\OneDrive\Desktop\Flood_AI_Dataset\05_S1GFloods\Label\image_2726.png,13.8718,2
image_4924.png,c:\Users\HP\OneDrive\Desktop\Flood_AI_Dataset\05_S1GFloods\A\image_4924.png,c:\Users\HP\OneDrive\Desktop\Flood_AI_Dataset\05_S1GFloods\B\image_4924.png,c:\Users\HP\OneDrive\Desktop\Flood_AI_Dataset\05_S1GFloods\Label\image_4924.png,17.3157,2
image_1943.png,c:\Users\HP\OneDrive\Desktop\Flood_AI_Dataset\05_S1GFloods\A\image_1943.png,c:\Users\HP\OneDrive\Desktop\Flood_AI_Dataset\05_S1GFloods\B\image_1943.png,c:\Users\HP\OneDrive\Desktop\Flood_AI_Dataset\05_S1GFloods\Label\image_1943.png,11.7737,2
image_4035.png,c:\Users\HP\OneDrive\Desktop\Flood_AI_Dataset\05_S1GFloods\A\image_4035.png,c:\Users\HP\OneDrive\Desktop\Flood_AI_Dataset\05_S1GFloods\B\image_4035.png,c:\Users\HP\OneDrive\Desktop\Flood_AI_Dataset\05_S1GFloods\Label\image_4035.png,20.1538,2
image_922.png,c:\Users\HP\OneDrive\Desktop\Flood_AI_Dataset\05_S1GFloods\A\image_922.png,c:\Users\HP\OneDrive\Desktop\Flood_AI_Dataset\05_S1GFloods\B\image_922.png,c:\Users\HP\OneDrive\Desktop\Flood_AI_Dataset\05_S1GFloods\Label\image_922.png,69.5633,2
image_4413.png,c:\Users\HP\OneDrive\Desktop\Flood_AI_Dataset\05_S1GFloods\A\image_4413.png,c:\Users\HP\OneDrive\Desktop\Flood_AI_Dataset\05_S1GFloods\B\image_4413.png,c:\Users\HP\OneDrive\Desktop\Flood_AI_Dataset\05_S1GFloods\Label\image_4413.png,10.5438,2
image_5109.png,c:\Users\HP\OneDrive\Desktop\Flood_AI_Dataset\05_S1GFloods\A\image_5109.png,c:\Users\HP\OneDrive\Desktop\Flood_AI_Dataset\05_S1GFloods\B\image_5109.png,c:\Users\HP\OneDrive\Desktop\Flood_AI_Dataset\05_S1GFloods\Label\image_5109.png,5.2292,1
image_4172.png,c:\Users\HP\OneDrive\Desktop\Flood_AI_Dataset\05_S1GFloods\A\image_4172.png,c:\Users\HP\OneDrive\Desktop\Flood_AI_Dataset\05_S1GFloods\B\image_4172.png,c:\Users\HP\OneDrive\Desktop\Flood_AI_Dataset\05_S1GFloods\Label\image_4172.png,12.2116,2
image_1183.png,c:\Users\HP\OneDrive\Desktop\Flood_AI_Dataset\05_S1GFloods\A\image_1183.png,c:\Users\HP\OneDrive\Desktop\Flood_AI_Dataset\05_S1GFloods\B\image_1183.png,c:\Users\HP\OneDrive\Desktop\Flood_AI_Dataset\05_S1GFloods\Label\image_1183.png,73.1979,2
image_1220.png,c:\Users\HP\OneDrive\Desktop\Flood_AI_Dataset\05_S1GFloods\A\image_1220.png,c:\Users\HP\OneDrive\Desktop\Flood_AI_Dataset\05_S1GFloods\B\image_1220.png,c:\Users\HP\OneDrive\Desktop\Flood_AI_Dataset\05_S1GFloods\Label\image_1220.png,67.7063,2
image_3566.png,c:\Users\HP\OneDrive\Desktop\Flood_AI_Dataset\05_S1GFloods\A\image_3566.png,c:\Users\HP\OneDrive\Desktop\Flood_AI_Dataset\05_S1GFloods\B\image_3566.png,c:\Users\HP\OneDrive\Desktop\Flood_AI_Dataset\05_S1GFloods\Label\image_3566.png,59.0546,2
image_5203.png,c:\Users\HP\OneDrive\Desktop\Flood_AI_Dataset\05_S1GFloods\A\image_5203.png,c:\Users\HP\OneDrive\Desktop\Flood_AI_Dataset\05_S1GFloods\B\image_5203.png,c:\Users\HP\OneDrive\Desktop\Flood_AI_Dataset\05_S1GFloods\Label\image_5203.png,6.3248,1
image_3347.png,c:\Users\HP\OneDrive\Desktop\Flood_AI_Dataset\05_S1GFloods\A\image_3347.png,c:\Users\HP\OneDrive\Desktop\Flood_AI_Dataset\05_S1GFloods\B\image_3347.png,c:\Users\HP\OneDrive\Desktop\Flood_AI_Dataset\05_S1GFloods\Label\image_3347.png,9.3628,1
image_5033.png,c:\Users\HP\OneDrive\Desktop\Flood_AI_Dataset\05_S1GFloods\A\image_5033.png,c:\Users\HP\OneDrive\Desktop\Flood_AI_Dataset\05_S1GFloods\B\image_5033.png,c:\Users\HP\OneDrive\Desktop\Flood_AI_Dataset\05_S1GFloods\Label\image_5033.png,24.3011,2
image_1444.png,c:\Users\HP\OneDrive\Desktop\Flood_AI_Dataset\05_S1GFloods\A\image_1444.png,c:\Users\HP\OneDrive\Desktop\Flood_AI_Dataset\05_S1GFloods\B\image_1444.png,c:\Users\HP\OneDrive\Desktop\Flood_AI_Dataset\05_S1GFloods\Label\image_1444.png,5.2917,1
image_5035.png,c:\Users\HP\OneDrive\Desktop\Flood_AI_Dataset\05_S1GFloods\A\image_5035.png,c:\Users\HP\OneDrive\Desktop\Flood_AI_Dataset\05_S1GFloods\B\image_5035.png,c:\Users\HP\OneDrive\Desktop\Flood_AI_Dataset\05_S1GFloods\Label\image_5035.png,5.7068,1
image_4280.png,c:\Users\HP\OneDrive\Desktop\Flood_AI_Dataset\05_S1GFloods\A\image_4280.png,c:\Users\HP\OneDrive\Desktop\Flood_AI_Dataset\05_S1GFloods\B\image_4280.png,c:\Users\HP\OneDrive\Desktop\Flood_AI_Dataset\05_S1GFloods\Label\image_4280.png,9.7794,1
image_1462.png,c:\Users\HP\OneDrive\Desktop\Flood_AI_Dataset\05_S1GFloods\A\image_1462.png,c:\Users\HP\OneDrive\Desktop\Flood_AI_Dataset\05_S1GFloods\B\image_1462.png,c:\Users\HP\OneDrive\Desktop\Flood_AI_Dataset\05_S1GFloods\Label\image_1462.png,31.7154,2
image_5301.png,c:\Users\HP\OneDrive\Desktop\Flood_AI_Dataset\05_S1GFloods\A\image_5301.png,c:\Users\HP\OneDrive\Desktop\Flood_AI_Dataset\05_S1GFloods\B\image_5301.png,c:\Users\HP\OneDrive\Desktop\Flood_AI_Dataset\05_S1GFloods\Label\image_5301.png,14.3814,2
image_4277.png,c:\Users\HP\OneDrive\Desktop\Flood_AI_Dataset\05_S1GFloods\A\image_4277.png,c:\Users\HP\OneDrive\Desktop\Flood_AI_Dataset\05_S1GFloods\B\image_4277.png,c:\Users\HP\OneDrive\Desktop\Flood_AI_Dataset\05_S1GFloods\Label\image_4277.png,38.0295,2
image_3749.png,c:\Users\HP\OneDrive\Desktop\Flood_AI_Dataset\05_S1GFloods\A\image_3749.png,c:\Users\HP\OneDrive\Desktop\Flood_AI_Dataset\05_S1GFloods\B\image_3749.png,c:\Users\HP\OneDrive\Desktop\Flood_AI_Dataset\05_S1GFloods\Label\image_3749.png,11.1053,2
image_502.png,c:\Users\HP\OneDrive\Desktop\Flood_AI_Dataset\05_S1GFloods\A\image_502.png,c:\Users\HP\OneDrive\Desktop\Flood_AI_Dataset\05_S1GFloods\B\image_502.png,c:\Users\HP\OneDrive\Desktop\Flood_AI_Dataset\05_S1GFloods\Label\image_502.png,93.5211,2
image_1864.png,c:\Users\HP\OneDrive\Desktop\Flood_AI_Dataset\05_S1GFloods\A\image_1864.png,c:\Users\HP\OneDrive\Desktop\Flood_AI_Dataset\05_S1GFloods\B\image_1864.png,c:\Users\HP\OneDrive\Desktop\Flood_AI_Dataset\05_S1GFloods\Label\image_1864.png,6.2592,1
image_1316.png,c:\Users\HP\OneDrive\Desktop\Flood_AI_Dataset\05_S1GFloods\A\image_1316.png,c:\Users\HP\OneDrive\Desktop\Flood_AI_Dataset\05_S1GFloods\B\image_1316.png,c:\Users\HP\OneDrive\Desktop\Flood_AI_Dataset\05_S1GFloods\Label\image_1316.png,21.788,2
image_214.png,c:\Users\HP\OneDrive\Desktop\Flood_AI_Dataset\05_S1GFloods\A\image_214.png,c:\Users\HP\OneDrive\Desktop\Flood_AI_Dataset\05_S1GFloods\B\image_214.png,c:\Users\HP\OneDrive\Desktop\Flood_AI_Dataset\05_S1GFloods\Label\image_214.png,8.0994,1
image_5168.png,c:\Users\HP\OneDrive\Desktop\Flood_AI_Dataset\05_S1GFloods\A\image_5168.png,c:\Users\HP\OneDrive\Desktop\Flood_AI_Dataset\05_S1GFloods\B\image_5168.png,c:\Users\HP\OneDrive\Desktop\Flood_AI_Dataset\05_S1GFloods\Label\image_5168.png,9.3246,1
image_4906.png,c:\Users\HP\OneDrive\Desktop\Flood_AI_Dataset\05_S1GFloods\A\image_4906.png,c:\Users\HP\OneDrive\Desktop\Flood_AI_Dataset\05_S1GFloods\B\image_4906.png,c:\Users\HP\OneDrive\Desktop\Flood_AI_Dataset\05_S1GFloods\Label\image_4906.png,11.1343,2
image_4421.png,c:\Users\HP\OneDrive\Desktop\Flood_AI_Dataset\05_S1GFloods\A\image_4421.png,c:\Users\HP\OneDrive\Desktop\Flood_AI_Dataset\05_S1GFloods\B\image_4421.png,c:\Users\HP\OneDrive\Desktop\Flood_AI_Dataset\05_S1GFloods\Label\image_4421.png,23.5641,2
image_250.png,c:\Users\HP\OneDrive\Desktop\Flood_AI_Dataset\05_S1GFloods\A\image_250.png,c:\Users\HP\OneDrive\Desktop\Flood_AI_Dataset\05_S1GFloods\B\image_250.png,c:\Users\HP\OneDrive\Desktop\Flood_AI_Dataset\05_S1GFloods\Label\image_250.png,25.5508,2
image_4980.png,c:\Users\HP\OneDrive\Desktop\Flood_AI_Dataset\05_S1GFloods\A\image_4980.png,c:\Users\HP\OneDrive\Desktop\Flood_AI_Dataset\05_S1GFloods\B\image_4980.png,c:\Users\HP\OneDrive\Desktop\Flood_AI_Dataset\05_S1GFloods\Label\image_4980.png,16.5604,2
image_1795.png,c:\Users\HP\OneDrive\Desktop\Flood_AI_Dataset\05_S1GFloods\A\image_1795.png,c:\Users\HP\OneDrive\Desktop\Flood_AI_Dataset\05_S1GFloods\B\image_1795.png,c:\Users\HP\OneDrive\Desktop\Flood_AI_Dataset\05_S1GFloods\Label\image_1795.png,5.5878,1
image_3763.png,c:\Users\HP\OneDrive\Desktop\Flood_AI_Dataset\05_S1GFloods\A\image_3763.png,c:\Users\HP\OneDrive\Desktop\Flood_AI_Dataset\05_S1GFloods\B\image_3763.png,c:\Users\HP\OneDrive\Desktop\Flood_AI_Dataset\05_S1GFloods\Label\image_3763.png,11.2259,2
image_54.png,c:\Users\HP\OneDrive\Desktop\Flood_AI_Dataset\05_S1GFloods\A\image_54.png,c:\Users\HP\OneDrive\Desktop\Flood_AI_Dataset\05_S1GFloods\B\image_54.png,c:\Users\HP\OneDrive\Desktop\Flood_AI_Dataset\05_S1GFloods\Label\image_54.png,59.8541,2
image_3590.png,c:\Users\HP\OneDrive\Desktop\Flood_AI_Dataset\05_S1GFloods\A\image_3590.png,c:\Users\HP\OneDrive\Desktop\Flood_AI_Dataset\05_S1GFloods\B\image_3590.png,c:\Users\HP\OneDrive\Desktop\Flood_AI_Dataset\05_S1GFloods\Label\image_3590.png,70.3415,2
image_3713.png,c:\Users\HP\OneDrive\Desktop\Flood_AI_Dataset\05_S1GFloods\A\image_3713.png,c:\Users\HP\OneDrive\Desktop\Flood_AI_Dataset\05_S1GFloods\B\image_3713.png,c:\Users\HP\OneDrive\Desktop\Flood_AI_Dataset\05_S1GFloods\Label\image_3713.png,82.251,2
image_3378.png,c:\Users\HP\OneDrive\Desktop\Flood_AI_Dataset\05_S1GFloods\A\image_3378.png,c:\Users\HP\OneDrive\Desktop\Flood_AI_Dataset\05_S1GFloods\B\image_3378.png,c:\Users\HP\OneDrive\Desktop\Flood_AI_Dataset\05_S1GFloods\Label\image_3378.png,16.5833,2
image_4566.png,c:\Users\HP\OneDrive\Desktop\Flood_AI_Dataset\05_S1GFloods\A\image_4566.png,c:\Users\HP\OneDrive\Desktop\Flood_AI_Dataset\05_S1GFloods\B\image_4566.png,c:\Users\HP\OneDrive\Desktop\Flood_AI_Dataset\05_S1GFloods\Label\image_4566.png,10.5927,2
image_685.png,c:\Users\HP\OneDrive\Desktop\Flood_AI_Dataset\05_S1GFloods\A\image_685.png,c:\Users\HP\OneDrive\Desktop\Flood_AI_Dataset\05_S1GFloods\B\image_685.png,c:\Users\HP\OneDrive\Desktop\Flood_AI_Dataset\05_S1GFloods\Label\image_685.png,36.293,2
image_1005.png,c:\Users\HP\OneDrive\Desktop\Flood_AI_Dataset\05_S1GFloods\A\image_1005.png,c:\Users\HP\OneDrive\Desktop\Flood_AI_Dataset\05_S1GFloods\B\image_1005.png,c:\Users\HP\OneDrive\Desktop\Flood_AI_Dataset\05_S1GFloods\Label\image_1005.png,33.2458,2
image_4198.png,c:\Users\HP\OneDrive\Desktop\Flood_AI_Dataset\05_S1GFloods\A\image_4198.png,c:\Users\HP\OneDrive\Desktop\Flood_AI_Dataset\05_S1GFloods\B\image_4198.png,c:\Users\HP\OneDrive\Desktop\Flood_AI_Dataset\05_S1GFloods\Label\image_4198.png,92.4164,2
image_4704.png,c:\Users\HP\OneDrive\Desktop\Flood_AI_Dataset\05_S1GFloods\A\image_4704.png,c:\Users\HP\OneDrive\Desktop\Flood_AI_Dataset\05_S1GFloods\B\image_4704.png,c:\Users\HP\OneDrive\Desktop\Flood_AI_Dataset\05_S1GFloods\Label\image_4704.png,33.3023,2
image_99.png,c:\Users\HP\OneDrive\Desktop\Flood_AI_Dataset\05_S1GFloods\A\image_99.png,c:\Users\HP\OneDrive\Desktop\Flood_AI_Dataset\05_S1GFloods\B\image_99.png,c:\Users\HP\OneDrive\Desktop\Flood_AI_Dataset\05_S1GFloods\Label\image_99.png,46.579,2
image_2395.png,c:\Users\HP\OneDrive\Desktop\Flood_AI_Dataset\05_S1GFloods\A\image_2395.png,c:\Users\HP\OneDrive\Desktop\Flood_AI_Dataset\05_S1GFloods\B\image_2395.png,c:\Users\HP\OneDrive\Desktop\Flood_AI_Dataset\05_S1GFloods\Label\image_2395.png,5.5634,1
image_67.png,c:\Users\HP\OneDrive\Desktop\Flood_AI_Dataset\05_S1GFloods\A\image_67.png,c:\Users\HP\OneDrive\Desktop\Flood_AI_Dataset\05_S1GFloods\B\image_67.png,c:\Users\HP\OneDrive\Desktop\Flood_AI_Dataset\05_S1GFloods\Label\image_67.png,27.1622,2
image_3283.png,c:\Users\HP\OneDrive\Desktop\Flood_AI_Dataset\05_S1GFloods\A\image_3283.png,c:\Users\HP\OneDrive\Desktop\Flood_AI_Dataset\05_S1GFloods\B\image_3283.png,c:\Users\HP\OneDrive\Desktop\Flood_AI_Dataset\05_S1GFloods\Label\image_3283.png,12.7838,2
image_4013.png,c:\Users\HP\OneDrive\Desktop\Flood_AI_Dataset\05_S1GFloods\A\image_4013.png,c:\Users\HP\OneDrive\Desktop\Flood_AI_Dataset\05_S1GFloods\B\image_4013.png,c:\Users\HP\OneDrive\Desktop\Flood_AI_Dataset\05_S1GFloods\Label\image_4013.png,7.2891,1
image_3093.png,c:\Users\HP\OneDrive\Desktop\Flood_AI_Dataset\05_S1GFloods\A\image_3093.png,c:\Users\HP\OneDrive\Desktop\Flood_AI_Dataset\05_S1GFloods\B\image_3093.png,c:\Users\HP\OneDrive\Desktop\Flood_AI_Dataset\05_S1GFloods\Label\image_3093.png,10.2097,2
image_1813.png,c:\Users\HP\OneDrive\Desktop\Flood_AI_Dataset\05_S1GFloods\A\image_1813.png,c:\Users\HP\OneDrive\Desktop\Flood_AI_Dataset\05_S1GFloods\B\image_1813.png,c:\Users\HP\OneDrive\Desktop\Flood_AI_Dataset\05_S1GFloods\Label\image_1813.png,7.3944,1
image_4159.png,c:\Users\HP\OneDrive\Desktop\Flood_AI_Dataset\05_S1GFloods\A\image_4159.png,c:\Users\HP\OneDrive\Desktop\Flood_AI_Dataset\05_S1GFloods\B\image_4159.png,c:\Users\HP\OneDrive\Desktop\Flood_AI_Dataset\05_S1GFloods\Label\image_4159.png,85.9787,2
image_369.png,c:\Users\HP\OneDrive\Desktop\Flood_AI_Dataset\05_S1GFloods\A\image_369.png,c:\Users\HP\OneDrive\Desktop\Flood_AI_Dataset\05_S1GFloods\B\image_369.png,c:\Users\HP\OneDrive\Desktop\Flood_AI_Dataset\05_S1GFloods\Label\image_369.png,49.0875,2
image_3543.png,c:\Users\HP\OneDrive\Desktop\Flood_AI_Dataset\05_S1GFloods\A\image_3543.png,c:\Users\HP\OneDrive\Desktop\Flood_AI_Dataset\05_S1GFloods\B\image_3543.png,c:\Users\HP\OneDrive\Desktop\Flood_AI_Dataset\05_S1GFloods\Label\image_3543.png,9.3155,1
image_4962.png,c:\Users\HP\OneDrive\Desktop\Flood_AI_Dataset\05_S1GFloods\A\image_4962.png,c:\Users\HP\OneDrive\Desktop\Flood_AI_Dataset\05_S1GFloods\B\image_4962.png,c:\Users\HP\OneDrive\Desktop\Flood_AI_Dataset\05_S1GFloods\Label\image_4962.png,23.3551,2
image_4095.png,c:\Users\HP\OneDrive\Desktop\Flood_AI_Dataset\05_S1GFloods\A\image_4095.png,c:\Users\HP\OneDrive\Desktop\Flood_AI_Dataset\05_S1GFloods\B\image_4095.png,c:\Users\HP\OneDrive\Desktop\Flood_AI_Dataset\05_S1GFloods\Label\image_4095.png,5.4352,1
image_2831.png,c:\Users\HP\OneDrive\Desktop\Flood_AI_Dataset\05_S1GFloods\A\image_2831.png,c:\Users\HP\OneDrive\Desktop\Flood_AI_Dataset\05_S1GFloods\B\image_2831.png,c:\Users\HP\OneDrive\Desktop\Flood_AI_Dataset\05_S1GFloods\Label\image_2831.png,24.0723,2
image_4472.png,c:\Users\HP\OneDrive\Desktop\Flood_AI_Dataset\05_S1GFloods\A\image_4472.png,c:\Users\HP\OneDrive\Desktop\Flood_AI_Dataset\05_S1GFloods\B\image_4472.png,c:\Users\HP\OneDrive\Desktop\Flood_AI_Dataset\05_S1GFloods\Label\image_4472.png,20.1218,2
image_2445.png,c:\Users\HP\OneDrive\Desktop\Flood_AI_Dataset\05_S1GFloods\A\image_2445.png,c:\Users\HP\OneDrive\Desktop\Flood_AI_Dataset\05_S1GFloods\B\image_2445.png,c:\Users\HP\OneDrive\Desktop\Flood_AI_Dataset\05_S1GFloods\Label\image_2445.png,7.6294,1
image_1601.png,c:\Users\HP\OneDrive\Desktop\Flood_AI_Dataset\05_S1GFloods\A\image_1601.png,c:\Users\HP\OneDrive\Desktop\Flood_AI_Dataset\05_S1GFloods\B\image_1601.png,c:\Users\HP\OneDrive\Desktop\Flood_AI_Dataset\05_S1GFloods\Label\image_1601.png,63.0081,2
image_359.png,c:\Users\HP\OneDrive\Desktop\Flood_AI_Dataset\05_S1GFloods\A\image_359.png,c:\Users\HP\OneDrive\Desktop\Flood_AI_Dataset\05_S1GFloods\B\image_359.png,c:\Users\HP\OneDrive\Desktop\Flood_AI_Dataset\05_S1GFloods\Label\image_359.png,13.7955,2
image_3398.png,c:\Users\HP\OneDrive\Desktop\Flood_AI_Dataset\05_S1GFloods\A\image_3398.png,c:\Users\HP\OneDrive\Desktop\Flood_AI_Dataset\05_S1GFloods\B\image_3398.png,c:\Users\HP\OneDrive\Desktop\Flood_AI_Dataset\05_S1GFloods\Label\image_3398.png,11.731,2
image_3714.png,c:\Users\HP\OneDrive\Desktop\Flood_AI_Dataset\05_S1GFloods\A\image_3714.png,c:\Users\HP\OneDrive\Desktop\Flood_AI_Dataset\05_S1GFloods\B\image_3714.png,c:\Users\HP\OneDrive\Desktop\Flood_AI_Dataset\05_S1GFloods\Label\image_3714.png,82.5577,2
image_4784.png,c:\Users\HP\OneDrive\Desktop\Flood_AI_Dataset\05_S1GFloods\A\image_4784.png,c:\Users\HP\OneDrive\Desktop\Flood_AI_Dataset\05_S1GFloods\B\image_4784.png,c:\Users\HP\OneDrive\Desktop\Flood_AI_Dataset\05_S1GFloods\Label\image_4784.png,94.8074,2
image_1678.png,c:\Users\HP\OneDrive\Desktop\Flood_AI_Dataset\05_S1GFloods\A\image_1678.png,c:\Users\HP\OneDrive\Desktop\Flood_AI_Dataset\05_S1GFloods\B\image_1678.png,c:\Users\HP\OneDrive\Desktop\Flood_AI_Dataset\05_S1GFloods\Label\image_1678.png,46.9574,2
image_1500.png,c:\Users\HP\OneDrive\Desktop\Flood_AI_Dataset\05_S1GFloods\A\image_1500.png,c:\Users\HP\OneDrive\Desktop\Flood_AI_Dataset\05_S1GFloods\B\image_1500.png,c:\Users\HP\OneDrive\Desktop\Flood_AI_Dataset\05_S1GFloods\Label\image_1500.png,8.9615,1
image_1469.png,c:\Users\HP\OneDrive\Desktop\Flood_AI_Dataset\05_S1GFloods\A\image_1469.png,c:\Users\HP\OneDrive\Desktop\Flood_AI_Dataset\05_S1GFloods\B\image_1469.png,c:\Users\HP\OneDrive\Desktop\Flood_AI_Dataset\05_S1GFloods\Label\image_1469.png,42.8711,2
image_5062.png,c:\Users\HP\OneDrive\Desktop\Flood_AI_Dataset\05_S1GFloods\A\image_5062.png,c:\Users\HP\OneDrive\Desktop\Flood_AI_Dataset\05_S1GFloods\B\image_5062.png,c:\Users\HP\OneDrive\Desktop\Flood_AI_Dataset\05_S1GFloods\Label\image_5062.png,10.4614,2
image_1073.png,c:\Users\HP\OneDrive\Desktop\Flood_AI_Dataset\05_S1GFloods\A\image_1073.png,c:\Users\HP\OneDrive\Desktop\Flood_AI_Dataset\05_S1GFloods\B\image_1073.png,c:\Users\HP\OneDrive\Desktop\Flood_AI_Dataset\05_S1GFloods\Label\image_1073.png,43.6157,2
image_2827.png,c:\Users\HP\OneDrive\Desktop\Flood_AI_Dataset\05_S1GFloods\A\image_2827.png,c:\Users\HP\OneDrive\Desktop\Flood_AI_Dataset\05_S1GFloods\B\image_2827.png,c:\Users\HP\OneDrive\Desktop\Flood_AI_Dataset\05_S1GFloods\Label\image_2827.png,13.0356,2
image_57.png,c:\Users\HP\OneDrive\Desktop\Flood_AI_Dataset\05_S1GFloods\A\image_57.png,c:\Users\HP\OneDrive\Desktop\Flood_AI_Dataset\05_S1GFloods\B\image_57.png,c:\Users\HP\OneDrive\Desktop\Flood_AI_Dataset\05_S1GFloods\Label\image_57.png,6.8069,1
image_3545.png,c:\Users\HP\OneDrive\Desktop\Flood_AI_Dataset\05_S1GFloods\A\image_3545.png,c:\Users\HP\OneDrive\Desktop\Flood_AI_Dataset\05_S1GFloods\B\image_3545.png,c:\Users\HP\OneDrive\Desktop\Flood_AI_Dataset\05_S1GFloods\Label\image_3545.png,13.0417,2
image_4085.png,c:\Users\HP\OneDrive\Desktop\Flood_AI_Dataset\05_S1GFloods\A\image_4085.png,c:\Users\HP\OneDrive\Desktop\Flood_AI_Dataset\05_S1GFloods\B\image_4085.png,c:\Users\HP\OneDrive\Desktop\Flood_AI_Dataset\05_S1GFloods\Label\image_4085.png,10.2676,2
image_2172.png,c:\Users\HP\OneDrive\Desktop\Flood_AI_Dataset\05_S1GFloods\A\image_2172.png,c:\Users\HP\OneDrive\Desktop\Flood_AI_Dataset\05_S1GFloods\B\image_2172.png,c:\Users\HP\OneDrive\Desktop\Flood_AI_Dataset\05_S1GFloods\Label\image_2172.png,15.8203,2
image_102.png,c:\Users\HP\OneDrive\Desktop\Flood_AI_Dataset\05_S1GFloods\A\image_102.png,c:\Users\HP\OneDrive\Desktop\Flood_AI_Dataset\05_S1GFloods\B\image_102.png,c:\Users\HP\OneDrive\Desktop\Flood_AI_Dataset\05_S1GFloods\Label\image_102.png,19.2566,2
image_4861.png,c:\Users\HP\OneDrive\Desktop\Flood_AI_Dataset\05_S1GFloods\A\image_4861.png,c:\Users\HP\OneDrive\Desktop\Flood_AI_Dataset\05_S1GFloods\B\image_4861.png,c:\Users\HP\OneDrive\Desktop\Flood_AI_Dataset\05_S1GFloods\Label\image_4861.png,43.0878,2
image_3375.png,c:\Users\HP\OneDrive\Desktop\Flood_AI_Dataset\05_S1GFloods\A\image_3375.png,c:\Users\HP\OneDrive\Desktop\Flood_AI_Dataset\05_S1GFloods\B\image_3375.png,c:\Users\HP\OneDrive\Desktop\Flood_AI_Dataset\05_S1GFloods\Label\image_3375.png,48.4268,2
image_2644.png,c:\Users\HP\OneDrive\Desktop\Flood_AI_Dataset\05_S1GFloods\A\image_2644.png,c:\Users\HP\OneDrive\Desktop\Flood_AI_Dataset\05_S1GFloods\B\image_2644.png,c:\Users\HP\OneDrive\Desktop\Flood_AI_Dataset\05_S1GFloods\Label\image_2644.png,71.3791,2
image_1263.png,c:\Users\HP\OneDrive\Desktop\Flood_AI_Dataset\05_S1GFloods\A\image_1263.png,c:\Users\HP\OneDrive\Desktop\Flood_AI_Dataset\05_S1GFloods\B\image_1263.png,c:\Users\HP\OneDrive\Desktop\Flood_AI_Dataset\05_S1GFloods\Label\image_1263.png,54.0283,2
image_3795.png,c:\Users\HP\OneDrive\Desktop\Flood_AI_Dataset\05_S1GFloods\A\image_3795.png,c:\Users\HP\OneDrive\Desktop\Flood_AI_Dataset\05_S1GFloods\B\image_3795.png,c:\Users\HP\OneDrive\Desktop\Flood_AI_Dataset\05_S1GFloods\Label\image_3795.png,76.7166,2
image_1897.png,c:\Users\HP\OneDrive\Desktop\Flood_AI_Dataset\05_S1GFloods\A\image_1897.png,c:\Users\HP\OneDrive\Desktop\Flood_AI_Dataset\05_S1GFloods\B\image_1897.png,c:\Users\HP\OneDrive\Desktop\Flood_AI_Dataset\05_S1GFloods\Label\image_1897.png,7.4631,1
image_2533.png,c:\Users\HP\OneDrive\Desktop\Flood_AI_Dataset\05_S1GFloods\A\image_2533.png,c:\Users\HP\OneDrive\Desktop\Flood_AI_Dataset\05_S1GFloods\B\image_2533.png,c:\Users\HP\OneDrive\Desktop\Flood_AI_Dataset\05_S1GFloods\Label\image_2533.png,13.6093,2
image_3151.png,c:\Users\HP\OneDrive\Desktop\Flood_AI_Dataset\05_S1GFloods\A\image_3151.png,c:\Users\HP\OneDrive\Desktop\Flood_AI_Dataset\05_S1GFloods\B\image_3151.png,c:\Users\HP\OneDrive\Desktop\Flood_AI_Dataset\05_S1GFloods\Label\image_3151.png,14.6561,2
image_13.png,c:\Users\HP\OneDrive\Desktop\Flood_AI_Dataset\05_S1GFloods\A\image_13.png,c:\Users\HP\OneDrive\Desktop\Flood_AI_Dataset\05_S1GFloods\B\image_13.png,c:\Users\HP\OneDrive\Desktop\Flood_AI_Dataset\05_S1GFloods\Label\image_13.png,70.0394,2
image_4270.png,c:\Users\HP\OneDrive\Desktop\Flood_AI_Dataset\05_S1GFloods\A\image_4270.png,c:\Users\HP\OneDrive\Desktop\Flood_AI_Dataset\05_S1GFloods\B\image_4270.png,c:\Users\HP\OneDrive\Desktop\Flood_AI_Dataset\05_S1GFloods\Label\image_4270.png,86.116,2
image_510.png,c:\Users\HP\OneDrive\Desktop\Flood_AI_Dataset\05_S1GFloods\A\image_510.png,c:\Users\HP\OneDrive\Desktop\Flood_AI_Dataset\05_S1GFloods\B\image_510.png,c:\Users\HP\OneDrive\Desktop\Flood_AI_Dataset\05_S1GFloods\Label\image_510.png,38.2019,2
image_2187.png,c:\Users\HP\OneDrive\Desktop\Flood_AI_Dataset\05_S1GFloods\A\image_2187.png,c:\Users\HP\OneDrive\Desktop\Flood_AI_Dataset\05_S1GFloods\B\image_2187.png,c:\Users\HP\OneDrive\Desktop\Flood_AI_Dataset\05_S1GFloods\Label\image_2187.png,35.7727,2
image_1841.png,c:\Users\HP\OneDrive\Desktop\Flood_AI_Dataset\05_S1GFloods\A\image_1841.png,c:\Users\HP\OneDrive\Desktop\Flood_AI_Dataset\05_S1GFloods\B\image_1841.png,c:\Users\HP\OneDrive\Desktop\Flood_AI_Dataset\05_S1GFloods\Label\image_1841.png,5.1346,1
image_4144.png,c:\Users\HP\OneDrive\Desktop\Flood_AI_Dataset\05_S1GFloods\A\image_4144.png,c:\Users\HP\OneDrive\Desktop\Flood_AI_Dataset\05_S1GFloods\B\image_4144.png,c:\Users\HP\OneDrive\Desktop\Flood_AI_Dataset\05_S1GFloods\Label\image_4144.png,9.7046,1
image_3581.png,c:\Users\HP\OneDrive\Desktop\Flood_AI_Dataset\05_S1GFloods\A\image_3581.png,c:\Users\HP\OneDrive\Desktop\Flood_AI_Dataset\05_S1GFloods\B\image_3581.png,c:\Users\HP\OneDrive\Desktop\Flood_AI_Dataset\05_S1GFloods\Label\image_3581.png,11.8484,2
image_4309.png,c:\Users\HP\OneDrive\Desktop\Flood_AI_Dataset\05_S1GFloods\A\image_4309.png,c:\Users\HP\OneDrive\Desktop\Flood_AI_Dataset\05_S1GFloods\B\image_4309.png,c:\Users\HP\OneDrive\Desktop\Flood_AI_Dataset\05_S1GFloods\Label\image_4309.png,14.8361,2
image_1993.png,c:\Users\HP\OneDrive\Desktop\Flood_AI_Dataset\05_S1GFloods\A\image_1993.png,c:\Users\HP\OneDrive\Desktop\Flood_AI_Dataset\05_S1GFloods\B\image_1993.png,c:\Users\HP\OneDrive\Desktop\Flood_AI_Dataset\05_S1GFloods\Label\image_1993.png,14.9536,2
image_2834.png,c:\Users\HP\OneDrive\Desktop\Flood_AI_Dataset\05_S1GFloods\A\image_2834.png,c:\Users\HP\OneDrive\Desktop\Flood_AI_Dataset\05_S1GFloods\B\image_2834.png,c:\Users\HP\OneDrive\Desktop\Flood_AI_Dataset\05_S1GFloods\Label\image_2834.png,14.2044,2
image_2126.png,c:\Users\HP\OneDrive\Desktop\Flood_AI_Dataset\05_S1GFloods\A\image_2126.png,c:\Users\HP\OneDrive\Desktop\Flood_AI_Dataset\05_S1GFloods\B\image_2126.png,c:\Users\HP\OneDrive\Desktop\Flood_AI_Dataset\05_S1GFloods\Label\image_2126.png,5.0537,1
image_4815.png,c:\Users\HP\OneDrive\Desktop\Flood_AI_Dataset\05_S1GFloods\A\image_4815.png,c:\Users\HP\OneDrive\Desktop\Flood_AI_Dataset\05_S1GFloods\B\image_4815.png,c:\Users\HP\OneDrive\Desktop\Flood_AI_Dataset\05_S1GFloods\Label\image_4815.png,25.8545,2
image_1071.png,c:\Users\HP\OneDrive\Desktop\Flood_AI_Dataset\05_S1GFloods\A\image_1071.png,c:\Users\HP\OneDrive\Desktop\Flood_AI_Dataset\05_S1GFloods\B\image_1071.png,c:\Users\HP\OneDrive\Desktop\Flood_AI_Dataset\05_S1GFloods\Label\image_1071.png,51.0742,2
image_188.png,c:\Users\HP\OneDrive\Desktop\Flood_AI_Dataset\05_S1GFloods\A\image_188.png,c:\Users\HP\OneDrive\Desktop\Flood_AI_Dataset\05_S1GFloods\B\image_188.png,c:\Users\HP\OneDrive\Desktop\Flood_AI_Dataset\05_S1GFloods\Label\image_188.png,16.1072,2
image_4572.png,c:\Users\HP\OneDrive\Desktop\Flood_AI_Dataset\05_S1GFloods\A\image_4572.png,c:\Users\HP\OneDrive\Desktop\Flood_AI_Dataset\05_S1GFloods\B\image_4572.png,c:\Users\HP\OneDrive\Desktop\Flood_AI_Dataset\05_S1GFloods\Label\image_4572.png,17.4622,2
image_2907.png,c:\Users\HP\OneDrive\Desktop\Flood_AI_Dataset\05_S1GFloods\A\image_2907.png,c:\Users\HP\OneDrive\Desktop\Flood_AI_Dataset\05_S1GFloods\B\image_2907.png,c:\Users\HP\OneDrive\Desktop\Flood_AI_Dataset\05_S1GFloods\Label\image_2907.png,5.1605,1
image_2413.png,c:\Users\HP\OneDrive\Desktop\Flood_AI_Dataset\05_S1GFloods\A\image_2413.png,c:\Users\HP\OneDrive\Desktop\Flood_AI_Dataset\05_S1GFloods\B\image_2413.png,c:\Users\HP\OneDrive\Desktop\Flood_AI_Dataset\05_S1GFloods\Label\image_2413.png,12.3703,2
image_868.png,c:\Users\HP\OneDrive\Desktop\Flood_AI_Dataset\05_S1GFloods\A\image_868.png,c:\Users\HP\OneDrive\Desktop\Flood_AI_Dataset\05_S1GFloods\B\image_868.png,c:\Users\HP\OneDrive\Desktop\Flood_AI_Dataset\05_S1GFloods\Label\image_868.png,12.6007,2
image_4196.png,c:\Users\HP\OneDrive\Desktop\Flood_AI_Dataset\05_S1GFloods\A\image_4196.png,c:\Users\HP\OneDrive\Desktop\Flood_AI_Dataset\05_S1GFloods\B\image_4196.png,c:\Users\HP\OneDrive\Desktop\Flood_AI_Dataset\05_S1GFloods\Label\image_4196.png,73.4863,2
image_602.png,c:\Users\HP\OneDrive\Desktop\Flood_AI_Dataset\05_S1GFloods\A\image_602.png,c:\Users\HP\OneDrive\Desktop\Flood_AI_Dataset\05_S1GFloods\B\image_602.png,c:\Users\HP\OneDrive\Desktop\Flood_AI_Dataset\05_S1GFloods\Label\image_602.png,71.7209,2
image_4825.png,c:\Users\HP\OneDrive\Desktop\Flood_AI_Dataset\05_S1GFloods\A\image_4825.png,c:\Users\HP\OneDrive\Desktop\Flood_AI_Dataset\05_S1GFloods\B\image_4825.png,c:\Users\HP\OneDrive\Desktop\Flood_AI_Dataset\05_S1GFloods\Label\image_4825.png,7.402,1
image_4147.png,c:\Users\HP\OneDrive\Desktop\Flood_AI_Dataset\05_S1GFloods\A\image_4147.png,c:\Users\HP\OneDrive\Desktop\Flood_AI_Dataset\05_S1GFloods\B\image_4147.png,c:\Users\HP\OneDrive\Desktop\Flood_AI_Dataset\05_S1GFloods\Label\image_4147.png,13.4979,2
image_2883.png,c:\Users\HP\OneDrive\Desktop\Flood_AI_Dataset\05_S1GFloods\A\image_2883.png,c:\Users\HP\OneDrive\Desktop\Flood_AI_Dataset\05_S1GFloods\B\image_2883.png,c:\Users\HP\OneDrive\Desktop\Flood_AI_Dataset\05_S1GFloods\Label\image_2883.png,23.8968,2
image_750.png,c:\Users\HP\OneDrive\Desktop\Flood_AI_Dataset\05_S1GFloods\A\image_750.png,c:\Users\HP\OneDrive\Desktop\Flood_AI_Dataset\05_S1GFloods\B\image_750.png,c:\Users\HP\OneDrive\Desktop\Flood_AI_Dataset\05_S1GFloods\Label\image_750.png,14.0976,2
image_264.png,c:\Users\HP\OneDrive\Desktop\Flood_AI_Dataset\05_S1GFloods\A\image_264.png,c:\Users\HP\OneDrive\Desktop\Flood_AI_Dataset\05_S1GFloods\B\image_264.png,c:\Users\HP\OneDrive\Desktop\Flood_AI_Dataset\05_S1GFloods\Label\image_264.png,47.7203,2
image_3570.png,c:\Users\HP\OneDrive\Desktop\Flood_AI_Dataset\05_S1GFloods\A\image_3570.png,c:\Users\HP\OneDrive\Desktop\Flood_AI_Dataset\05_S1GFloods\B\image_3570.png,c:\Users\HP\OneDrive\Desktop\Flood_AI_Dataset\05_S1GFloods\Label\image_3570.png,98.7442,2
image_2325.png,c:\Users\HP\OneDrive\Desktop\Flood_AI_Dataset\05_S1GFloods\A\image_2325.png,c:\Users\HP\OneDrive\Desktop\Flood_AI_Dataset\05_S1GFloods\B\image_2325.png,c:\Users\HP\OneDrive\Desktop\Flood_AI_Dataset\05_S1GFloods\Label\image_2325.png,16.3803,2
image_2948.png,c:\Users\HP\OneDrive\Desktop\Flood_AI_Dataset\05_S1GFloods\A\image_2948.png,c:\Users\HP\OneDrive\Desktop\Flood_AI_Dataset\05_S1GFloods\B\image_2948.png,c:\Users\HP\OneDrive\Desktop\Flood_AI_Dataset\05_S1GFloods\Label\image_2948.png,47.0642,2
image_2320.png,c:\Users\HP\OneDrive\Desktop\Flood_AI_Dataset\05_S1GFloods\A\image_2320.png,c:\Users\HP\OneDrive\Desktop\Flood_AI_Dataset\05_S1GFloods\B\image_2320.png,c:\Users\HP\OneDrive\Desktop\Flood_AI_Dataset\05_S1GFloods\Label\image_2320.png,11.6013,2
image_4778.png,c:\Users\HP\OneDrive\Desktop\Flood_AI_Dataset\05_S1GFloods\A\image_4778.png,c:\Users\HP\OneDrive\Desktop\Flood_AI_Dataset\05_S1GFloods\B\image_4778.png,c:\Users\HP\OneDrive\Desktop\Flood_AI_Dataset\05_S1GFloods\Label\image_4778.png,9.7763,1
image_3629.png,c:\Users\HP\OneDrive\Desktop\Flood_AI_Dataset\05_S1GFloods\A\image_3629.png,c:\Users\HP\OneDrive\Desktop\Flood_AI_Dataset\05_S1GFloods\B\image_3629.png,c:\Users\HP\OneDrive\Desktop\Flood_AI_Dataset\05_S1GFloods\Label\image_3629.png,10.3638,2
image_3679.png,c:\Users\HP\OneDrive\Desktop\Flood_AI_Dataset\05_S1GFloods\A\image_3679.png,c:\Users\HP\OneDrive\Desktop\Flood_AI_Dataset\05_S1GFloods\B\image_3679.png,c:\Users\HP\OneDrive\Desktop\Flood_AI_Dataset\05_S1GFloods\Label\image_3679.png,52.0401,2
image_2153.png,c:\Users\HP\OneDrive\Desktop\Flood_AI_Dataset\05_S1GFloods\A\image_2153.png,c:\Users\HP\OneDrive\Desktop\Flood_AI_Dataset\05_S1GFloods\B\image_2153.png,c:\Users\HP\OneDrive\Desktop\Flood_AI_Dataset\05_S1GFloods\Label\image_2153.png,11.3922,2
image_2390.png,c:\Users\HP\OneDrive\Desktop\Flood_AI_Dataset\05_S1GFloods\A\image_2390.png,c:\Users\HP\OneDrive\Desktop\Flood_AI_Dataset\05_S1GFloods\B\image_2390.png,c:\Users\HP\OneDrive\Desktop\Flood_AI_Dataset\05_S1GFloods\Label\image_2390.png,25.4227,2
image_2047.png,c:\Users\HP\OneDrive\Desktop\Flood_AI_Dataset\05_S1GFloods\A\image_2047.png,c:\Users\HP\OneDrive\Desktop\Flood_AI_Dataset\05_S1GFloods\B\image_2047.png,c:\Users\HP\OneDrive\Desktop\Flood_AI_Dataset\05_S1GFloods\Label\image_2047.png,35.4248,2
image_3402.png,c:\Users\HP\OneDrive\Desktop\Flood_AI_Dataset\05_S1GFloods\A\image_3402.png,c:\Users\HP\OneDrive\Desktop\Flood_AI_Dataset\05_S1GFloods\B\image_3402.png,c:\Users\HP\OneDrive\Desktop\Flood_AI_Dataset\05_S1GFloods\Label\image_3402.png,6.2378,1
image_41.png,c:\Users\HP\OneDrive\Desktop\Flood_AI_Dataset\05_S1GFloods\A\image_41.png,c:\Users\HP\OneDrive\Desktop\Flood_AI_Dataset\05_S1GFloods\B\image_41.png,c:\Users\HP\OneDrive\Desktop\Flood_AI_Dataset\05_S1GFloods\Label\image_41.png,20.8252,2
image_1440.png,c:\Users\HP\OneDrive\Desktop\Flood_AI_Dataset\05_S1GFloods\A\image_1440.png,c:\Users\HP\OneDrive\Desktop\Flood_AI_Dataset\05_S1GFloods\B\image_1440.png,c:\Users\HP\OneDrive\Desktop\Flood_AI_Dataset\05_S1GFloods\Label\image_1440.png,27.2064,2
image_1804.png,c:\Users\HP\OneDrive\Desktop\Flood_AI_Dataset\05_S1GFloods\A\image_1804.png,c:\Users\HP\OneDrive\Desktop\Flood_AI_Dataset\05_S1GFloods\B\image_1804.png,c:\Users\HP\OneDrive\Desktop\Flood_AI_Dataset\05_S1GFloods\Label\image_1804.png,6.3324,1
image_2327.png,c:\Users\HP\OneDrive\Desktop\Flood_AI_Dataset\05_S1GFloods\A\image_2327.png,c:\Users\HP\OneDrive\Desktop\Flood_AI_Dataset\05_S1GFloods\B\image_2327.png,c:\Users\HP\OneDrive\Desktop\Flood_AI_Dataset\05_S1GFloods\Label\image_2327.png,37.5427,2
image_871.png,c:\Users\HP\OneDrive\Desktop\Flood_AI_Dataset\05_S1GFloods\A\image_871.png,c:\Users\HP\OneDrive\Desktop\Flood_AI_Dataset\05_S1GFloods\B\image_871.png,c:\Users\HP\OneDrive\Desktop\Flood_AI_Dataset\05_S1GFloods\Label\image_871.png,85.8566,2
image_4987.png,c:\Users\HP\OneDrive\Desktop\Flood_AI_Dataset\05_S1GFloods\A\image_4987.png,c:\Users\HP\OneDrive\Desktop\Flood_AI_Dataset\05_S1GFloods\B\image_4987.png,c:\Users\HP\OneDrive\Desktop\Flood_AI_Dataset\05_S1GFloods\Label\image_4987.png,15.4053,2
image_1447.png,c:\Users\HP\OneDrive\Desktop\Flood_AI_Dataset\05_S1GFloods\A\image_1447.png,c:\Users\HP\OneDrive\Desktop\Flood_AI_Dataset\05_S1GFloods\B\image_1447.png,c:\Users\HP\OneDrive\Desktop\Flood_AI_Dataset\05_S1GFloods\Label\image_1447.png,51.7563,2
image_4694.png,c:\Users\HP\OneDrive\Desktop\Flood_AI_Dataset\05_S1GFloods\A\image_4694.png,c:\Users\HP\OneDrive\Desktop\Flood_AI_Dataset\05_S1GFloods\B\image_4694.png,c:\Users\HP\OneDrive\Desktop\Flood_AI_Dataset\05_S1GFloods\Label\image_4694.png,22.0871,2
image_635.png,c:\Users\HP\OneDrive\Desktop\Flood_AI_Dataset\05_S1GFloods\A\image_635.png,c:\Users\HP\OneDrive\Desktop\Flood_AI_Dataset\05_S1GFloods\B\image_635.png,c:\Users\HP\OneDrive\Desktop\Flood_AI_Dataset\05_S1GFloods\Label\image_635.png,66.5787,2
image_367.png,c:\Users\HP\OneDrive\Desktop\Flood_AI_Dataset\05_S1GFloods\A\image_367.png,c:\Users\HP\OneDrive\Desktop\Flood_AI_Dataset\05_S1GFloods\B\image_367.png,c:\Users\HP\OneDrive\Desktop\Flood_AI_Dataset\05_S1GFloods\Label\image_367.png,36.4243,2
image_4918.png,c:\Users\HP\OneDrive\Desktop\Flood_AI_Dataset\05_S1GFloods\A\image_4918.png,c:\Users\HP\OneDrive\Desktop\Flood_AI_Dataset\05_S1GFloods\B\image_4918.png,c:\Users\HP\OneDrive\Desktop\Flood_AI_Dataset\05_S1GFloods\Label\image_4918.png,21.196,2
image_1058.png,c:\Users\HP\OneDrive\Desktop\Flood_AI_Dataset\05_S1GFloods\A\image_1058.png,c:\Users\HP\OneDrive\Desktop\Flood_AI_Dataset\05_S1GFloods\B\image_1058.png,c:\Users\HP\OneDrive\Desktop\Flood_AI_Dataset\05_S1GFloods\Label\image_1058.png,12.4954,2
image_2269.png,c:\Users\HP\OneDrive\Desktop\Flood_AI_Dataset\05_S1GFloods\A\image_2269.png,c:\Users\HP\OneDrive\Desktop\Flood_AI_Dataset\05_S1GFloods\B\image_2269.png,c:\Users\HP\OneDrive\Desktop\Flood_AI_Dataset\05_S1GFloods\Label\image_2269.png,7.5623,1
image_1172.png,c:\Users\HP\OneDrive\Desktop\Flood_AI_Dataset\05_S1GFloods\A\image_1172.png,c:\Users\HP\OneDrive\Desktop\Flood_AI_Dataset\05_S1GFloods\B\image_1172.png,c:\Users\HP\OneDrive\Desktop\Flood_AI_Dataset\05_S1GFloods\Label\image_1172.png,82.8827,2
image_3928.png,c:\Users\HP\OneDrive\Desktop\Flood_AI_Dataset\05_S1GFloods\A\image_3928.png,c:\Users\HP\OneDrive\Desktop\Flood_AI_Dataset\05_S1GFloods\B\image_3928.png,c:\Users\HP\OneDrive\Desktop\Flood_AI_Dataset\05_S1GFloods\Label\image_3928.png,61.4441,2
image_3619.png,c:\Users\HP\OneDrive\Desktop\Flood_AI_Dataset\05_S1GFloods\A\image_3619.png,c:\Users\HP\OneDrive\Desktop\Flood_AI_Dataset\05_S1GFloods\B\image_3619.png,c:\Users\HP\OneDrive\Desktop\Flood_AI_Dataset\05_S1GFloods\Label\image_3619.png,14.061,2
image_2569.png,c:\Users\HP\OneDrive\Desktop\Flood_AI_Dataset\05_S1GFloods\A\image_2569.png,c:\Users\HP\OneDrive\Desktop\Flood_AI_Dataset\05_S1GFloods\B\image_2569.png,c:\Users\HP\OneDrive\Desktop\Flood_AI_Dataset\05_S1GFloods\Label\image_2569.png,7.2479,1
image_75.png,c:\Users\HP\OneDrive\Desktop\Flood_AI_Dataset\05_S1GFloods\A\image_75.png,c:\Users\HP\OneDrive\Desktop\Flood_AI_Dataset\05_S1GFloods\B\image_75.png,c:\Users\HP\OneDrive\Desktop\Flood_AI_Dataset\05_S1GFloods\Label\image_75.png,10.6873,2
image_3432.png,c:\Users\HP\OneDrive\Desktop\Flood_AI_Dataset\05_S1GFloods\A\image_3432.png,c:\Users\HP\OneDrive\Desktop\Flood_AI_Dataset\05_S1GFloods\B\image_3432.png,c:\Users\HP\OneDrive\Desktop\Flood_AI_Dataset\05_S1GFloods\Label\image_3432.png,14.978,2
image_1131.png,c:\Users\HP\OneDrive\Desktop\Flood_AI_Dataset\05_S1GFloods\A\image_1131.png,c:\Users\HP\OneDrive\Desktop\Flood_AI_Dataset\05_S1GFloods\B\image_1131.png,c:\Users\HP\OneDrive\Desktop\Flood_AI_Dataset\05_S1GFloods\Label\image_1131.png,89.061,2
image_4230.png,c:\Users\HP\OneDrive\Desktop\Flood_AI_Dataset\05_S1GFloods\A\image_4230.png,c:\Users\HP\OneDrive\Desktop\Flood_AI_Dataset\05_S1GFloods\B\image_4230.png,c:\Users\HP\OneDrive\Desktop\Flood_AI_Dataset\05_S1GFloods\Label\image_4230.png,13.8611,2
image_3175.png,c:\Users\HP\OneDrive\Desktop\Flood_AI_Dataset\05_S1GFloods\A\image_3175.png,c:\Users\HP\OneDrive\Desktop\Flood_AI_Dataset\05_S1GFloods\B\image_3175.png,c:\Users\HP\OneDrive\Desktop\Flood_AI_Dataset\05_S1GFloods\Label\image_3175.png,5.2628,1
image_3003.png,c:\Users\HP\OneDrive\Desktop\Flood_AI_Dataset\05_S1GFloods\A\image_3003.png,c:\Users\HP\OneDrive\Desktop\Flood_AI_Dataset\05_S1GFloods\B\image_3003.png,c:\Users\HP\OneDrive\Desktop\Flood_AI_Dataset\05_S1GFloods\Label\image_3003.png,38.1332,2
image_2577.png,c:\Users\HP\OneDrive\Desktop\Flood_AI_Dataset\05_S1GFloods\A\image_2577.png,c:\Users\HP\OneDrive\Desktop\Flood_AI_Dataset\05_S1GFloods\B\image_2577.png,c:\Users\HP\OneDrive\Desktop\Flood_AI_Dataset\05_S1GFloods\Label\image_2577.png,77.9602,2
image_2802.png,c:\Users\HP\OneDrive\Desktop\Flood_AI_Dataset\05_S1GFloods\A\image_2802.png,c:\Users\HP\OneDrive\Desktop\Flood_AI_Dataset\05_S1GFloods\B\image_2802.png,c:\Users\HP\OneDrive\Desktop\Flood_AI_Dataset\05_S1GFloods\Label\image_2802.png,25.1572,2
image_2123.png,c:\Users\HP\OneDrive\Desktop\Flood_AI_Dataset\05_S1GFloods\A\image_2123.png,c:\Users\HP\OneDrive\Desktop\Flood_AI_Dataset\05_S1GFloods\B\image_2123.png,c:\Users\HP\OneDrive\Desktop\Flood_AI_Dataset\05_S1GFloods\Label\image_2123.png,8.8104,1
image_30.png,c:\Users\HP\OneDrive\Desktop\Flood_AI_Dataset\05_S1GFloods\A\image_30.png,c:\Users\HP\OneDrive\Desktop\Flood_AI_Dataset\05_S1GFloods\B\image_30.png,c:\Users\HP\OneDrive\Desktop\Flood_AI_Dataset\05_S1GFloods\Label\image_30.png,84.4116,2
image_2161.png,c:\Users\HP\OneDrive\Desktop\Flood_AI_Dataset\05_S1GFloods\A\image_2161.png,c:\Users\HP\OneDrive\Desktop\Flood_AI_Dataset\05_S1GFloods\B\image_2161.png,c:\Users\HP\OneDrive\Desktop\Flood_AI_Dataset\05_S1GFloods\Label\image_2161.png,7.3135,1
image_138.png,c:\Users\HP\OneDrive\Desktop\Flood_AI_Dataset\05_S1GFloods\A\image_138.png,c:\Users\HP\OneDrive\Desktop\Flood_AI_Dataset\05_S1GFloods\B\image_138.png,c:\Users\HP\OneDrive\Desktop\Flood_AI_Dataset\05_S1GFloods\Label\image_138.png,18.8904,2
image_2933.png,c:\Users\HP\OneDrive\Desktop\Flood_AI_Dataset\05_S1GFloods\A\image_2933.png,c:\Users\HP\OneDrive\Desktop\Flood_AI_Dataset\05_S1GFloods\B\image_2933.png,c:\Users\HP\OneDrive\Desktop\Flood_AI_Dataset\05_S1GFloods\Label\image_2933.png,10.0906,2
image_4236.png,c:\Users\HP\OneDrive\Desktop\Flood_AI_Dataset\05_S1GFloods\A\image_4236.png,c:\Users\HP\OneDrive\Desktop\Flood_AI_Dataset\05_S1GFloods\B\image_4236.png,c:\Users\HP\OneDrive\Desktop\Flood_AI_Dataset\05_S1GFloods\Label\image_4236.png,18.7561,2
image_1549.png,c:\Users\HP\OneDrive\Desktop\Flood_AI_Dataset\05_S1GFloods\A\image_1549.png,c:\Users\HP\OneDrive\Desktop\Flood_AI_Dataset\05_S1GFloods\B\image_1549.png,c:\Users\HP\OneDrive\Desktop\Flood_AI_Dataset\05_S1GFloods\Label\image_1549.png,6.2347,1
image_4594.png,c:\Users\HP\OneDrive\Desktop\Flood_AI_Dataset\05_S1GFloods\A\image_4594.png,c:\Users\HP\OneDrive\Desktop\Flood_AI_Dataset\05_S1GFloods\B\image_4594.png,c:\Users\HP\OneDrive\Desktop\Flood_AI_Dataset\05_S1GFloods\Label\image_4594.png,6.9519,1
image_1245.png,c:\Users\HP\OneDrive\Desktop\Flood_AI_Dataset\05_S1GFloods\A\image_1245.png,c:\Users\HP\OneDrive\Desktop\Flood_AI_Dataset\05_S1GFloods\B\image_1245.png,c:\Users\HP\OneDrive\Desktop\Flood_AI_Dataset\05_S1GFloods\Label\image_1245.png,25.7996,2
image_68.png,c:\Users\HP\OneDrive\Desktop\Flood_AI_Dataset\05_S1GFloods\A\image_68.png,c:\Users\HP\OneDrive\Desktop\Flood_AI_Dataset\05_S1GFloods\B\image_68.png,c:\Users\HP\OneDrive\Desktop\Flood_AI_Dataset\05_S1GFloods\Label\image_68.png,13.7634,2
image_4700.png,c:\Users\HP\OneDrive\Desktop\Flood_AI_Dataset\05_S1GFloods\A\image_4700.png,c:\Users\HP\OneDrive\Desktop\Flood_AI_Dataset\05_S1GFloods\B\image_4700.png,c:\Users\HP\OneDrive\Desktop\Flood_AI_Dataset\05_S1GFloods\Label\image_4700.png,12.0529,2
image_954.png,c:\Users\HP\OneDrive\Desktop\Flood_AI_Dataset\05_S1GFloods\A\image_954.png,c:\Users\HP\OneDrive\Desktop\Flood_AI_Dataset\05_S1GFloods\B\image_954.png,c:\Users\HP\OneDrive\Desktop\Flood_AI_Dataset\05_S1GFloods\Label\image_954.png,89.296,2
image_913.png,c:\Users\HP\OneDrive\Desktop\Flood_AI_Dataset\05_S1GFloods\A\image_913.png,c:\Users\HP\OneDrive\Desktop\Flood_AI_Dataset\05_S1GFloods\B\image_913.png,c:\Users\HP\OneDrive\Desktop\Flood_AI_Dataset\05_S1GFloods\Label\image_913.png,80.0369,2
image_1504.png,c:\Users\HP\OneDrive\Desktop\Flood_AI_Dataset\05_S1GFloods\A\image_1504.png,c:\Users\HP\OneDrive\Desktop\Flood_AI_Dataset\05_S1GFloods\B\image_1504.png,c:\Users\HP\OneDrive\Desktop\Flood_AI_Dataset\05_S1GFloods\Label\image_1504.png,28.9062,2
image_4291.png,c:\Users\HP\OneDrive\Desktop\Flood_AI_Dataset\05_S1GFloods\A\image_4291.png,c:\Users\HP\OneDrive\Desktop\Flood_AI_Dataset\05_S1GFloods\B\image_4291.png,c:\Users\HP\OneDrive\Desktop\Flood_AI_Dataset\05_S1GFloods\Label\image_4291.png,11.8652,2
image_1695.png,c:\Users\HP\OneDrive\Desktop\Flood_AI_Dataset\05_S1GFloods\A\image_1695.png,c:\Users\HP\OneDrive\Desktop\Flood_AI_Dataset\05_S1GFloods\B\image_1695.png,c:\Users\HP\OneDrive\Desktop\Flood_AI_Dataset\05_S1GFloods\Label\image_1695.png,33.3359,2
image_4424.png,c:\Users\HP\OneDrive\Desktop\Flood_AI_Dataset\05_S1GFloods\A\image_4424.png,c:\Users\HP\OneDrive\Desktop\Flood_AI_Dataset\05_S1GFloods\B\image_4424.png,c:\Users\HP\OneDrive\Desktop\Flood_AI_Dataset\05_S1GFloods\Label\image_4424.png,37.8418,2
image_1460.png,c:\Users\HP\OneDrive\Desktop\Flood_AI_Dataset\05_S1GFloods\A\image_1460.png,c:\Users\HP\OneDrive\Desktop\Flood_AI_Dataset\05_S1GFloods\B\image_1460.png,c:\Users\HP\OneDrive\Desktop\Flood_AI_Dataset\05_S1GFloods\Label\image_1460.png,25.386,2
image_1694.png,c:\Users\HP\OneDrive\Desktop\Flood_AI_Dataset\05_S1GFloods\A\image_1694.png,c:\Users\HP\OneDrive\Desktop\Flood_AI_Dataset\05_S1GFloods\B\image_1694.png,c:\Users\HP\OneDrive\Desktop\Flood_AI_Dataset\05_S1GFloods\Label\image_1694.png,6.9748,1
image_2270.png,c:\Users\HP\OneDrive\Desktop\Flood_AI_Dataset\05_S1GFloods\A\image_2270.png,c:\Users\HP\OneDrive\Desktop\Flood_AI_Dataset\05_S1GFloods\B\image_2270.png,c:\Users\HP\OneDrive\Desktop\Flood_AI_Dataset\05_S1GFloods\Label\image_2270.png,14.5187,2
image_4121.png,c:\Users\HP\OneDrive\Desktop\Flood_AI_Dataset\05_S1GFloods\A\image_4121.png,c:\Users\HP\OneDrive\Desktop\Flood_AI_Dataset\05_S1GFloods\B\image_4121.png,c:\Users\HP\OneDrive\Desktop\Flood_AI_Dataset\05_S1GFloods\Label\image_4121.png,25.2182,2
image_1177.png,c:\Users\HP\OneDrive\Desktop\Flood_AI_Dataset\05_S1GFloods\A\image_1177.png,c:\Users\HP\OneDrive\Desktop\Flood_AI_Dataset\05_S1GFloods\B\image_1177.png,c:\Users\HP\OneDrive\Desktop\Flood_AI_Dataset\05_S1GFloods\Label\image_1177.png,5.8182,1
image_3188.png,c:\Users\HP\OneDrive\Desktop\Flood_AI_Dataset\05_S1GFloods\A\image_3188.png,c:\Users\HP\OneDrive\Desktop\Flood_AI_Dataset\05_S1GFloods\B\image_3188.png,c:\Users\HP\OneDrive\Desktop\Flood_AI_Dataset\05_S1GFloods\Label\image_3188.png,30.2597,2
image_5331.png,c:\Users\HP\OneDrive\Desktop\Flood_AI_Dataset\05_S1GFloods\A\image_5331.png,c:\Users\HP\OneDrive\Desktop\Flood_AI_Dataset\05_S1GFloods\B\image_5331.png,c:\Users\HP\OneDrive\Desktop\Flood_AI_Dataset\05_S1GFloods\Label\image_5331.png,16.6367,2
image_58.png,c:\Users\HP\OneDrive\Desktop\Flood_AI_Dataset\05_S1GFloods\A\image_58.png,c:\Users\HP\OneDrive\Desktop\Flood_AI_Dataset\05_S1GFloods\B\image_58.png,c:\Users\HP\OneDrive\Desktop\Flood_AI_Dataset\05_S1GFloods\Label\image_58.png,83.2703,2
image_124.png,c:\Users\HP\OneDrive\Desktop\Flood_AI_Dataset\05_S1GFloods\A\image_124.png,c:\Users\HP\OneDrive\Desktop\Flood_AI_Dataset\05_S1GFloods\B\image_124.png,c:\Users\HP\OneDrive\Desktop\Flood_AI_Dataset\05_S1GFloods\Label\image_124.png,94.9066,2
image_1961.png,c:\Users\HP\OneDrive\Desktop\Flood_AI_Dataset\05_S1GFloods\A\image_1961.png,c:\Users\HP\OneDrive\Desktop\Flood_AI_Dataset\05_S1GFloods\B\image_1961.png,c:\Users\HP\OneDrive\Desktop\Flood_AI_Dataset\05_S1GFloods\Label\image_1961.png,15.0803,2
image_3785.png,c:\Users\HP\OneDrive\Desktop\Flood_AI_Dataset\05_S1GFloods\A\image_3785.png,c:\Users\HP\OneDrive\Desktop\Flood_AI_Dataset\05_S1GFloods\B\image_3785.png,c:\Users\HP\OneDrive\Desktop\Flood_AI_Dataset\05_S1GFloods\Label\image_3785.png,14.8987,2
image_2410.png,c:\Users\HP\OneDrive\Desktop\Flood_AI_Dataset\05_S1GFloods\A\image_2410.png,c:\Users\HP\OneDrive\Desktop\Flood_AI_Dataset\05_S1GFloods\B\image_2410.png,c:\Users\HP\OneDrive\Desktop\Flood_AI_Dataset\05_S1GFloods\Label\image_2410.png,23.8312,2
image_2629.png,c:\Users\HP\OneDrive\Desktop\Flood_AI_Dataset\05_S1GFloods\A\image_2629.png,c:\Users\HP\OneDrive\Desktop\Flood_AI_Dataset\05_S1GFloods\B\image_2629.png,c:\Users\HP\OneDrive\Desktop\Flood_AI_Dataset\05_S1GFloods\Label\image_2629.png,45.7672,2
image_4920.png,c:\Users\HP\OneDrive\Desktop\Flood_AI_Dataset\05_S1GFloods\A\image_4920.png,c:\Users\HP\OneDrive\Desktop\Flood_AI_Dataset\05_S1GFloods\B\image_4920.png,c:\Users\HP\OneDrive\Desktop\Flood_AI_Dataset\05_S1GFloods\Label\image_4920.png,8.0948,1
image_5288.png,c:\Users\HP\OneDrive\Desktop\Flood_AI_Dataset\05_S1GFloods\A\image_5288.png,c:\Users\HP\OneDrive\Desktop\Flood_AI_Dataset\05_S1GFloods\B\image_5288.png,c:\Users\HP\OneDrive\Desktop\Flood_AI_Dataset\05_S1GFloods\Label\image_5288.png,16.9388,2
image_2801.png,c:\Users\HP\OneDrive\Desktop\Flood_AI_Dataset\05_S1GFloods\A\image_2801.png,c:\Users\HP\OneDrive\Desktop\Flood_AI_Dataset\05_S1GFloods\B\image_2801.png,c:\Users\HP\OneDrive\Desktop\Flood_AI_Dataset\05_S1GFloods\Label\image_2801.png,11.2946,2
image_2220.png,c:\Users\HP\OneDrive\Desktop\Flood_AI_Dataset\05_S1GFloods\A\image_2220.png,c:\Users\HP\OneDrive\Desktop\Flood_AI_Dataset\05_S1GFloods\B\image_2220.png,c:\Users\HP\OneDrive\Desktop\Flood_AI_Dataset\05_S1GFloods\Label\image_2220.png,8.3618,1
image_4689.png,c:\Users\HP\OneDrive\Desktop\Flood_AI_Dataset\05_S1GFloods\A\image_4689.png,c:\Users\HP\OneDrive\Desktop\Flood_AI_Dataset\05_S1GFloods\B\image_4689.png,c:\Users\HP\OneDrive\Desktop\Flood_AI_Dataset\05_S1GFloods\Label\image_4689.png,24.6338,2
image_4593.png,c:\Users\HP\OneDrive\Desktop\Flood_AI_Dataset\05_S1GFloods\A\image_4593.png,c:\Users\HP\OneDrive\Desktop\Flood_AI_Dataset\05_S1GFloods\B\image_4593.png,c:\Users\HP\OneDrive\Desktop\Flood_AI_Dataset\05_S1GFloods\Label\image_4593.png,23.3414,2
image_3973.png,c:\Users\HP\OneDrive\Desktop\Flood_AI_Dataset\05_S1GFloods\A\image_3973.png,c:\Users\HP\OneDrive\Desktop\Flood_AI_Dataset\05_S1GFloods\B\image_3973.png,c:\Users\HP\OneDrive\Desktop\Flood_AI_Dataset\05_S1GFloods\Label\image_3973.png,58.0322,2
image_5064.png,c:\Users\HP\OneDrive\Desktop\Flood_AI_Dataset\05_S1GFloods\A\image_5064.png,c:\Users\HP\OneDrive\Desktop\Flood_AI_Dataset\05_S1GFloods\B\image_5064.png,c:\Users\HP\OneDrive\Desktop\Flood_AI_Dataset\05_S1GFloods\Label\image_5064.png,47.4213,2
image_2787.png,c:\Users\HP\OneDrive\Desktop\Flood_AI_Dataset\05_S1GFloods\A\image_2787.png,c:\Users\HP\OneDrive\Desktop\Flood_AI_Dataset\05_S1GFloods\B\image_2787.png,c:\Users\HP\OneDrive\Desktop\Flood_AI_Dataset\05_S1GFloods\Label\image_2787.png,9.3765,1
image_3908.png,c:\Users\HP\OneDrive\Desktop\Flood_AI_Dataset\05_S1GFloods\A\image_3908.png,c:\Users\HP\OneDrive\Desktop\Flood_AI_Dataset\05_S1GFloods\B\image_3908.png,c:\Users\HP\OneDrive\Desktop\Flood_AI_Dataset\05_S1GFloods\Label\image_3908.png,10.4385,2
image_4073.png,c:\Users\HP\OneDrive\Desktop\Flood_AI_Dataset\05_S1GFloods\A\image_4073.png,c:\Users\HP\OneDrive\Desktop\Flood_AI_Dataset\05_S1GFloods\B\image_4073.png,c:\Users\HP\OneDrive\Desktop\Flood_AI_Dataset\05_S1GFloods\Label\image_4073.png,9.581,1
image_1586.png,c:\Users\HP\OneDrive\Desktop\Flood_AI_Dataset\05_S1GFloods\A\image_1586.png,c:\Users\HP\OneDrive\Desktop\Flood_AI_Dataset\05_S1GFloods\B\image_1586.png,c:\Users\HP\OneDrive\Desktop\Flood_AI_Dataset\05_S1GFloods\Label\image_1586.png,12.117,2
image_1057.png,c:\Users\HP\OneDrive\Desktop\Flood_AI_Dataset\05_S1GFloods\A\image_1057.png,c:\Users\HP\OneDrive\Desktop\Flood_AI_Dataset\05_S1GFloods\B\image_1057.png,c:\Users\HP\OneDrive\Desktop\Flood_AI_Dataset\05_S1GFloods\Label\image_1057.png,18.8446,2
image_3433.png,c:\Users\HP\OneDrive\Desktop\Flood_AI_Dataset\05_S1GFloods\A\image_3433.png,c:\Users\HP\OneDrive\Desktop\Flood_AI_Dataset\05_S1GFloods\B\image_3433.png,c:\Users\HP\OneDrive\Desktop\Flood_AI_Dataset\05_S1GFloods\Label\image_3433.png,21.6476,2
image_4628.png,c:\Users\HP\OneDrive\Desktop\Flood_AI_Dataset\05_S1GFloods\A\image_4628.png,c:\Users\HP\OneDrive\Desktop\Flood_AI_Dataset\05_S1GFloods\B\image_4628.png,c:\Users\HP\OneDrive\Desktop\Flood_AI_Dataset\05_S1GFloods\Label\image_4628.png,5.9311,1
image_1615.png,c:\Users\HP\OneDrive\Desktop\Flood_AI_Dataset\05_S1GFloods\A\image_1615.png,c:\Users\HP\OneDrive\Desktop\Flood_AI_Dataset\05_S1GFloods\B\image_1615.png,c:\Users\HP\OneDrive\Desktop\Flood_AI_Dataset\05_S1GFloods\Label\image_1615.png,66.7755,2
image_2184.png,c:\Users\HP\OneDrive\Desktop\Flood_AI_Dataset\05_S1GFloods\A\image_2184.png,c:\Users\HP\OneDrive\Desktop\Flood_AI_Dataset\05_S1GFloods\B\image_2184.png,c:\Users\HP\OneDrive\Desktop\Flood_AI_Dataset\05_S1GFloods\Label\image_2184.png,32.2906,2
image_4543.png,c:\Users\HP\OneDrive\Desktop\Flood_AI_Dataset\05_S1GFloods\A\image_4543.png,c:\Users\HP\OneDrive\Desktop\Flood_AI_Dataset\05_S1GFloods\B\image_4543.png,c:\Users\HP\OneDrive\Desktop\Flood_AI_Dataset\05_S1GFloods\Label\image_4543.png,12.9776,2
image_834.png,c:\Users\HP\OneDrive\Desktop\Flood_AI_Dataset\05_S1GFloods\A\image_834.png,c:\Users\HP\OneDrive\Desktop\Flood_AI_Dataset\05_S1GFloods\B\image_834.png,c:\Users\HP\OneDrive\Desktop\Flood_AI_Dataset\05_S1GFloods\Label\image_834.png,11.7599,2
image_3979.png,c:\Users\HP\OneDrive\Desktop\Flood_AI_Dataset\05_S1GFloods\A\image_3979.png,c:\Users\HP\OneDrive\Desktop\Flood_AI_Dataset\05_S1GFloods\B\image_3979.png,c:\Users\HP\OneDrive\Desktop\Flood_AI_Dataset\05_S1GFloods\Label\image_3979.png,17.0197,2
image_3262.png,c:\Users\HP\OneDrive\Desktop\Flood_AI_Dataset\05_S1GFloods\A\image_3262.png,c:\Users\HP\OneDrive\Desktop\Flood_AI_Dataset\05_S1GFloods\B\image_3262.png,c:\Users\HP\OneDrive\Desktop\Flood_AI_Dataset\05_S1GFloods\Label\image_3262.png,11.441,2
image_1875.png,c:\Users\HP\OneDrive\Desktop\Flood_AI_Dataset\05_S1GFloods\A\image_1875.png,c:\Users\HP\OneDrive\Desktop\Flood_AI_Dataset\05_S1GFloods\B\image_1875.png,c:\Users\HP\OneDrive\Desktop\Flood_AI_Dataset\05_S1GFloods\Label\image_1875.png,6.7703,1
image_2994.png,c:\Users\HP\OneDrive\Desktop\Flood_AI_Dataset\05_S1GFloods\A\image_2994.png,c:\Users\HP\OneDrive\Desktop\Flood_AI_Dataset\05_S1GFloods\B\image_2994.png,c:\Users\HP\OneDrive\Desktop\Flood_AI_Dataset\05_S1GFloods\Label\image_2994.png,17.4408,2
image_1237.png,c:\Users\HP\OneDrive\Desktop\Flood_AI_Dataset\05_S1GFloods\A\image_1237.png,c:\Users\HP\OneDrive\Desktop\Flood_AI_Dataset\05_S1GFloods\B\image_1237.png,c:\Users\HP\OneDrive\Desktop\Flood_AI_Dataset\05_S1GFloods\Label\image_1237.png,5.5054,1
image_874.png,c:\Users\HP\OneDrive\Desktop\Flood_AI_Dataset\05_S1GFloods\A\image_874.png,c:\Users\HP\OneDrive\Desktop\Flood_AI_Dataset\05_S1GFloods\B\image_874.png,c:\Users\HP\OneDrive\Desktop\Flood_AI_Dataset\05_S1GFloods\Label\image_874.png,82.5867,2
image_431.png,c:\Users\HP\OneDrive\Desktop\Flood_AI_Dataset\05_S1GFloods\A\image_431.png,c:\Users\HP\OneDrive\Desktop\Flood_AI_Dataset\05_S1GFloods\B\image_431.png,c:\Users\HP\OneDrive\Desktop\Flood_AI_Dataset\05_S1GFloods\Label\image_431.png,81.2881,2
image_5243.png,c:\Users\HP\OneDrive\Desktop\Flood_AI_Dataset\05_S1GFloods\A\image_5243.png,c:\Users\HP\OneDrive\Desktop\Flood_AI_Dataset\05_S1GFloods\B\image_5243.png,c:\Users\HP\OneDrive\Desktop\Flood_AI_Dataset\05_S1GFloods\Label\image_5243.png,17.1341,2
image_3477.png,c:\Users\HP\OneDrive\Desktop\Flood_AI_Dataset\05_S1GFloods\A\image_3477.png,c:\Users\HP\OneDrive\Desktop\Flood_AI_Dataset\05_S1GFloods\B\image_3477.png,c:\Users\HP\OneDrive\Desktop\Flood_AI_Dataset\05_S1GFloods\Label\image_3477.png,8.7814,1
image_5354.png,c:\Users\HP\OneDrive\Desktop\Flood_AI_Dataset\05_S1GFloods\A\image_5354.png,c:\Users\HP\OneDrive\Desktop\Flood_AI_Dataset\05_S1GFloods\B\image_5354.png,c:\Users\HP\OneDrive\Desktop\Flood_AI_Dataset\05_S1GFloods\Label\image_5354.png,12.3978,2
image_4633.png,c:\Users\HP\OneDrive\Desktop\Flood_AI_Dataset\05_S1GFloods\A\image_4633.png,c:\Users\HP\OneDrive\Desktop\Flood_AI_Dataset\05_S1GFloods\B\image_4633.png,c:\Users\HP\OneDrive\Desktop\Flood_AI_Dataset\05_S1GFloods\Label\image_4633.png,68.4723,2
image_1599.png,c:\Users\HP\OneDrive\Desktop\Flood_AI_Dataset\05_S1GFloods\A\image_1599.png,c:\Users\HP\OneDrive\Desktop\Flood_AI_Dataset\05_S1GFloods\B\image_1599.png,c:\Users\HP\OneDrive\Desktop\Flood_AI_Dataset\05_S1GFloods\Label\image_1599.png,70.3568,2
image_1672.png,c:\Users\HP\OneDrive\Desktop\Flood_AI_Dataset\05_S1GFloods\A\image_1672.png,c:\Users\HP\OneDrive\Desktop\Flood_AI_Dataset\05_S1GFloods\B\image_1672.png,c:\Users\HP\OneDrive\Desktop\Flood_AI_Dataset\05_S1GFloods\Label\image_1672.png,18.1366,2
image_3254.png,c:\Users\HP\OneDrive\Desktop\Flood_AI_Dataset\05_S1GFloods\A\image_3254.png,c:\Users\HP\OneDrive\Desktop\Flood_AI_Dataset\05_S1GFloods\B\image_3254.png,c:\Users\HP\OneDrive\Desktop\Flood_AI_Dataset\05_S1GFloods\Label\image_3254.png,7.2998,1
image_938.png,c:\Users\HP\OneDrive\Desktop\Flood_AI_Dataset\05_S1GFloods\A\image_938.png,c:\Users\HP\OneDrive\Desktop\Flood_AI_Dataset\05_S1GFloods\B\image_938.png,c:\Users\HP\OneDrive\Desktop\Flood_AI_Dataset\05_S1GFloods\Label\image_938.png,13.0341,2
image_2771.png,c:\Users\HP\OneDrive\Desktop\Flood_AI_Dataset\05_S1GFloods\A\image_2771.png,c:\Users\HP\OneDrive\Desktop\Flood_AI_Dataset\05_S1GFloods\B\image_2771.png,c:\Users\HP\OneDrive\Desktop\Flood_AI_Dataset\05_S1GFloods\Label\image_2771.png,57.4341,2
image_2809.png,c:\Users\HP\OneDrive\Desktop\Flood_AI_Dataset\05_S1GFloods\A\image_2809.png,c:\Users\HP\OneDrive\Desktop\Flood_AI_Dataset\05_S1GFloods\B\image_2809.png,c:\Users\HP\OneDrive\Desktop\Flood_AI_Dataset\05_S1GFloods\Label\image_2809.png,70.4712,2
image_3286.png,c:\Users\HP\OneDrive\Desktop\Flood_AI_Dataset\05_S1GFloods\A\image_3286.png,c:\Users\HP\OneDrive\Desktop\Flood_AI_Dataset\05_S1GFloods\B\image_3286.png,c:\Users\HP\OneDrive\Desktop\Flood_AI_Dataset\05_S1GFloods\Label\image_3286.png,24.556,2
image_3560.png,c:\Users\HP\OneDrive\Desktop\Flood_AI_Dataset\05_S1GFloods\A\image_3560.png,c:\Users\HP\OneDrive\Desktop\Flood_AI_Dataset\05_S1GFloods\B\image_3560.png,c:\Users\HP\OneDrive\Desktop\Flood_AI_Dataset\05_S1GFloods\Label\image_3560.png,9.1599,1
image_940.png,c:\Users\HP\OneDrive\Desktop\Flood_AI_Dataset\05_S1GFloods\A\image_940.png,c:\Users\HP\OneDrive\Desktop\Flood_AI_Dataset\05_S1GFloods\B\image_940.png,c:\Users\HP\OneDrive\Desktop\Flood_AI_Dataset\05_S1GFloods\Label\image_940.png,62.2696,2
image_2250.png,c:\Users\HP\OneDrive\Desktop\Flood_AI_Dataset\05_S1GFloods\A\image_2250.png,c:\Users\HP\OneDrive\Desktop\Flood_AI_Dataset\05_S1GFloods\B\image_2250.png,c:\Users\HP\OneDrive\Desktop\Flood_AI_Dataset\05_S1GFloods\Label\image_2250.png,27.2812,2
image_1480.png,c:\Users\HP\OneDrive\Desktop\Flood_AI_Dataset\05_S1GFloods\A\image_1480.png,c:\Users\HP\OneDrive\Desktop\Flood_AI_Dataset\05_S1GFloods\B\image_1480.png,c:\Users\HP\OneDrive\Desktop\Flood_AI_Dataset\05_S1GFloods\Label\image_1480.png,34.5596,2
image_4105.png,c:\Users\HP\OneDrive\Desktop\Flood_AI_Dataset\05_S1GFloods\A\image_4105.png,c:\Users\HP\OneDrive\Desktop\Flood_AI_Dataset\05_S1GFloods\B\image_4105.png,c:\Users\HP\OneDrive\Desktop\Flood_AI_Dataset\05_S1GFloods\Label\image_4105.png,20.6223,2
image_647.png,c:\Users\HP\OneDrive\Desktop\Flood_AI_Dataset\05_S1GFloods\A\image_647.png,c:\Users\HP\OneDrive\Desktop\Flood_AI_Dataset\05_S1GFloods\B\image_647.png,c:\Users\HP\OneDrive\Desktop\Flood_AI_Dataset\05_S1GFloods\Label\image_647.png,77.3209,2
image_4549.png,c:\Users\HP\OneDrive\Desktop\Flood_AI_Dataset\05_S1GFloods\A\image_4549.png,c:\Users\HP\OneDrive\Desktop\Flood_AI_Dataset\05_S1GFloods\B\image_4549.png,c:\Users\HP\OneDrive\Desktop\Flood_AI_Dataset\05_S1GFloods\Label\image_4549.png,5.9647,1
image_611.png,c:\Users\HP\OneDrive\Desktop\Flood_AI_Dataset\05_S1GFloods\A\image_611.png,c:\Users\HP\OneDrive\Desktop\Flood_AI_Dataset\05_S1GFloods\B\image_611.png,c:\Users\HP\OneDrive\Desktop\Flood_AI_Dataset\05_S1GFloods\Label\image_611.png,99.8398,2
image_4312.png,c:\Users\HP\OneDrive\Desktop\Flood_AI_Dataset\05_S1GFloods\A\image_4312.png,c:\Users\HP\OneDrive\Desktop\Flood_AI_Dataset\05_S1GFloods\B\image_4312.png,c:\Users\HP\OneDrive\Desktop\Flood_AI_Dataset\05_S1GFloods\Label\image_4312.png,15.7211,2
image_1093.png,c:\Users\HP\OneDrive\Desktop\Flood_AI_Dataset\05_S1GFloods\A\image_1093.png,c:\Users\HP\OneDrive\Desktop\Flood_AI_Dataset\05_S1GFloods\B\image_1093.png,c:\Users\HP\OneDrive\Desktop\Flood_AI_Dataset\05_S1GFloods\Label\image_1093.png,44.4382,2
image_1059.png,c:\Users\HP\OneDrive\Desktop\Flood_AI_Dataset\05_S1GFloods\A\image_1059.png,c:\Users\HP\OneDrive\Desktop\Flood_AI_Dataset\05_S1GFloods\B\image_1059.png,c:\Users\HP\OneDrive\Desktop\Flood_AI_Dataset\05_S1GFloods\Label\image_1059.png,28.2074,2
image_3683.png,c:\Users\HP\OneDrive\Desktop\Flood_AI_Dataset\05_S1GFloods\A\image_3683.png,c:\Users\HP\OneDrive\Desktop\Flood_AI_Dataset\05_S1GFloods\B\image_3683.png,c:\Users\HP\OneDrive\Desktop\Flood_AI_Dataset\05_S1GFloods\Label\image_3683.png,8.3206,1
image_5206.png,c:\Users\HP\OneDrive\Desktop\Flood_AI_Dataset\05_S1GFloods\A\image_5206.png,c:\Users\HP\OneDrive\Desktop\Flood_AI_Dataset\05_S1GFloods\B\image_5206.png,c:\Users\HP\OneDrive\Desktop\Flood_AI_Dataset\05_S1GFloods\Label\image_5206.png,12.0865,2
image_332.png,c:\Users\HP\OneDrive\Desktop\Flood_AI_Dataset\05_S1GFloods\A\image_332.png,c:\Users\HP\OneDrive\Desktop\Flood_AI_Dataset\05_S1GFloods\B\image_332.png,c:\Users\HP\OneDrive\Desktop\Flood_AI_Dataset\05_S1GFloods\Label\image_332.png,31.813,2
image_2984.png,c:\Users\HP\OneDrive\Desktop\Flood_AI_Dataset\05_S1GFloods\A\image_2984.png,c:\Users\HP\OneDrive\Desktop\Flood_AI_Dataset\05_S1GFloods\B\image_2984.png,c:\Users\HP\OneDrive\Desktop\Flood_AI_Dataset\05_S1GFloods\Label\image_2984.png,79.5517,2
image_4766.png,c:\Users\HP\OneDrive\Desktop\Flood_AI_Dataset\05_S1GFloods\A\image_4766.png,c:\Users\HP\OneDrive\Desktop\Flood_AI_Dataset\05_S1GFloods\B\image_4766.png,c:\Users\HP\OneDrive\Desktop\Flood_AI_Dataset\05_S1GFloods\Label\image_4766.png,43.3807,2
image_5233.png,c:\Users\HP\OneDrive\Desktop\Flood_AI_Dataset\05_S1GFloods\A\image_5233.png,c:\Users\HP\OneDrive\Desktop\Flood_AI_Dataset\05_S1GFloods\B\image_5233.png,c:\Users\HP\OneDrive\Desktop\Flood_AI_Dataset\05_S1GFloods\Label\image_5233.png,26.8204,2
image_3031.png,c:\Users\HP\OneDrive\Desktop\Flood_AI_Dataset\05_S1GFloods\A\image_3031.png,c:\Users\HP\OneDrive\Desktop\Flood_AI_Dataset\05_S1GFloods\B\image_3031.png,c:\Users\HP\OneDrive\Desktop\Flood_AI_Dataset\05_S1GFloods\Label\image_3031.png,30.9143,2
image_2524.png,c:\Users\HP\OneDrive\Desktop\Flood_AI_Dataset\05_S1GFloods\A\image_2524.png,c:\Users\HP\OneDrive\Desktop\Flood_AI_Dataset\05_S1GFloods\B\image_2524.png,c:\Users\HP\OneDrive\Desktop\Flood_AI_Dataset\05_S1GFloods\Label\image_2524.png,6.6528,1
image_2083.png,c:\Users\HP\OneDrive\Desktop\Flood_AI_Dataset\05_S1GFloods\A\image_2083.png,c:\Users\HP\OneDrive\Desktop\Flood_AI_Dataset\05_S1GFloods\B\image_2083.png,c:\Users\HP\OneDrive\Desktop\Flood_AI_Dataset\05_S1GFloods\Label\image_2083.png,5.3467,1
image_1428.png,c:\Users\HP\OneDrive\Desktop\Flood_AI_Dataset\05_S1GFloods\A\image_1428.png,c:\Users\HP\OneDrive\Desktop\Flood_AI_Dataset\05_S1GFloods\B\image_1428.png,c:\Users\HP\OneDrive\Desktop\Flood_AI_Dataset\05_S1GFloods\Label\image_1428.png,19.7342,2
image_1801.png,c:\Users\HP\OneDrive\Desktop\Flood_AI_Dataset\05_S1GFloods\A\image_1801.png,c:\Users\HP\OneDrive\Desktop\Flood_AI_Dataset\05_S1GFloods\B\image_1801.png,c:\Users\HP\OneDrive\Desktop\Flood_AI_Dataset\05_S1GFloods\Label\image_1801.png,8.046,1
image_1643.png,c:\Users\HP\OneDrive\Desktop\Flood_AI_Dataset\05_S1GFloods\A\image_1643.png,c:\Users\HP\OneDrive\Desktop\Flood_AI_Dataset\05_S1GFloods\B\image_1643.png,c:\Users\HP\OneDrive\Desktop\Flood_AI_Dataset\05_S1GFloods\Label\image_1643.png,10.997,2
image_4116.png,c:\Users\HP\OneDrive\Desktop\Flood_AI_Dataset\05_S1GFloods\A\image_4116.png,c:\Users\HP\OneDrive\Desktop\Flood_AI_Dataset\05_S1GFloods\B\image_4116.png,c:\Users\HP\OneDrive\Desktop\Flood_AI_Dataset\05_S1GFloods\Label\image_4116.png,15.8569,2
image_3271.png,c:\Users\HP\OneDrive\Desktop\Flood_AI_Dataset\05_S1GFloods\A\image_3271.png,c:\Users\HP\OneDrive\Desktop\Flood_AI_Dataset\05_S1GFloods\B\image_3271.png,c:\Users\HP\OneDrive\Desktop\Flood_AI_Dataset\05_S1GFloods\Label\image_3271.png,17.2455,2
image_1703.png,c:\Users\HP\OneDrive\Desktop\Flood_AI_Dataset\05_S1GFloods\A\image_1703.png,c:\Users\HP\OneDrive\Desktop\Flood_AI_Dataset\05_S1GFloods\B\image_1703.png,c:\Users\HP\OneDrive\Desktop\Flood_AI_Dataset\05_S1GFloods\Label\image_1703.png,15.3259,2
image_1434.png,c:\Users\HP\OneDrive\Desktop\Flood_AI_Dataset\05_S1GFloods\A\image_1434.png,c:\Users\HP\OneDrive\Desktop\Flood_AI_Dataset\05_S1GFloods\B\image_1434.png,c:\Users\HP\OneDrive\Desktop\Flood_AI_Dataset\05_S1GFloods\Label\image_1434.png,42.9001,2
image_375.png,c:\Users\HP\OneDrive\Desktop\Flood_AI_Dataset\05_S1GFloods\A\image_375.png,c:\Users\HP\OneDrive\Desktop\Flood_AI_Dataset\05_S1GFloods\B\image_375.png,c:\Users\HP\OneDrive\Desktop\Flood_AI_Dataset\05_S1GFloods\Label\image_375.png,97.8378,2
image_1579.png,c:\Users\HP\OneDrive\Desktop\Flood_AI_Dataset\05_S1GFloods\A\image_1579.png,c:\Users\HP\OneDrive\Desktop\Flood_AI_Dataset\05_S1GFloods\B\image_1579.png,c:\Users\HP\OneDrive\Desktop\Flood_AI_Dataset\05_S1GFloods\Label\image_1579.png,64.8621,2
image_2025.png,c:\Users\HP\OneDrive\Desktop\Flood_AI_Dataset\05_S1GFloods\A\image_2025.png,c:\Users\HP\OneDrive\Desktop\Flood_AI_Dataset\05_S1GFloods\B\image_2025.png,c:\Users\HP\OneDrive\Desktop\Flood_AI_Dataset\05_S1GFloods\Label\image_2025.png,18.396,2
image_1238.png,c:\Users\HP\OneDrive\Desktop\Flood_AI_Dataset\05_S1GFloods\A\image_1238.png,c:\Users\HP\OneDrive\Desktop\Flood_AI_Dataset\05_S1GFloods\B\image_1238.png,c:\Users\HP\OneDrive\Desktop\Flood_AI_Dataset\05_S1GFloods\Label\image_1238.png,5.8426,1
image_3521.png,c:\Users\HP\OneDrive\Desktop\Flood_AI_Dataset\05_S1GFloods\A\image_3521.png,c:\Users\HP\OneDrive\Desktop\Flood_AI_Dataset\05_S1GFloods\B\image_3521.png,c:\Users\HP\OneDrive\Desktop\Flood_AI_Dataset\05_S1GFloods\Label\image_3521.png,49.1577,2
image_4864.png,c:\Users\HP\OneDrive\Desktop\Flood_AI_Dataset\05_S1GFloods\A\image_4864.png,c:\Users\HP\OneDrive\Desktop\Flood_AI_Dataset\05_S1GFloods\B\image_4864.png,c:\Users\HP\OneDrive\Desktop\Flood_AI_Dataset\05_S1GFloods\Label\image_4864.png,27.5726,2
image_4257.png,c:\Users\HP\OneDrive\Desktop\Flood_AI_Dataset\05_S1GFloods\A\image_4257.png,c:\Users\HP\OneDrive\Desktop\Flood_AI_Dataset\05_S1GFloods\B\image_4257.png,c:\Users\HP\OneDrive\Desktop\Flood_AI_Dataset\05_S1GFloods\Label\image_4257.png,34.9136,2
image_202.png,c:\Users\HP\OneDrive\Desktop\Flood_AI_Dataset\05_S1GFloods\A\image_202.png,c:\Users\HP\OneDrive\Desktop\Flood_AI_Dataset\05_S1GFloods\B\image_202.png,c:\Users\HP\OneDrive\Desktop\Flood_AI_Dataset\05_S1GFloods\Label\image_202.png,55.9158,2
image_2100.png,c:\Users\HP\OneDrive\Desktop\Flood_AI_Dataset\05_S1GFloods\A\image_2100.png,c:\Users\HP\OneDrive\Desktop\Flood_AI_Dataset\05_S1GFloods\B\image_2100.png,c:\Users\HP\OneDrive\Desktop\Flood_AI_Dataset\05_S1GFloods\Label\image_2100.png,29.8096,2
image_5292.png,c:\Users\HP\OneDrive\Desktop\Flood_AI_Dataset\05_S1GFloods\A\image_5292.png,c:\Users\HP\OneDrive\Desktop\Flood_AI_Dataset\05_S1GFloods\B\image_5292.png,c:\Users\HP\OneDrive\Desktop\Flood_AI_Dataset\05_S1GFloods\Label\image_5292.png,9.1507,1
image_4082.png,c:\Users\HP\OneDrive\Desktop\Flood_AI_Dataset\05_S1GFloods\A\image_4082.png,c:\Users\HP\OneDrive\Desktop\Flood_AI_Dataset\05_S1GFloods\B\image_4082.png,c:\Users\HP\OneDrive\Desktop\Flood_AI_Dataset\05_S1GFloods\Label\image_4082.png,13.0676,2
image_3800.png,c:\Users\HP\OneDrive\Desktop\Flood_AI_Dataset\05_S1GFloods\A\image_3800.png,c:\Users\HP\OneDrive\Desktop\Flood_AI_Dataset\05_S1GFloods\B\image_3800.png,c:\Users\HP\OneDrive\Desktop\Flood_AI_Dataset\05_S1GFloods\Label\image_3800.png,30.8563,2
image_545.png,c:\Users\HP\OneDrive\Desktop\Flood_AI_Dataset\05_S1GFloods\A\image_545.png,c:\Users\HP\OneDrive\Desktop\Flood_AI_Dataset\05_S1GFloods\B\image_545.png,c:\Users\HP\OneDrive\Desktop\Flood_AI_Dataset\05_S1GFloods\Label\image_545.png,16.0706,2
image_2916.png,c:\Users\HP\OneDrive\Desktop\Flood_AI_Dataset\05_S1GFloods\A\image_2916.png,c:\Users\HP\OneDrive\Desktop\Flood_AI_Dataset\05_S1GFloods\B\image_2916.png,c:\Users\HP\OneDrive\Desktop\Flood_AI_Dataset\05_S1GFloods\Label\image_2916.png,54.2969,2
image_1574.png,c:\Users\HP\OneDrive\Desktop\Flood_AI_Dataset\05_S1GFloods\A\image_1574.png,c:\Users\HP\OneDrive\Desktop\Flood_AI_Dataset\05_S1GFloods\B\image_1574.png,c:\Users\HP\OneDrive\Desktop\Flood_AI_Dataset\05_S1GFloods\Label\image_1574.png,8.6044,1
image_743.png,c:\Users\HP\OneDrive\Desktop\Flood_AI_Dataset\05_S1GFloods\A\image_743.png,c:\Users\HP\OneDrive\Desktop\Flood_AI_Dataset\05_S1GFloods\B\image_743.png,c:\Users\HP\OneDrive\Desktop\Flood_AI_Dataset\05_S1GFloods\Label\image_743.png,21.7102,2
image_507.png,c:\Users\HP\OneDrive\Desktop\Flood_AI_Dataset\05_S1GFloods\A\image_507.png,c:\Users\HP\OneDrive\Desktop\Flood_AI_Dataset\05_S1GFloods\B\image_507.png,c:\Users\HP\OneDrive\Desktop\Flood_AI_Dataset\05_S1GFloods\Label\image_507.png,29.4647,2
image_3071.png,c:\Users\HP\OneDrive\Desktop\Flood_AI_Dataset\05_S1GFloods\A\image_3071.png,c:\Users\HP\OneDrive\Desktop\Flood_AI_Dataset\05_S1GFloods\B\image_3071.png,c:\Users\HP\OneDrive\Desktop\Flood_AI_Dataset\05_S1GFloods\Label\image_3071.png,21.8384,2
image_4809.png,c:\Users\HP\OneDrive\Desktop\Flood_AI_Dataset\05_S1GFloods\A\image_4809.png,c:\Users\HP\OneDrive\Desktop\Flood_AI_Dataset\05_S1GFloods\B\image_4809.png,c:\Users\HP\OneDrive\Desktop\Flood_AI_Dataset\05_S1GFloods\Label\image_4809.png,10.1379,2
image_4589.png,c:\Users\HP\OneDrive\Desktop\Flood_AI_Dataset\05_S1GFloods\A\image_4589.png,c:\Users\HP\OneDrive\Desktop\Flood_AI_Dataset\05_S1GFloods\B\image_4589.png,c:\Users\HP\OneDrive\Desktop\Flood_AI_Dataset\05_S1GFloods\Label\image_4589.png,6.5933,1
image_3406.png,c:\Users\HP\OneDrive\Desktop\Flood_AI_Dataset\05_S1GFloods\A\image_3406.png,c:\Users\HP\OneDrive\Desktop\Flood_AI_Dataset\05_S1GFloods\B\image_3406.png,c:\Users\HP\OneDrive\Desktop\Flood_AI_Dataset\05_S1GFloods\Label\image_3406.png,45.6833,2
image_3955.png,c:\Users\HP\OneDrive\Desktop\Flood_AI_Dataset\05_S1GFloods\A\image_3955.png,c:\Users\HP\OneDrive\Desktop\Flood_AI_Dataset\05_S1GFloods\B\image_3955.png,c:\Users\HP\OneDrive\Desktop\Flood_AI_Dataset\05_S1GFloods\Label\image_3955.png,95.4575,2
image_4638.png,c:\Users\HP\OneDrive\Desktop\Flood_AI_Dataset\05_S1GFloods\A\image_4638.png,c:\Users\HP\OneDrive\Desktop\Flood_AI_Dataset\05_S1GFloods\B\image_4638.png,c:\Users\HP\OneDrive\Desktop\Flood_AI_Dataset\05_S1GFloods\Label\image_4638.png,29.4617,2
image_72.png,c:\Users\HP\OneDrive\Desktop\Flood_AI_Dataset\05_S1GFloods\A\image_72.png,c:\Users\HP\OneDrive\Desktop\Flood_AI_Dataset\05_S1GFloods\B\image_72.png,c:\Users\HP\OneDrive\Desktop\Flood_AI_Dataset\05_S1GFloods\Label\image_72.png,15.4694,2
image_2895.png,c:\Users\HP\OneDrive\Desktop\Flood_AI_Dataset\05_S1GFloods\A\image_2895.png,c:\Users\HP\OneDrive\Desktop\Flood_AI_Dataset\05_S1GFloods\B\image_2895.png,c:\Users\HP\OneDrive\Desktop\Flood_AI_Dataset\05_S1GFloods\Label\image_2895.png,27.8946,2
image_1812.png,c:\Users\HP\OneDrive\Desktop\Flood_AI_Dataset\05_S1GFloods\A\image_1812.png,c:\Users\HP\OneDrive\Desktop\Flood_AI_Dataset\05_S1GFloods\B\image_1812.png,c:\Users\HP\OneDrive\Desktop\Flood_AI_Dataset\05_S1GFloods\Label\image_1812.png,7.8888,1
image_4357.png,c:\Users\HP\OneDrive\Desktop\Flood_AI_Dataset\05_S1GFloods\A\image_4357.png,c:\Users\HP\OneDrive\Desktop\Flood_AI_Dataset\05_S1GFloods\B\image_4357.png,c:\Users\HP\OneDrive\Desktop\Flood_AI_Dataset\05_S1GFloods\Label\image_4357.png,99.6353,2
image_689.png,c:\Users\HP\OneDrive\Desktop\Flood_AI_Dataset\05_S1GFloods\A\image_689.png,c:\Users\HP\OneDrive\Desktop\Flood_AI_Dataset\05_S1GFloods\B\image_689.png,c:\Users\HP\OneDrive\Desktop\Flood_AI_Dataset\05_S1GFloods\Label\image_689.png,5.2887,1
image_2416.png,c:\Users\HP\OneDrive\Desktop\Flood_AI_Dataset\05_S1GFloods\A\image_2416.png,c:\Users\HP\OneDrive\Desktop\Flood_AI_Dataset\05_S1GFloods\B\image_2416.png,c:\Users\HP\OneDrive\Desktop\Flood_AI_Dataset\05_S1GFloods\Label\image_2416.png,7.9132,1
image_1361.png,c:\Users\HP\OneDrive\Desktop\Flood_AI_Dataset\05_S1GFloods\A\image_1361.png,c:\Users\HP\OneDrive\Desktop\Flood_AI_Dataset\05_S1GFloods\B\image_1361.png,c:\Users\HP\OneDrive\Desktop\Flood_AI_Dataset\05_S1GFloods\Label\image_1361.png,51.6602,2
image_4812.png,c:\Users\HP\OneDrive\Desktop\Flood_AI_Dataset\05_S1GFloods\A\image_4812.png,c:\Users\HP\OneDrive\Desktop\Flood_AI_Dataset\05_S1GFloods\B\image_4812.png,c:\Users\HP\OneDrive\Desktop\Flood_AI_Dataset\05_S1GFloods\Label\image_4812.png,13.2858,2
image_3293.png,c:\Users\HP\OneDrive\Desktop\Flood_AI_Dataset\05_S1GFloods\A\image_3293.png,c:\Users\HP\OneDrive\Desktop\Flood_AI_Dataset\05_S1GFloods\B\image_3293.png,c:\Users\HP\OneDrive\Desktop\Flood_AI_Dataset\05_S1GFloods\Label\image_3293.png,9.9106,1
image_3662.png,c:\Users\HP\OneDrive\Desktop\Flood_AI_Dataset\05_S1GFloods\A\image_3662.png,c:\Users\HP\OneDrive\Desktop\Flood_AI_Dataset\05_S1GFloods\B\image_3662.png,c:\Users\HP\OneDrive\Desktop\Flood_AI_Dataset\05_S1GFloods\Label\image_3662.png,13.4842,2
image_5189.png,c:\Users\HP\OneDrive\Desktop\Flood_AI_Dataset\05_S1GFloods\A\image_5189.png,c:\Users\HP\OneDrive\Desktop\Flood_AI_Dataset\05_S1GFloods\B\image_5189.png,c:\Users\HP\OneDrive\Desktop\Flood_AI_Dataset\05_S1GFloods\Label\image_5189.png,7.164,1
image_5277.png,c:\Users\HP\OneDrive\Desktop\Flood_AI_Dataset\05_S1GFloods\A\image_5277.png,c:\Users\HP\OneDrive\Desktop\Flood_AI_Dataset\05_S1GFloods\B\image_5277.png,c:\Users\HP\OneDrive\Desktop\Flood_AI_Dataset\05_S1GFloods\Label\image_5277.png,32.2479,2
image_1290.png,c:\Users\HP\OneDrive\Desktop\Flood_AI_Dataset\05_S1GFloods\A\image_1290.png,c:\Users\HP\OneDrive\Desktop\Flood_AI_Dataset\05_S1GFloods\B\image_1290.png,c:\Users\HP\OneDrive\Desktop\Flood_AI_Dataset\05_S1GFloods\Label\image_1290.png,7.6462,1
image_4223.png,c:\Users\HP\OneDrive\Desktop\Flood_AI_Dataset\05_S1GFloods\A\image_4223.png,c:\Users\HP\OneDrive\Desktop\Flood_AI_Dataset\05_S1GFloods\B\image_4223.png,c:\Users\HP\OneDrive\Desktop\Flood_AI_Dataset\05_S1GFloods\Label\image_4223.png,63.62,2
image_4446.png,c:\Users\HP\OneDrive\Desktop\Flood_AI_Dataset\05_S1GFloods\A\image_4446.png,c:\Users\HP\OneDrive\Desktop\Flood_AI_Dataset\05_S1GFloods\B\image_4446.png,c:\Users\HP\OneDrive\Desktop\Flood_AI_Dataset\05_S1GFloods\Label\image_4446.png,6.7459,1
image_1653.png,c:\Users\HP\OneDrive\Desktop\Flood_AI_Dataset\05_S1GFloods\A\image_1653.png,c:\Users\HP\OneDrive\Desktop\Flood_AI_Dataset\05_S1GFloods\B\image_1653.png,c:\Users\HP\OneDrive\Desktop\Flood_AI_Dataset\05_S1GFloods\Label\image_1653.png,48.5931,2
image_361.png,c:\Users\HP\OneDrive\Desktop\Flood_AI_Dataset\05_S1GFloods\A\image_361.png,c:\Users\HP\OneDrive\Desktop\Flood_AI_Dataset\05_S1GFloods\B\image_361.png,c:\Users\HP\OneDrive\Desktop\Flood_AI_Dataset\05_S1GFloods\Label\image_361.png,75.6851,2
image_4161.png,c:\Users\HP\OneDrive\Desktop\Flood_AI_Dataset\05_S1GFloods\A\image_4161.png,c:\Users\HP\OneDrive\Desktop\Flood_AI_Dataset\05_S1GFloods\B\image_4161.png,c:\Users\HP\OneDrive\Desktop\Flood_AI_Dataset\05_S1GFloods\Label\image_4161.png,47.9797,2
image_4143.png,c:\Users\HP\OneDrive\Desktop\Flood_AI_Dataset\05_S1GFloods\A\image_4143.png,c:\Users\HP\OneDrive\Desktop\Flood_AI_Dataset\05_S1GFloods\B\image_4143.png,c:\Users\HP\OneDrive\Desktop\Flood_AI_Dataset\05_S1GFloods\Label\image_4143.png,18.3609,2
image_4588.png,c:\Users\HP\OneDrive\Desktop\Flood_AI_Dataset\05_S1GFloods\A\image_4588.png,c:\Users\HP\OneDrive\Desktop\Flood_AI_Dataset\05_S1GFloods\B\image_4588.png,c:\Users\HP\OneDrive\Desktop\Flood_AI_Dataset\05_S1GFloods\Label\image_4588.png,9.4406,1
image_4988.png,c:\Users\HP\OneDrive\Desktop\Flood_AI_Dataset\05_S1GFloods\A\image_4988.png,c:\Users\HP\OneDrive\Desktop\Flood_AI_Dataset\05_S1GFloods\B\image_4988.png,c:\Users\HP\OneDrive\Desktop\Flood_AI_Dataset\05_S1GFloods\Label\image_4988.png,26.9867,2
image_3775.png,c:\Users\HP\OneDrive\Desktop\Flood_AI_Dataset\05_S1GFloods\A\image_3775.png,c:\Users\HP\OneDrive\Desktop\Flood_AI_Dataset\05_S1GFloods\B\image_3775.png,c:\Users\HP\OneDrive\Desktop\Flood_AI_Dataset\05_S1GFloods\Label\image_3775.png,12.5458,2
image_3428.png,c:\Users\HP\OneDrive\Desktop\Flood_AI_Dataset\05_S1GFloods\A\image_3428.png,c:\Users\HP\OneDrive\Desktop\Flood_AI_Dataset\05_S1GFloods\B\image_3428.png,c:\Users\HP\OneDrive\Desktop\Flood_AI_Dataset\05_S1GFloods\Label\image_3428.png,26.4496,2
image_3865.png,c:\Users\HP\OneDrive\Desktop\Flood_AI_Dataset\05_S1GFloods\A\image_3865.png,c:\Users\HP\OneDrive\Desktop\Flood_AI_Dataset\05_S1GFloods\B\image_3865.png,c:\Users\HP\OneDrive\Desktop\Flood_AI_Dataset\05_S1GFloods\Label\image_3865.png,83.1451,2
image_4627.png,c:\Users\HP\OneDrive\Desktop\Flood_AI_Dataset\05_S1GFloods\A\image_4627.png,c:\Users\HP\OneDrive\Desktop\Flood_AI_Dataset\05_S1GFloods\B\image_4627.png,c:\Users\HP\OneDrive\Desktop\Flood_AI_Dataset\05_S1GFloods\Label\image_4627.png,11.9171,2
image_3923.png,c:\Users\HP\OneDrive\Desktop\Flood_AI_Dataset\05_S1GFloods\A\image_3923.png,c:\Users\HP\OneDrive\Desktop\Flood_AI_Dataset\05_S1GFloods\B\image_3923.png,c:\Users\HP\OneDrive\Desktop\Flood_AI_Dataset\05_S1GFloods\Label\image_3923.png,72.5159,2
image_3009.png,c:\Users\HP\OneDrive\Desktop\Flood_AI_Dataset\05_S1GFloods\A\image_3009.png,c:\Users\HP\OneDrive\Desktop\Flood_AI_Dataset\05_S1GFloods\B\image_3009.png,c:\Users\HP\OneDrive\Desktop\Flood_AI_Dataset\05_S1GFloods\Label\image_3009.png,19.78,2
image_3929.png,c:\Users\HP\OneDrive\Desktop\Flood_AI_Dataset\05_S1GFloods\A\image_3929.png,c:\Users\HP\OneDrive\Desktop\Flood_AI_Dataset\05_S1GFloods\B\image_3929.png,c:\Users\HP\OneDrive\Desktop\Flood_AI_Dataset\05_S1GFloods\Label\image_3929.png,11.8301,2
image_395.png,c:\Users\HP\OneDrive\Desktop\Flood_AI_Dataset\05_S1GFloods\A\image_395.png,c:\Users\HP\OneDrive\Desktop\Flood_AI_Dataset\05_S1GFloods\B\image_395.png,c:\Users\HP\OneDrive\Desktop\Flood_AI_Dataset\05_S1GFloods\Label\image_395.png,15.4663,2
image_859.png,c:\Users\HP\OneDrive\Desktop\Flood_AI_Dataset\05_S1GFloods\A\image_859.png,c:\Users\HP\OneDrive\Desktop\Flood_AI_Dataset\05_S1GFloods\B\image_859.png,c:\Users\HP\OneDrive\Desktop\Flood_AI_Dataset\05_S1GFloods\Label\image_859.png,65.3992,2
image_4877.png,c:\Users\HP\OneDrive\Desktop\Flood_AI_Dataset\05_S1GFloods\A\image_4877.png,c:\Users\HP\OneDrive\Desktop\Flood_AI_Dataset\05_S1GFloods\B\image_4877.png,c:\Users\HP\OneDrive\Desktop\Flood_AI_Dataset\05_S1GFloods\Label\image_4877.png,24.0234,2
image_2419.png,c:\Users\HP\OneDrive\Desktop\Flood_AI_Dataset\05_S1GFloods\A\image_2419.png,c:\Users\HP\OneDrive\Desktop\Flood_AI_Dataset\05_S1GFloods\B\image_2419.png,c:\Users\HP\OneDrive\Desktop\Flood_AI_Dataset\05_S1GFloods\Label\image_2419.png,19.0765,2
image_3705.png,c:\Users\HP\OneDrive\Desktop\Flood_AI_Dataset\05_S1GFloods\A\image_3705.png,c:\Users\HP\OneDrive\Desktop\Flood_AI_Dataset\05_S1GFloods\B\image_3705.png,c:\Users\HP\OneDrive\Desktop\Flood_AI_Dataset\05_S1GFloods\Label\image_3705.png,14.8148,2
image_1181.png,c:\Users\HP\OneDrive\Desktop\Flood_AI_Dataset\05_S1GFloods\A\image_1181.png,c:\Users\HP\OneDrive\Desktop\Flood_AI_Dataset\05_S1GFloods\B\image_1181.png,c:\Users\HP\OneDrive\Desktop\Flood_AI_Dataset\05_S1GFloods\Label\image_1181.png,71.048,2
image_2215.png,c:\Users\HP\OneDrive\Desktop\Flood_AI_Dataset\05_S1GFloods\A\image_2215.png,c:\Users\HP\OneDrive\Desktop\Flood_AI_Dataset\05_S1GFloods\B\image_2215.png,c:\Users\HP\OneDrive\Desktop\Flood_AI_Dataset\05_S1GFloods\Label\image_2215.png,5.9616,1
image_2699.png,c:\Users\HP\OneDrive\Desktop\Flood_AI_Dataset\05_S1GFloods\A\image_2699.png,c:\Users\HP\OneDrive\Desktop\Flood_AI_Dataset\05_S1GFloods\B\image_2699.png,c:\Users\HP\OneDrive\Desktop\Flood_AI_Dataset\05_S1GFloods\Label\image_2699.png,20.7565,2
image_4156.png,c:\Users\HP\OneDrive\Desktop\Flood_AI_Dataset\05_S1GFloods\A\image_4156.png,c:\Users\HP\OneDrive\Desktop\Flood_AI_Dataset\05_S1GFloods\B\image_4156.png,c:\Users\HP\OneDrive\Desktop\Flood_AI_Dataset\05_S1GFloods\Label\image_4156.png,7.5348,1
image_3409.png,c:\Users\HP\OneDrive\Desktop\Flood_AI_Dataset\05_S1GFloods\A\image_3409.png,c:\Users\HP\OneDrive\Desktop\Flood_AI_Dataset\05_S1GFloods\B\image_3409.png,c:\Users\HP\OneDrive\Desktop\Flood_AI_Dataset\05_S1GFloods\Label\image_3409.png,5.6808,1
image_3282.png,c:\Users\HP\OneDrive\Desktop\Flood_AI_Dataset\05_S1GFloods\A\image_3282.png,c:\Users\HP\OneDrive\Desktop\Flood_AI_Dataset\05_S1GFloods\B\image_3282.png,c:\Users\HP\OneDrive\Desktop\Flood_AI_Dataset\05_S1GFloods\Label\image_3282.png,20.6161,2
image_106.png,c:\Users\HP\OneDrive\Desktop\Flood_AI_Dataset\05_S1GFloods\A\image_106.png,c:\Users\HP\OneDrive\Desktop\Flood_AI_Dataset\05_S1GFloods\B\image_106.png,c:\Users\HP\OneDrive\Desktop\Flood_AI_Dataset\05_S1GFloods\Label\image_106.png,55.8075,2
image_3116.png,c:\Users\HP\OneDrive\Desktop\Flood_AI_Dataset\05_S1GFloods\A\image_3116.png,c:\Users\HP\OneDrive\Desktop\Flood_AI_Dataset\05_S1GFloods\B\image_3116.png,c:\Users\HP\OneDrive\Desktop\Flood_AI_Dataset\05_S1GFloods\Label\image_3116.png,16.777,2
image_1639.png,c:\Users\HP\OneDrive\Desktop\Flood_AI_Dataset\05_S1GFloods\A\image_1639.png,c:\Users\HP\OneDrive\Desktop\Flood_AI_Dataset\05_S1GFloods\B\image_1639.png,c:\Users\HP\OneDrive\Desktop\Flood_AI_Dataset\05_S1GFloods\Label\image_1639.png,6.7947,1
image_4436.png,c:\Users\HP\OneDrive\Desktop\Flood_AI_Dataset\05_S1GFloods\A\image_4436.png,c:\Users\HP\OneDrive\Desktop\Flood_AI_Dataset\05_S1GFloods\B\image_4436.png,c:\Users\HP\OneDrive\Desktop\Flood_AI_Dataset\05_S1GFloods\Label\image_4436.png,89.0671,2
image_5069.png,c:\Users\HP\OneDrive\Desktop\Flood_AI_Dataset\05_S1GFloods\A\image_5069.png,c:\Users\HP\OneDrive\Desktop\Flood_AI_Dataset\05_S1GFloods\B\image_5069.png,c:\Users\HP\OneDrive\Desktop\Flood_AI_Dataset\05_S1GFloods\Label\image_5069.png,7.8156,1
image_4733.png,c:\Users\HP\OneDrive\Desktop\Flood_AI_Dataset\05_S1GFloods\A\image_4733.png,c:\Users\HP\OneDrive\Desktop\Flood_AI_Dataset\05_S1GFloods\B\image_4733.png,c:\Users\HP\OneDrive\Desktop\Flood_AI_Dataset\05_S1GFloods\Label\image_4733.png,18.6691,2
image_702.png,c:\Users\HP\OneDrive\Desktop\Flood_AI_Dataset\05_S1GFloods\A\image_702.png,c:\Users\HP\OneDrive\Desktop\Flood_AI_Dataset\05_S1GFloods\B\image_702.png,c:\Users\HP\OneDrive\Desktop\Flood_AI_Dataset\05_S1GFloods\Label\image_702.png,87.9181,2
image_1853.png,c:\Users\HP\OneDrive\Desktop\Flood_AI_Dataset\05_S1GFloods\A\image_1853.png,c:\Users\HP\OneDrive\Desktop\Flood_AI_Dataset\05_S1GFloods\B\image_1853.png,c:\Users\HP\OneDrive\Desktop\Flood_AI_Dataset\05_S1GFloods\Label\image_1853.png,9.23,1
image_5121.png,c:\Users\HP\OneDrive\Desktop\Flood_AI_Dataset\05_S1GFloods\A\image_5121.png,c:\Users\HP\OneDrive\Desktop\Flood_AI_Dataset\05_S1GFloods\B\image_5121.png,c:\Users\HP\OneDrive\Desktop\Flood_AI_Dataset\05_S1GFloods\Label\image_5121.png,11.6394,2
image_780.png,c:\Users\HP\OneDrive\Desktop\Flood_AI_Dataset\05_S1GFloods\A\image_780.png,c:\Users\HP\OneDrive\Desktop\Flood_AI_Dataset\05_S1GFloods\B\image_780.png,c:\Users\HP\OneDrive\Desktop\Flood_AI_Dataset\05_S1GFloods\Label\image_780.png,68.0527,2
image_3667.png,c:\Users\HP\OneDrive\Desktop\Flood_AI_Dataset\05_S1GFloods\A\image_3667.png,c:\Users\HP\OneDrive\Desktop\Flood_AI_Dataset\05_S1GFloods\B\image_3667.png,c:\Users\HP\OneDrive\Desktop\Flood_AI_Dataset\05_S1GFloods\Label\image_3667.png,10.347,2
image_5151.png,c:\Users\HP\OneDrive\Desktop\Flood_AI_Dataset\05_S1GFloods\A\image_5151.png,c:\Users\HP\OneDrive\Desktop\Flood_AI_Dataset\05_S1GFloods\B\image_5151.png,c:\Users\HP\OneDrive\Desktop\Flood_AI_Dataset\05_S1GFloods\Label\image_5151.png,15.1993,2
image_1534.png,c:\Users\HP\OneDrive\Desktop\Flood_AI_Dataset\05_S1GFloods\A\image_1534.png,c:\Users\HP\OneDrive\Desktop\Flood_AI_Dataset\05_S1GFloods\B\image_1534.png,c:\Users\HP\OneDrive\Desktop\Flood_AI_Dataset\05_S1GFloods\Label\image_1534.png,82.6355,2
image_1187.png,c:\Users\HP\OneDrive\Desktop\Flood_AI_Dataset\05_S1GFloods\A\image_1187.png,c:\Users\HP\OneDrive\Desktop\Flood_AI_Dataset\05_S1GFloods\B\image_1187.png,c:\Users\HP\OneDrive\Desktop\Flood_AI_Dataset\05_S1GFloods\Label\image_1187.png,67.5583,2
image_2934.png,c:\Users\HP\OneDrive\Desktop\Flood_AI_Dataset\05_S1GFloods\A\image_2934.png,c:\Users\HP\OneDrive\Desktop\Flood_AI_Dataset\05_S1GFloods\B\image_2934.png,c:\Users\HP\OneDrive\Desktop\Flood_AI_Dataset\05_S1GFloods\Label\image_2934.png,10.4416,2
image_4813.png,c:\Users\HP\OneDrive\Desktop\Flood_AI_Dataset\05_S1GFloods\A\image_4813.png,c:\Users\HP\OneDrive\Desktop\Flood_AI_Dataset\05_S1GFloods\B\image_4813.png,c:\Users\HP\OneDrive\Desktop\Flood_AI_Dataset\05_S1GFloods\Label\image_4813.png,8.4579,1
image_4939.png,c:\Users\HP\OneDrive\Desktop\Flood_AI_Dataset\05_S1GFloods\A\image_4939.png,c:\Users\HP\OneDrive\Desktop\Flood_AI_Dataset\05_S1GFloods\B\image_4939.png,c:\Users\HP\OneDrive\Desktop\Flood_AI_Dataset\05_S1GFloods\Label\image_4939.png,17.4316,2
image_700.png,c:\Users\HP\OneDrive\Desktop\Flood_AI_Dataset\05_S1GFloods\A\image_700.png,c:\Users\HP\OneDrive\Desktop\Flood_AI_Dataset\05_S1GFloods\B\image_700.png,c:\Users\HP\OneDrive\Desktop\Flood_AI_Dataset\05_S1GFloods\Label\image_700.png,91.6473,2
image_4241.png,c:\Users\HP\OneDrive\Desktop\Flood_AI_Dataset\05_S1GFloods\A\image_4241.png,c:\Users\HP\OneDrive\Desktop\Flood_AI_Dataset\05_S1GFloods\B\image_4241.png,c:\Users\HP\OneDrive\Desktop\Flood_AI_Dataset\05_S1GFloods\Label\image_4241.png,8.1635,1
image_3440.png,c:\Users\HP\OneDrive\Desktop\Flood_AI_Dataset\05_S1GFloods\A\image_3440.png,c:\Users\HP\OneDrive\Desktop\Flood_AI_Dataset\05_S1GFloods\B\image_3440.png,c:\Users\HP\OneDrive\Desktop\Flood_AI_Dataset\05_S1GFloods\Label\image_3440.png,29.5044,2
image_1935.png,c:\Users\HP\OneDrive\Desktop\Flood_AI_Dataset\05_S1GFloods\A\image_1935.png,c:\Users\HP\OneDrive\Desktop\Flood_AI_Dataset\05_S1GFloods\B\image_1935.png,c:\Users\HP\OneDrive\Desktop\Flood_AI_Dataset\05_S1GFloods\Label\image_1935.png,12.7914,2
image_969.png,c:\Users\HP\OneDrive\Desktop\Flood_AI_Dataset\05_S1GFloods\A\image_969.png,c:\Users\HP\OneDrive\Desktop\Flood_AI_Dataset\05_S1GFloods\B\image_969.png,c:\Users\HP\OneDrive\Desktop\Flood_AI_Dataset\05_S1GFloods\Label\image_969.png,41.0263,2
image_4011.png,c:\Users\HP\OneDrive\Desktop\Flood_AI_Dataset\05_S1GFloods\A\image_4011.png,c:\Users\HP\OneDrive\Desktop\Flood_AI_Dataset\05_S1GFloods\B\image_4011.png,c:\Users\HP\OneDrive\Desktop\Flood_AI_Dataset\05_S1GFloods\Label\image_4011.png,46.6614,2
image_1302.png,c:\Users\HP\OneDrive\Desktop\Flood_AI_Dataset\05_S1GFloods\A\image_1302.png,c:\Users\HP\OneDrive\Desktop\Flood_AI_Dataset\05_S1GFloods\B\image_1302.png,c:\Users\HP\OneDrive\Desktop\Flood_AI_Dataset\05_S1GFloods\Label\image_1302.png,13.7909,2
image_2888.png,c:\Users\HP\OneDrive\Desktop\Flood_AI_Dataset\05_S1GFloods\A\image_2888.png,c:\Users\HP\OneDrive\Desktop\Flood_AI_Dataset\05_S1GFloods\B\image_2888.png,c:\Users\HP\OneDrive\Desktop\Flood_AI_Dataset\05_S1GFloods\Label\image_2888.png,34.7061,2
image_1965.png,c:\Users\HP\OneDrive\Desktop\Flood_AI_Dataset\05_S1GFloods\A\image_1965.png,c:\Users\HP\OneDrive\Desktop\Flood_AI_Dataset\05_S1GFloods\B\image_1965.png,c:\Users\HP\OneDrive\Desktop\Flood_AI_Dataset\05_S1GFloods\Label\image_1965.png,37.2238,2
image_2980.png,c:\Users\HP\OneDrive\Desktop\Flood_AI_Dataset\05_S1GFloods\A\image_2980.png,c:\Users\HP\OneDrive\Desktop\Flood_AI_Dataset\05_S1GFloods\B\image_2980.png,c:\Users\HP\OneDrive\Desktop\Flood_AI_Dataset\05_S1GFloods\Label\image_2980.png,59.9792,2
image_4711.png,c:\Users\HP\OneDrive\Desktop\Flood_AI_Dataset\05_S1GFloods\A\image_4711.png,c:\Users\HP\OneDrive\Desktop\Flood_AI_Dataset\05_S1GFloods\B\image_4711.png,c:\Users\HP\OneDrive\Desktop\Flood_AI_Dataset\05_S1GFloods\Label\image_4711.png,24.6857,2
image_513.png,c:\Users\HP\OneDrive\Desktop\Flood_AI_Dataset\05_S1GFloods\A\image_513.png,c:\Users\HP\OneDrive\Desktop\Flood_AI_Dataset\05_S1GFloods\B\image_513.png,c:\Users\HP\OneDrive\Desktop\Flood_AI_Dataset\05_S1GFloods\Label\image_513.png,7.1121,1
image_5272.png,c:\Users\HP\OneDrive\Desktop\Flood_AI_Dataset\05_S1GFloods\A\image_5272.png,c:\Users\HP\OneDrive\Desktop\Flood_AI_Dataset\05_S1GFloods\B\image_5272.png,c:\Users\HP\OneDrive\Desktop\Flood_AI_Dataset\05_S1GFloods\Label\image_5272.png,85.0906,2
image_3270.png,c:\Users\HP\OneDrive\Desktop\Flood_AI_Dataset\05_S1GFloods\A\image_3270.png,c:\Users\HP\OneDrive\Desktop\Flood_AI_Dataset\05_S1GFloods\B\image_3270.png,c:\Users\HP\OneDrive\Desktop\Flood_AI_Dataset\05_S1GFloods\Label\image_3270.png,9.4955,1
image_4438.png,c:\Users\HP\OneDrive\Desktop\Flood_AI_Dataset\05_S1GFloods\A\image_4438.png,c:\Users\HP\OneDrive\Desktop\Flood_AI_Dataset\05_S1GFloods\B\image_4438.png,c:\Users\HP\OneDrive\Desktop\Flood_AI_Dataset\05_S1GFloods\Label\image_4438.png,93.8995,2
image_1619.png,c:\Users\HP\OneDrive\Desktop\Flood_AI_Dataset\05_S1GFloods\A\image_1619.png,c:\Users\HP\OneDrive\Desktop\Flood_AI_Dataset\05_S1GFloods\B\image_1619.png,c:\Users\HP\OneDrive\Desktop\Flood_AI_Dataset\05_S1GFloods\Label\image_1619.png,39.8651,2
image_2024.png,c:\Users\HP\OneDrive\Desktop\Flood_AI_Dataset\05_S1GFloods\A\image_2024.png,c:\Users\HP\OneDrive\Desktop\Flood_AI_Dataset\05_S1GFloods\B\image_2024.png,c:\Users\HP\OneDrive\Desktop\Flood_AI_Dataset\05_S1GFloods\Label\image_2024.png,7.9514,1
image_186.png,c:\Users\HP\OneDrive\Desktop\Flood_AI_Dataset\05_S1GFloods\A\image_186.png,c:\Users\HP\OneDrive\Desktop\Flood_AI_Dataset\05_S1GFloods\B\image_186.png,c:\Users\HP\OneDrive\Desktop\Flood_AI_Dataset\05_S1GFloods\Label\image_186.png,12.1307,2
image_771.png,c:\Users\HP\OneDrive\Desktop\Flood_AI_Dataset\05_S1GFloods\A\image_771.png,c:\Users\HP\OneDrive\Desktop\Flood_AI_Dataset\05_S1GFloods\B\image_771.png,c:\Users\HP\OneDrive\Desktop\Flood_AI_Dataset\05_S1GFloods\Label\image_771.png,91.803,2
image_4757.png,c:\Users\HP\OneDrive\Desktop\Flood_AI_Dataset\05_S1GFloods\A\image_4757.png,c:\Users\HP\OneDrive\Desktop\Flood_AI_Dataset\05_S1GFloods\B\image_4757.png,c:\Users\HP\OneDrive\Desktop\Flood_AI_Dataset\05_S1GFloods\Label\image_4757.png,15.5121,2
image_172.png,c:\Users\HP\OneDrive\Desktop\Flood_AI_Dataset\05_S1GFloods\A\image_172.png,c:\Users\HP\OneDrive\Desktop\Flood_AI_Dataset\05_S1GFloods\B\image_172.png,c:\Users\HP\OneDrive\Desktop\Flood_AI_Dataset\05_S1GFloods\Label\image_172.png,67.0334,2
image_3759.png,c:\Users\HP\OneDrive\Desktop\Flood_AI_Dataset\05_S1GFloods\A\image_3759.png,c:\Users\HP\OneDrive\Desktop\Flood_AI_Dataset\05_S1GFloods\B\image_3759.png,c:\Users\HP\OneDrive\Desktop\Flood_AI_Dataset\05_S1GFloods\Label\image_3759.png,23.5855,2
image_4239.png,c:\Users\HP\OneDrive\Desktop\Flood_AI_Dataset\05_S1GFloods\A\image_4239.png,c:\Users\HP\OneDrive\Desktop\Flood_AI_Dataset\05_S1GFloods\B\image_4239.png,c:\Users\HP\OneDrive\Desktop\Flood_AI_Dataset\05_S1GFloods\Label\image_4239.png,21.9711,2
image_2079.png,c:\Users\HP\OneDrive\Desktop\Flood_AI_Dataset\05_S1GFloods\A\image_2079.png,c:\Users\HP\OneDrive\Desktop\Flood_AI_Dataset\05_S1GFloods\B\image_2079.png,c:\Users\HP\OneDrive\Desktop\Flood_AI_Dataset\05_S1GFloods\Label\image_2079.png,7.518,1
image_4571.png,c:\Users\HP\OneDrive\Desktop\Flood_AI_Dataset\05_S1GFloods\A\image_4571.png,c:\Users\HP\OneDrive\Desktop\Flood_AI_Dataset\05_S1GFloods\B\image_4571.png,c:\Users\HP\OneDrive\Desktop\Flood_AI_Dataset\05_S1GFloods\Label\image_4571.png,14.8743,2
image_4256.png,c:\Users\HP\OneDrive\Desktop\Flood_AI_Dataset\05_S1GFloods\A\image_4256.png,c:\Users\HP\OneDrive\Desktop\Flood_AI_Dataset\05_S1GFloods\B\image_4256.png,c:\Users\HP\OneDrive\Desktop\Flood_AI_Dataset\05_S1GFloods\Label\image_4256.png,30.6671,2
image_4629.png,c:\Users\HP\OneDrive\Desktop\Flood_AI_Dataset\05_S1GFloods\A\image_4629.png,c:\Users\HP\OneDrive\Desktop\Flood_AI_Dataset\05_S1GFloods\B\image_4629.png,c:\Users\HP\OneDrive\Desktop\Flood_AI_Dataset\05_S1GFloods\Label\image_4629.png,5.0964,1
image_3098.png,c:\Users\HP\OneDrive\Desktop\Flood_AI_Dataset\05_S1GFloods\A\image_3098.png,c:\Users\HP\OneDrive\Desktop\Flood_AI_Dataset\05_S1GFloods\B\image_3098.png,c:\Users\HP\OneDrive\Desktop\Flood_AI_Dataset\05_S1GFloods\Label\image_3098.png,7.7072,1
image_687.png,c:\Users\HP\OneDrive\Desktop\Flood_AI_Dataset\05_S1GFloods\A\image_687.png,c:\Users\HP\OneDrive\Desktop\Flood_AI_Dataset\05_S1GFloods\B\image_687.png,c:\Users\HP\OneDrive\Desktop\Flood_AI_Dataset\05_S1GFloods\Label\image_687.png,25.3128,2
image_2289.png,c:\Users\HP\OneDrive\Desktop\Flood_AI_Dataset\05_S1GFloods\A\image_2289.png,c:\Users\HP\OneDrive\Desktop\Flood_AI_Dataset\05_S1GFloods\B\image_2289.png,c:\Users\HP\OneDrive\Desktop\Flood_AI_Dataset\05_S1GFloods\Label\image_2289.png,52.0538,2
image_4606.png,c:\Users\HP\OneDrive\Desktop\Flood_AI_Dataset\05_S1GFloods\A\image_4606.png,c:\Users\HP\OneDrive\Desktop\Flood_AI_Dataset\05_S1GFloods\B\image_4606.png,c:\Users\HP\OneDrive\Desktop\Flood_AI_Dataset\05_S1GFloods\Label\image_4606.png,23.4558,2
image_2592.png,c:\Users\HP\OneDrive\Desktop\Flood_AI_Dataset\05_S1GFloods\A\image_2592.png,c:\Users\HP\OneDrive\Desktop\Flood_AI_Dataset\05_S1GFloods\B\image_2592.png,c:\Users\HP\OneDrive\Desktop\Flood_AI_Dataset\05_S1GFloods\Label\image_2592.png,9.4879,1
image_228.png,c:\Users\HP\OneDrive\Desktop\Flood_AI_Dataset\05_S1GFloods\A\image_228.png,c:\Users\HP\OneDrive\Desktop\Flood_AI_Dataset\05_S1GFloods\B\image_228.png,c:\Users\HP\OneDrive\Desktop\Flood_AI_Dataset\05_S1GFloods\Label\image_228.png,8.7006,1
image_104.png,c:\Users\HP\OneDrive\Desktop\Flood_AI_Dataset\05_S1GFloods\A\image_104.png,c:\Users\HP\OneDrive\Desktop\Flood_AI_Dataset\05_S1GFloods\B\image_104.png,c:\Users\HP\OneDrive\Desktop\Flood_AI_Dataset\05_S1GFloods\Label\image_104.png,79.8294,2
image_3478.png,c:\Users\HP\OneDrive\Desktop\Flood_AI_Dataset\05_S1GFloods\A\image_3478.png,c:\Users\HP\OneDrive\Desktop\Flood_AI_Dataset\05_S1GFloods\B\image_3478.png,c:\Users\HP\OneDrive\Desktop\Flood_AI_Dataset\05_S1GFloods\Label\image_3478.png,22.5937,2
image_2282.png,c:\Users\HP\OneDrive\Desktop\Flood_AI_Dataset\05_S1GFloods\A\image_2282.png,c:\Users\HP\OneDrive\Desktop\Flood_AI_Dataset\05_S1GFloods\B\image_2282.png,c:\Users\HP\OneDrive\Desktop\Flood_AI_Dataset\05_S1GFloods\Label\image_2282.png,9.581,1
image_1734.png,c:\Users\HP\OneDrive\Desktop\Flood_AI_Dataset\05_S1GFloods\A\image_1734.png,c:\Users\HP\OneDrive\Desktop\Flood_AI_Dataset\05_S1GFloods\B\image_1734.png,c:\Users\HP\OneDrive\Desktop\Flood_AI_Dataset\05_S1GFloods\Label\image_1734.png,34.137,2
image_2308.png,c:\Users\HP\OneDrive\Desktop\Flood_AI_Dataset\05_S1GFloods\A\image_2308.png,c:\Users\HP\OneDrive\Desktop\Flood_AI_Dataset\05_S1GFloods\B\image_2308.png,c:\Users\HP\OneDrive\Desktop\Flood_AI_Dataset\05_S1GFloods\Label\image_2308.png,6.9626,1
image_1342.png,c:\Users\HP\OneDrive\Desktop\Flood_AI_Dataset\05_S1GFloods\A\image_1342.png,c:\Users\HP\OneDrive\Desktop\Flood_AI_Dataset\05_S1GFloods\B\image_1342.png,c:\Users\HP\OneDrive\Desktop\Flood_AI_Dataset\05_S1GFloods\Label\image_1342.png,22.702,2
image_3564.png,c:\Users\HP\OneDrive\Desktop\Flood_AI_Dataset\05_S1GFloods\A\image_3564.png,c:\Users\HP\OneDrive\Desktop\Flood_AI_Dataset\05_S1GFloods\B\image_3564.png,c:\Users\HP\OneDrive\Desktop\Flood_AI_Dataset\05_S1GFloods\Label\image_3564.png,70.8725,2
image_2450.png,c:\Users\HP\OneDrive\Desktop\Flood_AI_Dataset\05_S1GFloods\A\image_2450.png,c:\Users\HP\OneDrive\Desktop\Flood_AI_Dataset\05_S1GFloods\B\image_2450.png,c:\Users\HP\OneDrive\Desktop\Flood_AI_Dataset\05_S1GFloods\Label\image_2450.png,8.3435,1
image_4307.png,c:\Users\HP\OneDrive\Desktop\Flood_AI_Dataset\05_S1GFloods\A\image_4307.png,c:\Users\HP\OneDrive\Desktop\Flood_AI_Dataset\05_S1GFloods\B\image_4307.png,c:\Users\HP\OneDrive\Desktop\Flood_AI_Dataset\05_S1GFloods\Label\image_4307.png,9.2957,1
image_2332.png,c:\Users\HP\OneDrive\Desktop\Flood_AI_Dataset\05_S1GFloods\A\image_2332.png,c:\Users\HP\OneDrive\Desktop\Flood_AI_Dataset\05_S1GFloods\B\image_2332.png,c:\Users\HP\OneDrive\Desktop\Flood_AI_Dataset\05_S1GFloods\Label\image_2332.png,8.783,1
image_783.png,c:\Users\HP\OneDrive\Desktop\Flood_AI_Dataset\05_S1GFloods\A\image_783.png,c:\Users\HP\OneDrive\Desktop\Flood_AI_Dataset\05_S1GFloods\B\image_783.png,c:\Users\HP\OneDrive\Desktop\Flood_AI_Dataset\05_S1GFloods\Label\image_783.png,23.0087,2
image_1139.png,c:\Users\HP\OneDrive\Desktop\Flood_AI_Dataset\05_S1GFloods\A\image_1139.png,c:\Users\HP\OneDrive\Desktop\Flood_AI_Dataset\05_S1GFloods\B\image_1139.png,c:\Users\HP\OneDrive\Desktop\Flood_AI_Dataset\05_S1GFloods\Label\image_1139.png,75.708,2
image_287.png,c:\Users\HP\OneDrive\Desktop\Flood_AI_Dataset\05_S1GFloods\A\image_287.png,c:\Users\HP\OneDrive\Desktop\Flood_AI_Dataset\05_S1GFloods\B\image_287.png,c:\Users\HP\OneDrive\Desktop\Flood_AI_Dataset\05_S1GFloods\Label\image_287.png,29.628,2
image_2550.png,c:\Users\HP\OneDrive\Desktop\Flood_AI_Dataset\05_S1GFloods\A\image_2550.png,c:\Users\HP\OneDrive\Desktop\Flood_AI_Dataset\05_S1GFloods\B\image_2550.png,c:\Users\HP\OneDrive\Desktop\Flood_AI_Dataset\05_S1GFloods\Label\image_2550.png,82.373,2
image_2993.png,c:\Users\HP\OneDrive\Desktop\Flood_AI_Dataset\05_S1GFloods\A\image_2993.png,c:\Users\HP\OneDrive\Desktop\Flood_AI_Dataset\05_S1GFloods\B\image_2993.png,c:\Users\HP\OneDrive\Desktop\Flood_AI_Dataset\05_S1GFloods\Label\image_2993.png,18.0588,2
image_2547.png,c:\Users\HP\OneDrive\Desktop\Flood_AI_Dataset\05_S1GFloods\A\image_2547.png,c:\Users\HP\OneDrive\Desktop\Flood_AI_Dataset\05_S1GFloods\B\image_2547.png,c:\Users\HP\OneDrive\Desktop\Flood_AI_Dataset\05_S1GFloods\Label\image_2547.png,6.9138,1
image_1343.png,c:\Users\HP\OneDrive\Desktop\Flood_AI_Dataset\05_S1GFloods\A\image_1343.png,c:\Users\HP\OneDrive\Desktop\Flood_AI_Dataset\05_S1GFloods\B\image_1343.png,c:\Users\HP\OneDrive\Desktop\Flood_AI_Dataset\05_S1GFloods\Label\image_1343.png,49.1013,2
image_2522.png,c:\Users\HP\OneDrive\Desktop\Flood_AI_Dataset\05_S1GFloods\A\image_2522.png,c:\Users\HP\OneDrive\Desktop\Flood_AI_Dataset\05_S1GFloods\B\image_2522.png,c:\Users\HP\OneDrive\Desktop\Flood_AI_Dataset\05_S1GFloods\Label\image_2522.png,97.4014,2
image_364.png,c:\Users\HP\OneDrive\Desktop\Flood_AI_Dataset\05_S1GFloods\A\image_364.png,c:\Users\HP\OneDrive\Desktop\Flood_AI_Dataset\05_S1GFloods\B\image_364.png,c:\Users\HP\OneDrive\Desktop\Flood_AI_Dataset\05_S1GFloods\Label\image_364.png,35.6369,2
image_1725.png,c:\Users\HP\OneDrive\Desktop\Flood_AI_Dataset\05_S1GFloods\A\image_1725.png,c:\Users\HP\OneDrive\Desktop\Flood_AI_Dataset\05_S1GFloods\B\image_1725.png,c:\Users\HP\OneDrive\Desktop\Flood_AI_Dataset\05_S1GFloods\Label\image_1725.png,17.6285,2
image_4493.png,c:\Users\HP\OneDrive\Desktop\Flood_AI_Dataset\05_S1GFloods\A\image_4493.png,c:\Users\HP\OneDrive\Desktop\Flood_AI_Dataset\05_S1GFloods\B\image_4493.png,c:\Users\HP\OneDrive\Desktop\Flood_AI_Dataset\05_S1GFloods\Label\image_4493.png,13.1256,2
image_3624.png,c:\Users\HP\OneDrive\Desktop\Flood_AI_Dataset\05_S1GFloods\A\image_3624.png,c:\Users\HP\OneDrive\Desktop\Flood_AI_Dataset\05_S1GFloods\B\image_3624.png,c:\Users\HP\OneDrive\Desktop\Flood_AI_Dataset\05_S1GFloods\Label\image_3624.png,7.8552,1
image_1069.png,c:\Users\HP\OneDrive\Desktop\Flood_AI_Dataset\05_S1GFloods\A\image_1069.png,c:\Users\HP\OneDrive\Desktop\Flood_AI_Dataset\05_S1GFloods\B\image_1069.png,c:\Users\HP\OneDrive\Desktop\Flood_AI_Dataset\05_S1GFloods\Label\image_1069.png,43.6752,2
image_1906.png,c:\Users\HP\OneDrive\Desktop\Flood_AI_Dataset\05_S1GFloods\A\image_1906.png,c:\Users\HP\OneDrive\Desktop\Flood_AI_Dataset\05_S1GFloods\B\image_1906.png,c:\Users\HP\OneDrive\Desktop\Flood_AI_Dataset\05_S1GFloods\Label\image_1906.png,11.1221,2
image_4703.png,c:\Users\HP\OneDrive\Desktop\Flood_AI_Dataset\05_S1GFloods\A\image_4703.png,c:\Users\HP\OneDrive\Desktop\Flood_AI_Dataset\05_S1GFloods\B\image_4703.png,c:\Users\HP\OneDrive\Desktop\Flood_AI_Dataset\05_S1GFloods\Label\image_4703.png,26.8799,2
image_3853.png,c:\Users\HP\OneDrive\Desktop\Flood_AI_Dataset\05_S1GFloods\A\image_3853.png,c:\Users\HP\OneDrive\Desktop\Flood_AI_Dataset\05_S1GFloods\B\image_3853.png,c:\Users\HP\OneDrive\Desktop\Flood_AI_Dataset\05_S1GFloods\Label\image_3853.png,82.2449,2
image_716.png,c:\Users\HP\OneDrive\Desktop\Flood_AI_Dataset\05_S1GFloods\A\image_716.png,c:\Users\HP\OneDrive\Desktop\Flood_AI_Dataset\05_S1GFloods\B\image_716.png,c:\Users\HP\OneDrive\Desktop\Flood_AI_Dataset\05_S1GFloods\Label\image_716.png,55.2856,2
image_4310.png,c:\Users\HP\OneDrive\Desktop\Flood_AI_Dataset\05_S1GFloods\A\image_4310.png,c:\Users\HP\OneDrive\Desktop\Flood_AI_Dataset\05_S1GFloods\B\image_4310.png,c:\Users\HP\OneDrive\Desktop\Flood_AI_Dataset\05_S1GFloods\Label\image_4310.png,25.0671,2
image_2702.png,c:\Users\HP\OneDrive\Desktop\Flood_AI_Dataset\05_S1GFloods\A\image_2702.png,c:\Users\HP\OneDrive\Desktop\Flood_AI_Dataset\05_S1GFloods\B\image_2702.png,c:\Users\HP\OneDrive\Desktop\Flood_AI_Dataset\05_S1GFloods\Label\image_2702.png,43.428,2
image_3250.png,c:\Users\HP\OneDrive\Desktop\Flood_AI_Dataset\05_S1GFloods\A\image_3250.png,c:\Users\HP\OneDrive\Desktop\Flood_AI_Dataset\05_S1GFloods\B\image_3250.png,c:\Users\HP\OneDrive\Desktop\Flood_AI_Dataset\05_S1GFloods\Label\image_3250.png,19.1574,2
image_1103.png,c:\Users\HP\OneDrive\Desktop\Flood_AI_Dataset\05_S1GFloods\A\image_1103.png,c:\Users\HP\OneDrive\Desktop\Flood_AI_Dataset\05_S1GFloods\B\image_1103.png,c:\Users\HP\OneDrive\Desktop\Flood_AI_Dataset\05_S1GFloods\Label\image_1103.png,15.3641,2
image_3189.png,c:\Users\HP\OneDrive\Desktop\Flood_AI_Dataset\05_S1GFloods\A\image_3189.png,c:\Users\HP\OneDrive\Desktop\Flood_AI_Dataset\05_S1GFloods\B\image_3189.png,c:\Users\HP\OneDrive\Desktop\Flood_AI_Dataset\05_S1GFloods\Label\image_3189.png,70.1614,2
image_2058.png,c:\Users\HP\OneDrive\Desktop\Flood_AI_Dataset\05_S1GFloods\A\image_2058.png,c:\Users\HP\OneDrive\Desktop\Flood_AI_Dataset\05_S1GFloods\B\image_2058.png,c:\Users\HP\OneDrive\Desktop\Flood_AI_Dataset\05_S1GFloods\Label\image_2058.png,10.1364,2
image_2775.png,c:\Users\HP\OneDrive\Desktop\Flood_AI_Dataset\05_S1GFloods\A\image_2775.png,c:\Users\HP\OneDrive\Desktop\Flood_AI_Dataset\05_S1GFloods\B\image_2775.png,c:\Users\HP\OneDrive\Desktop\Flood_AI_Dataset\05_S1GFloods\Label\image_2775.png,86.879,2
image_2986.png,c:\Users\HP\OneDrive\Desktop\Flood_AI_Dataset\05_S1GFloods\A\image_2986.png,c:\Users\HP\OneDrive\Desktop\Flood_AI_Dataset\05_S1GFloods\B\image_2986.png,c:\Users\HP\OneDrive\Desktop\Flood_AI_Dataset\05_S1GFloods\Label\image_2986.png,56.7902,2
image_1329.png,c:\Users\HP\OneDrive\Desktop\Flood_AI_Dataset\05_S1GFloods\A\image_1329.png,c:\Users\HP\OneDrive\Desktop\Flood_AI_Dataset\05_S1GFloods\B\image_1329.png,c:\Users\HP\OneDrive\Desktop\Flood_AI_Dataset\05_S1GFloods\Label\image_1329.png,23.3551,2
image_1137.png,c:\Users\HP\OneDrive\Desktop\Flood_AI_Dataset\05_S1GFloods\A\image_1137.png,c:\Users\HP\OneDrive\Desktop\Flood_AI_Dataset\05_S1GFloods\B\image_1137.png,c:\Users\HP\OneDrive\Desktop\Flood_AI_Dataset\05_S1GFloods\Label\image_1137.png,14.1281,2
image_3049.png,c:\Users\HP\OneDrive\Desktop\Flood_AI_Dataset\05_S1GFloods\A\image_3049.png,c:\Users\HP\OneDrive\Desktop\Flood_AI_Dataset\05_S1GFloods\B\image_3049.png,c:\Users\HP\OneDrive\Desktop\Flood_AI_Dataset\05_S1GFloods\Label\image_3049.png,24.7757,2
image_4229.png,c:\Users\HP\OneDrive\Desktop\Flood_AI_Dataset\05_S1GFloods\A\image_4229.png,c:\Users\HP\OneDrive\Desktop\Flood_AI_Dataset\05_S1GFloods\B\image_4229.png,c:\Users\HP\OneDrive\Desktop\Flood_AI_Dataset\05_S1GFloods\Label\image_4229.png,24.9069,2
image_445.png,c:\Users\HP\OneDrive\Desktop\Flood_AI_Dataset\05_S1GFloods\A\image_445.png,c:\Users\HP\OneDrive\Desktop\Flood_AI_Dataset\05_S1GFloods\B\image_445.png,c:\Users\HP\OneDrive\Desktop\Flood_AI_Dataset\05_S1GFloods\Label\image_445.png,32.9315,2
image_5001.png,c:\Users\HP\OneDrive\Desktop\Flood_AI_Dataset\05_S1GFloods\A\image_5001.png,c:\Users\HP\OneDrive\Desktop\Flood_AI_Dataset\05_S1GFloods\B\image_5001.png,c:\Users\HP\OneDrive\Desktop\Flood_AI_Dataset\05_S1GFloods\Label\image_5001.png,11.7828,2
image_167.png,c:\Users\HP\OneDrive\Desktop\Flood_AI_Dataset\05_S1GFloods\A\image_167.png,c:\Users\HP\OneDrive\Desktop\Flood_AI_Dataset\05_S1GFloods\B\image_167.png,c:\Users\HP\OneDrive\Desktop\Flood_AI_Dataset\05_S1GFloods\Label\image_167.png,39.0198,2
image_1027.png,c:\Users\HP\OneDrive\Desktop\Flood_AI_Dataset\05_S1GFloods\A\image_1027.png,c:\Users\HP\OneDrive\Desktop\Flood_AI_Dataset\05_S1GFloods\B\image_1027.png,c:\Users\HP\OneDrive\Desktop\Flood_AI_Dataset\05_S1GFloods\Label\image_1027.png,70.5643,2
image_4135.png,c:\Users\HP\OneDrive\Desktop\Flood_AI_Dataset\05_S1GFloods\A\image_4135.png,c:\Users\HP\OneDrive\Desktop\Flood_AI_Dataset\05_S1GFloods\B\image_4135.png,c:\Users\HP\OneDrive\Desktop\Flood_AI_Dataset\05_S1GFloods\Label\image_4135.png,5.1712,1
image_5244.png,c:\Users\HP\OneDrive\Desktop\Flood_AI_Dataset\05_S1GFloods\A\image_5244.png,c:\Users\HP\OneDrive\Desktop\Flood_AI_Dataset\05_S1GFloods\B\image_5244.png,c:\Users\HP\OneDrive\Desktop\Flood_AI_Dataset\05_S1GFloods\Label\image_5244.png,30.3543,2
image_1857.png,c:\Users\HP\OneDrive\Desktop\Flood_AI_Dataset\05_S1GFloods\A\image_1857.png,c:\Users\HP\OneDrive\Desktop\Flood_AI_Dataset\05_S1GFloods\B\image_1857.png,c:\Users\HP\OneDrive\Desktop\Flood_AI_Dataset\05_S1GFloods\Label\image_1857.png,6.5796,1
image_3228.png,c:\Users\HP\OneDrive\Desktop\Flood_AI_Dataset\05_S1GFloods\A\image_3228.png,c:\Users\HP\OneDrive\Desktop\Flood_AI_Dataset\05_S1GFloods\B\image_3228.png,c:\Users\HP\OneDrive\Desktop\Flood_AI_Dataset\05_S1GFloods\Label\image_3228.png,27.2507,2
image_4666.png,c:\Users\HP\OneDrive\Desktop\Flood_AI_Dataset\05_S1GFloods\A\image_4666.png,c:\Users\HP\OneDrive\Desktop\Flood_AI_Dataset\05_S1GFloods\B\image_4666.png,c:\Users\HP\OneDrive\Desktop\Flood_AI_Dataset\05_S1GFloods\Label\image_4666.png,24.4507,2
image_1826.png,c:\Users\HP\OneDrive\Desktop\Flood_AI_Dataset\05_S1GFloods\A\image_1826.png,c:\Users\HP\OneDrive\Desktop\Flood_AI_Dataset\05_S1GFloods\B\image_1826.png,c:\Users\HP\OneDrive\Desktop\Flood_AI_Dataset\05_S1GFloods\Label\image_1826.png,10.6018,2
image_2777.png,c:\Users\HP\OneDrive\Desktop\Flood_AI_Dataset\05_S1GFloods\A\image_2777.png,c:\Users\HP\OneDrive\Desktop\Flood_AI_Dataset\05_S1GFloods\B\image_2777.png,c:\Users\HP\OneDrive\Desktop\Flood_AI_Dataset\05_S1GFloods\Label\image_2777.png,93.5165,2
image_4137.png,c:\Users\HP\OneDrive\Desktop\Flood_AI_Dataset\05_S1GFloods\A\image_4137.png,c:\Users\HP\OneDrive\Desktop\Flood_AI_Dataset\05_S1GFloods\B\image_4137.png,c:\Users\HP\OneDrive\Desktop\Flood_AI_Dataset\05_S1GFloods\Label\image_4137.png,5.8762,1
image_1386.png,c:\Users\HP\OneDrive\Desktop\Flood_AI_Dataset\05_S1GFloods\A\image_1386.png,c:\Users\HP\OneDrive\Desktop\Flood_AI_Dataset\05_S1GFloods\B\image_1386.png,c:\Users\HP\OneDrive\Desktop\Flood_AI_Dataset\05_S1GFloods\Label\image_1386.png,10.0815,2
image_396.png,c:\Users\HP\OneDrive\Desktop\Flood_AI_Dataset\05_S1GFloods\A\image_396.png,c:\Users\HP\OneDrive\Desktop\Flood_AI_Dataset\05_S1GFloods\B\image_396.png,c:\Users\HP\OneDrive\Desktop\Flood_AI_Dataset\05_S1GFloods\Label\image_396.png,5.4077,1
image_5252.png,c:\Users\HP\OneDrive\Desktop\Flood_AI_Dataset\05_S1GFloods\A\image_5252.png,c:\Users\HP\OneDrive\Desktop\Flood_AI_Dataset\05_S1GFloods\B\image_5252.png,c:\Users\HP\OneDrive\Desktop\Flood_AI_Dataset\05_S1GFloods\Label\image_5252.png,7.2464,1
image_3281.png,c:\Users\HP\OneDrive\Desktop\Flood_AI_Dataset\05_S1GFloods\A\image_3281.png,c:\Users\HP\OneDrive\Desktop\Flood_AI_Dataset\05_S1GFloods\B\image_3281.png,c:\Users\HP\OneDrive\Desktop\Flood_AI_Dataset\05_S1GFloods\Label\image_3281.png,33.0933,2
image_1271.png,c:\Users\HP\OneDrive\Desktop\Flood_AI_Dataset\05_S1GFloods\A\image_1271.png,c:\Users\HP\OneDrive\Desktop\Flood_AI_Dataset\05_S1GFloods\B\image_1271.png,c:\Users\HP\OneDrive\Desktop\Flood_AI_Dataset\05_S1GFloods\Label\image_1271.png,27.5314,2
image_2346.png,c:\Users\HP\OneDrive\Desktop\Flood_AI_Dataset\05_S1GFloods\A\image_2346.png,c:\Users\HP\OneDrive\Desktop\Flood_AI_Dataset\05_S1GFloods\B\image_2346.png,c:\Users\HP\OneDrive\Desktop\Flood_AI_Dataset\05_S1GFloods\Label\image_2346.png,14.0991,2
image_4054.png,c:\Users\HP\OneDrive\Desktop\Flood_AI_Dataset\05_S1GFloods\A\image_4054.png,c:\Users\HP\OneDrive\Desktop\Flood_AI_Dataset\05_S1GFloods\B\image_4054.png,c:\Users\HP\OneDrive\Desktop\Flood_AI_Dataset\05_S1GFloods\Label\image_4054.png,17.4759,2
image_145.png,c:\Users\HP\OneDrive\Desktop\Flood_AI_Dataset\05_S1GFloods\A\image_145.png,c:\Users\HP\OneDrive\Desktop\Flood_AI_Dataset\05_S1GFloods\B\image_145.png,c:\Users\HP\OneDrive\Desktop\Flood_AI_Dataset\05_S1GFloods\Label\image_145.png,13.6795,2
image_447.png,c:\Users\HP\OneDrive\Desktop\Flood_AI_Dataset\05_S1GFloods\A\image_447.png,c:\Users\HP\OneDrive\Desktop\Flood_AI_Dataset\05_S1GFloods\B\image_447.png,c:\Users\HP\OneDrive\Desktop\Flood_AI_Dataset\05_S1GFloods\Label\image_447.png,35.4248,2
image_568.png,c:\Users\HP\OneDrive\Desktop\Flood_AI_Dataset\05_S1GFloods\A\image_568.png,c:\Users\HP\OneDrive\Desktop\Flood_AI_Dataset\05_S1GFloods\B\image_568.png,c:\Users\HP\OneDrive\Desktop\Flood_AI_Dataset\05_S1GFloods\Label\image_568.png,93.4494,2
image_2508.png,c:\Users\HP\OneDrive\Desktop\Flood_AI_Dataset\05_S1GFloods\A\image_2508.png,c:\Users\HP\OneDrive\Desktop\Flood_AI_Dataset\05_S1GFloods\B\image_2508.png,c:\Users\HP\OneDrive\Desktop\Flood_AI_Dataset\05_S1GFloods\Label\image_2508.png,44.2902,2
image_864.png,c:\Users\HP\OneDrive\Desktop\Flood_AI_Dataset\05_S1GFloods\A\image_864.png,c:\Users\HP\OneDrive\Desktop\Flood_AI_Dataset\05_S1GFloods\B\image_864.png,c:\Users\HP\OneDrive\Desktop\Flood_AI_Dataset\05_S1GFloods\Label\image_864.png,62.2467,2
image_1075.png,c:\Users\HP\OneDrive\Desktop\Flood_AI_Dataset\05_S1GFloods\A\image_1075.png,c:\Users\HP\OneDrive\Desktop\Flood_AI_Dataset\05_S1GFloods\B\image_1075.png,c:\Users\HP\OneDrive\Desktop\Flood_AI_Dataset\05_S1GFloods\Label\image_1075.png,45.8038,2
image_5185.png,c:\Users\HP\OneDrive\Desktop\Flood_AI_Dataset\05_S1GFloods\A\image_5185.png,c:\Users\HP\OneDrive\Desktop\Flood_AI_Dataset\05_S1GFloods\B\image_5185.png,c:\Users\HP\OneDrive\Desktop\Flood_AI_Dataset\05_S1GFloods\Label\image_5185.png,22.4686,2
image_3172.png,c:\Users\HP\OneDrive\Desktop\Flood_AI_Dataset\05_S1GFloods\A\image_3172.png,c:\Users\HP\OneDrive\Desktop\Flood_AI_Dataset\05_S1GFloods\B\image_3172.png,c:\Users\HP\OneDrive\Desktop\Flood_AI_Dataset\05_S1GFloods\Label\image_3172.png,41.5283,2
image_1893.png,c:\Users\HP\OneDrive\Desktop\Flood_AI_Dataset\05_S1GFloods\A\image_1893.png,c:\Users\HP\OneDrive\Desktop\Flood_AI_Dataset\05_S1GFloods\B\image_1893.png,c:\Users\HP\OneDrive\Desktop\Flood_AI_Dataset\05_S1GFloods\Label\image_1893.png,12.0682,2
image_2257.png,c:\Users\HP\OneDrive\Desktop\Flood_AI_Dataset\05_S1GFloods\A\image_2257.png,c:\Users\HP\OneDrive\Desktop\Flood_AI_Dataset\05_S1GFloods\B\image_2257.png,c:\Users\HP\OneDrive\Desktop\Flood_AI_Dataset\05_S1GFloods\Label\image_2257.png,10.6369,2
image_888.png,c:\Users\HP\OneDrive\Desktop\Flood_AI_Dataset\05_S1GFloods\A\image_888.png,c:\Users\HP\OneDrive\Desktop\Flood_AI_Dataset\05_S1GFloods\B\image_888.png,c:\Users\HP\OneDrive\Desktop\Flood_AI_Dataset\05_S1GFloods\Label\image_888.png,61.5799,2
image_3339.png,c:\Users\HP\OneDrive\Desktop\Flood_AI_Dataset\05_S1GFloods\A\image_3339.png,c:\Users\HP\OneDrive\Desktop\Flood_AI_Dataset\05_S1GFloods\B\image_3339.png,c:\Users\HP\OneDrive\Desktop\Flood_AI_Dataset\05_S1GFloods\Label\image_3339.png,23.7534,2
image_538.png,c:\Users\HP\OneDrive\Desktop\Flood_AI_Dataset\05_S1GFloods\A\image_538.png,c:\Users\HP\OneDrive\Desktop\Flood_AI_Dataset\05_S1GFloods\B\image_538.png,c:\Users\HP\OneDrive\Desktop\Flood_AI_Dataset\05_S1GFloods\Label\image_538.png,39.5294,2
image_2398.png,c:\Users\HP\OneDrive\Desktop\Flood_AI_Dataset\05_S1GFloods\A\image_2398.png,c:\Users\HP\OneDrive\Desktop\Flood_AI_Dataset\05_S1GFloods\B\image_2398.png,c:\Users\HP\OneDrive\Desktop\Flood_AI_Dataset\05_S1GFloods\Label\image_2398.png,8.5663,1
image_3644.png,c:\Users\HP\OneDrive\Desktop\Flood_AI_Dataset\05_S1GFloods\A\image_3644.png,c:\Users\HP\OneDrive\Desktop\Flood_AI_Dataset\05_S1GFloods\B\image_3644.png,c:\Users\HP\OneDrive\Desktop\Flood_AI_Dataset\05_S1GFloods\Label\image_3644.png,86.3586,2
image_3276.png,c:\Users\HP\OneDrive\Desktop\Flood_AI_Dataset\05_S1GFloods\A\image_3276.png,c:\Users\HP\OneDrive\Desktop\Flood_AI_Dataset\05_S1GFloods\B\image_3276.png,c:\Users\HP\OneDrive\Desktop\Flood_AI_Dataset\05_S1GFloods\Label\image_3276.png,6.2683,1
image_2967.png,c:\Users\HP\OneDrive\Desktop\Flood_AI_Dataset\05_S1GFloods\A\image_2967.png,c:\Users\HP\OneDrive\Desktop\Flood_AI_Dataset\05_S1GFloods\B\image_2967.png,c:\Users\HP\OneDrive\Desktop\Flood_AI_Dataset\05_S1GFloods\Label\image_2967.png,8.02,1
image_4904.png,c:\Users\HP\OneDrive\Desktop\Flood_AI_Dataset\05_S1GFloods\A\image_4904.png,c:\Users\HP\OneDrive\Desktop\Flood_AI_Dataset\05_S1GFloods\B\image_4904.png,c:\Users\HP\OneDrive\Desktop\Flood_AI_Dataset\05_S1GFloods\Label\image_4904.png,25.8774,2
image_4201.png,c:\Users\HP\OneDrive\Desktop\Flood_AI_Dataset\05_S1GFloods\A\image_4201.png,c:\Users\HP\OneDrive\Desktop\Flood_AI_Dataset\05_S1GFloods\B\image_4201.png,c:\Users\HP\OneDrive\Desktop\Flood_AI_Dataset\05_S1GFloods\Label\image_4201.png,30.452,2
image_3946.png,c:\Users\HP\OneDrive\Desktop\Flood_AI_Dataset\05_S1GFloods\A\image_3946.png,c:\Users\HP\OneDrive\Desktop\Flood_AI_Dataset\05_S1GFloods\B\image_3946.png,c:\Users\HP\OneDrive\Desktop\Flood_AI_Dataset\05_S1GFloods\Label\image_3946.png,84.61,2
image_2271.png,c:\Users\HP\OneDrive\Desktop\Flood_AI_Dataset\05_S1GFloods\A\image_2271.png,c:\Users\HP\OneDrive\Desktop\Flood_AI_Dataset\05_S1GFloods\B\image_2271.png,c:\Users\HP\OneDrive\Desktop\Flood_AI_Dataset\05_S1GFloods\Label\image_2271.png,26.3657,2
image_2882.png,c:\Users\HP\OneDrive\Desktop\Flood_AI_Dataset\05_S1GFloods\A\image_2882.png,c:\Users\HP\OneDrive\Desktop\Flood_AI_Dataset\05_S1GFloods\B\image_2882.png,c:\Users\HP\OneDrive\Desktop\Flood_AI_Dataset\05_S1GFloods\Label\image_2882.png,50.0015,2
image_4110.png,c:\Users\HP\OneDrive\Desktop\Flood_AI_Dataset\05_S1GFloods\A\image_4110.png,c:\Users\HP\OneDrive\Desktop\Flood_AI_Dataset\05_S1GFloods\B\image_4110.png,c:\Users\HP\OneDrive\Desktop\Flood_AI_Dataset\05_S1GFloods\Label\image_4110.png,75.2335,2
image_2920.png,c:\Users\HP\OneDrive\Desktop\Flood_AI_Dataset\05_S1GFloods\A\image_2920.png,c:\Users\HP\OneDrive\Desktop\Flood_AI_Dataset\05_S1GFloods\B\image_2920.png,c:\Users\HP\OneDrive\Desktop\Flood_AI_Dataset\05_S1GFloods\Label\image_2920.png,43.013,2
image_4209.png,c:\Users\HP\OneDrive\Desktop\Flood_AI_Dataset\05_S1GFloods\A\image_4209.png,c:\Users\HP\OneDrive\Desktop\Flood_AI_Dataset\05_S1GFloods\B\image_4209.png,c:\Users\HP\OneDrive\Desktop\Flood_AI_Dataset\05_S1GFloods\Label\image_4209.png,15.6784,2
image_4394.png,c:\Users\HP\OneDrive\Desktop\Flood_AI_Dataset\05_S1GFloods\A\image_4394.png,c:\Users\HP\OneDrive\Desktop\Flood_AI_Dataset\05_S1GFloods\B\image_4394.png,c:\Users\HP\OneDrive\Desktop\Flood_AI_Dataset\05_S1GFloods\Label\image_4394.png,66.7328,2
image_1338.png,c:\Users\HP\OneDrive\Desktop\Flood_AI_Dataset\05_S1GFloods\A\image_1338.png,c:\Users\HP\OneDrive\Desktop\Flood_AI_Dataset\05_S1GFloods\B\image_1338.png,c:\Users\HP\OneDrive\Desktop\Flood_AI_Dataset\05_S1GFloods\Label\image_1338.png,9.3063,1
image_4202.png,c:\Users\HP\OneDrive\Desktop\Flood_AI_Dataset\05_S1GFloods\A\image_4202.png,c:\Users\HP\OneDrive\Desktop\Flood_AI_Dataset\05_S1GFloods\B\image_4202.png,c:\Users\HP\OneDrive\Desktop\Flood_AI_Dataset\05_S1GFloods\Label\image_4202.png,11.6959,2
image_1583.png,c:\Users\HP\OneDrive\Desktop\Flood_AI_Dataset\05_S1GFloods\A\image_1583.png,c:\Users\HP\OneDrive\Desktop\Flood_AI_Dataset\05_S1GFloods\B\image_1583.png,c:\Users\HP\OneDrive\Desktop\Flood_AI_Dataset\05_S1GFloods\Label\image_1583.png,8.7646,1
image_4211.png,c:\Users\HP\OneDrive\Desktop\Flood_AI_Dataset\05_S1GFloods\A\image_4211.png,c:\Users\HP\OneDrive\Desktop\Flood_AI_Dataset\05_S1GFloods\B\image_4211.png,c:\Users\HP\OneDrive\Desktop\Flood_AI_Dataset\05_S1GFloods\Label\image_4211.png,37.4496,2
image_4805.png,c:\Users\HP\OneDrive\Desktop\Flood_AI_Dataset\05_S1GFloods\A\image_4805.png,c:\Users\HP\OneDrive\Desktop\Flood_AI_Dataset\05_S1GFloods\B\image_4805.png,c:\Users\HP\OneDrive\Desktop\Flood_AI_Dataset\05_S1GFloods\Label\image_4805.png,9.4543,1
image_3102.png,c:\Users\HP\OneDrive\Desktop\Flood_AI_Dataset\05_S1GFloods\A\image_3102.png,c:\Users\HP\OneDrive\Desktop\Flood_AI_Dataset\05_S1GFloods\B\image_3102.png,c:\Users\HP\OneDrive\Desktop\Flood_AI_Dataset\05_S1GFloods\Label\image_3102.png,11.6867,2
image_330.png,c:\Users\HP\OneDrive\Desktop\Flood_AI_Dataset\05_S1GFloods\A\image_330.png,c:\Users\HP\OneDrive\Desktop\Flood_AI_Dataset\05_S1GFloods\B\image_330.png,c:\Users\HP\OneDrive\Desktop\Flood_AI_Dataset\05_S1GFloods\Label\image_330.png,40.4419,2
image_2297.png,c:\Users\HP\OneDrive\Desktop\Flood_AI_Dataset\05_S1GFloods\A\image_2297.png,c:\Users\HP\OneDrive\Desktop\Flood_AI_Dataset\05_S1GFloods\B\image_2297.png,c:\Users\HP\OneDrive\Desktop\Flood_AI_Dataset\05_S1GFloods\Label\image_2297.png,27.1729,2
image_4321.png,c:\Users\HP\OneDrive\Desktop\Flood_AI_Dataset\05_S1GFloods\A\image_4321.png,c:\Users\HP\OneDrive\Desktop\Flood_AI_Dataset\05_S1GFloods\B\image_4321.png,c:\Users\HP\OneDrive\Desktop\Flood_AI_Dataset\05_S1GFloods\Label\image_4321.png,29.2236,2
image_5256.png,c:\Users\HP\OneDrive\Desktop\Flood_AI_Dataset\05_S1GFloods\A\image_5256.png,c:\Users\HP\OneDrive\Desktop\Flood_AI_Dataset\05_S1GFloods\B\image_5256.png,c:\Users\HP\OneDrive\Desktop\Flood_AI_Dataset\05_S1GFloods\Label\image_5256.png,28.9612,2
image_3050.png,c:\Users\HP\OneDrive\Desktop\Flood_AI_Dataset\05_S1GFloods\A\image_3050.png,c:\Users\HP\OneDrive\Desktop\Flood_AI_Dataset\05_S1GFloods\B\image_3050.png,c:\Users\HP\OneDrive\Desktop\Flood_AI_Dataset\05_S1GFloods\Label\image_3050.png,19.7968,2
image_4753.png,c:\Users\HP\OneDrive\Desktop\Flood_AI_Dataset\05_S1GFloods\A\image_4753.png,c:\Users\HP\OneDrive\Desktop\Flood_AI_Dataset\05_S1GFloods\B\image_4753.png,c:\Users\HP\OneDrive\Desktop\Flood_AI_Dataset\05_S1GFloods\Label\image_4753.png,23.0301,2
image_4119.png,c:\Users\HP\OneDrive\Desktop\Flood_AI_Dataset\05_S1GFloods\A\image_4119.png,c:\Users\HP\OneDrive\Desktop\Flood_AI_Dataset\05_S1GFloods\B\image_4119.png,c:\Users\HP\OneDrive\Desktop\Flood_AI_Dataset\05_S1GFloods\Label\image_4119.png,12.5244,2
image_185.png,c:\Users\HP\OneDrive\Desktop\Flood_AI_Dataset\05_S1GFloods\A\image_185.png,c:\Users\HP\OneDrive\Desktop\Flood_AI_Dataset\05_S1GFloods\B\image_185.png,c:\Users\HP\OneDrive\Desktop\Flood_AI_Dataset\05_S1GFloods\Label\image_185.png,17.6422,2
image_1468.png,c:\Users\HP\OneDrive\Desktop\Flood_AI_Dataset\05_S1GFloods\A\image_1468.png,c:\Users\HP\OneDrive\Desktop\Flood_AI_Dataset\05_S1GFloods\B\image_1468.png,c:\Users\HP\OneDrive\Desktop\Flood_AI_Dataset\05_S1GFloods\Label\image_1468.png,15.9561,2
image_3447.png,c:\Users\HP\OneDrive\Desktop\Flood_AI_Dataset\05_S1GFloods\A\image_3447.png,c:\Users\HP\OneDrive\Desktop\Flood_AI_Dataset\05_S1GFloods\B\image_3447.png,c:\Users\HP\OneDrive\Desktop\Flood_AI_Dataset\05_S1GFloods\Label\image_3447.png,8.9035,1
image_2109.png,c:\Users\HP\OneDrive\Desktop\Flood_AI_Dataset\05_S1GFloods\A\image_2109.png,c:\Users\HP\OneDrive\Desktop\Flood_AI_Dataset\05_S1GFloods\B\image_2109.png,c:\Users\HP\OneDrive\Desktop\Flood_AI_Dataset\05_S1GFloods\Label\image_2109.png,12.3825,2
image_1670.png,c:\Users\HP\OneDrive\Desktop\Flood_AI_Dataset\05_S1GFloods\A\image_1670.png,c:\Users\HP\OneDrive\Desktop\Flood_AI_Dataset\05_S1GFloods\B\image_1670.png,c:\Users\HP\OneDrive\Desktop\Flood_AI_Dataset\05_S1GFloods\Label\image_1670.png,31.218,2
image_310.png,c:\Users\HP\OneDrive\Desktop\Flood_AI_Dataset\05_S1GFloods\A\image_310.png,c:\Users\HP\OneDrive\Desktop\Flood_AI_Dataset\05_S1GFloods\B\image_310.png,c:\Users\HP\OneDrive\Desktop\Flood_AI_Dataset\05_S1GFloods\Label\image_310.png,72.6456,2
image_591.png,c:\Users\HP\OneDrive\Desktop\Flood_AI_Dataset\05_S1GFloods\A\image_591.png,c:\Users\HP\OneDrive\Desktop\Flood_AI_Dataset\05_S1GFloods\B\image_591.png,c:\Users\HP\OneDrive\Desktop\Flood_AI_Dataset\05_S1GFloods\Label\image_591.png,10.1807,2
image_4897.png,c:\Users\HP\OneDrive\Desktop\Flood_AI_Dataset\05_S1GFloods\A\image_4897.png,c:\Users\HP\OneDrive\Desktop\Flood_AI_Dataset\05_S1GFloods\B\image_4897.png,c:\Users\HP\OneDrive\Desktop\Flood_AI_Dataset\05_S1GFloods\Label\image_4897.png,41.658,2
image_3666.png,c:\Users\HP\OneDrive\Desktop\Flood_AI_Dataset\05_S1GFloods\A\image_3666.png,c:\Users\HP\OneDrive\Desktop\Flood_AI_Dataset\05_S1GFloods\B\image_3666.png,c:\Users\HP\OneDrive\Desktop\Flood_AI_Dataset\05_S1GFloods\Label\image_3666.png,11.2137,2
image_4153.png,c:\Users\HP\OneDrive\Desktop\Flood_AI_Dataset\05_S1GFloods\A\image_4153.png,c:\Users\HP\OneDrive\Desktop\Flood_AI_Dataset\05_S1GFloods\B\image_4153.png,c:\Users\HP\OneDrive\Desktop\Flood_AI_Dataset\05_S1GFloods\Label\image_4153.png,23.6984,2
image_3701.png,c:\Users\HP\OneDrive\Desktop\Flood_AI_Dataset\05_S1GFloods\A\image_3701.png,c:\Users\HP\OneDrive\Desktop\Flood_AI_Dataset\05_S1GFloods\B\image_3701.png,c:\Users\HP\OneDrive\Desktop\Flood_AI_Dataset\05_S1GFloods\Label\image_3701.png,7.8247,1
image_1732.png,c:\Users\HP\OneDrive\Desktop\Flood_AI_Dataset\05_S1GFloods\A\image_1732.png,c:\Users\HP\OneDrive\Desktop\Flood_AI_Dataset\05_S1GFloods\B\image_1732.png,c:\Users\HP\OneDrive\Desktop\Flood_AI_Dataset\05_S1GFloods\Label\image_1732.png,15.4526,2
image_3467.png,c:\Users\HP\OneDrive\Desktop\Flood_AI_Dataset\05_S1GFloods\A\image_3467.png,c:\Users\HP\OneDrive\Desktop\Flood_AI_Dataset\05_S1GFloods\B\image_3467.png,c:\Users\HP\OneDrive\Desktop\Flood_AI_Dataset\05_S1GFloods\Label\image_3467.png,7.9315,1
image_2261.png,c:\Users\HP\OneDrive\Desktop\Flood_AI_Dataset\05_S1GFloods\A\image_2261.png,c:\Users\HP\OneDrive\Desktop\Flood_AI_Dataset\05_S1GFloods\B\image_2261.png,c:\Users\HP\OneDrive\Desktop\Flood_AI_Dataset\05_S1GFloods\Label\image_2261.png,40.2115,2
image_3268.png,c:\Users\HP\OneDrive\Desktop\Flood_AI_Dataset\05_S1GFloods\A\image_3268.png,c:\Users\HP\OneDrive\Desktop\Flood_AI_Dataset\05_S1GFloods\B\image_3268.png,c:\Users\HP\OneDrive\Desktop\Flood_AI_Dataset\05_S1GFloods\Label\image_3268.png,48.7396,2
image_3159.png,c:\Users\HP\OneDrive\Desktop\Flood_AI_Dataset\05_S1GFloods\A\image_3159.png,c:\Users\HP\OneDrive\Desktop\Flood_AI_Dataset\05_S1GFloods\B\image_3159.png,c:\Users\HP\OneDrive\Desktop\Flood_AI_Dataset\05_S1GFloods\Label\image_3159.png,70.8206,2
image_1968.png,c:\Users\HP\OneDrive\Desktop\Flood_AI_Dataset\05_S1GFloods\A\image_1968.png,c:\Users\HP\OneDrive\Desktop\Flood_AI_Dataset\05_S1GFloods\B\image_1968.png,c:\Users\HP\OneDrive\Desktop\Flood_AI_Dataset\05_S1GFloods\Label\image_1968.png,26.6556,2
image_2810.png,c:\Users\HP\OneDrive\Desktop\Flood_AI_Dataset\05_S1GFloods\A\image_2810.png,c:\Users\HP\OneDrive\Desktop\Flood_AI_Dataset\05_S1GFloods\B\image_2810.png,c:\Users\HP\OneDrive\Desktop\Flood_AI_Dataset\05_S1GFloods\Label\image_2810.png,82.0557,2
image_3936.png,c:\Users\HP\OneDrive\Desktop\Flood_AI_Dataset\05_S1GFloods\A\image_3936.png,c:\Users\HP\OneDrive\Desktop\Flood_AI_Dataset\05_S1GFloods\B\image_3936.png,c:\Users\HP\OneDrive\Desktop\Flood_AI_Dataset\05_S1GFloods\Label\image_3936.png,9.7916,1
image_1681.png,c:\Users\HP\OneDrive\Desktop\Flood_AI_Dataset\05_S1GFloods\A\image_1681.png,c:\Users\HP\OneDrive\Desktop\Flood_AI_Dataset\05_S1GFloods\B\image_1681.png,c:\Users\HP\OneDrive\Desktop\Flood_AI_Dataset\05_S1GFloods\Label\image_1681.png,43.2526,2
image_4057.png,c:\Users\HP\OneDrive\Desktop\Flood_AI_Dataset\05_S1GFloods\A\image_4057.png,c:\Users\HP\OneDrive\Desktop\Flood_AI_Dataset\05_S1GFloods\B\image_4057.png,c:\Users\HP\OneDrive\Desktop\Flood_AI_Dataset\05_S1GFloods\Label\image_4057.png,50.9872,2
image_2280.png,c:\Users\HP\OneDrive\Desktop\Flood_AI_Dataset\05_S1GFloods\A\image_2280.png,c:\Users\HP\OneDrive\Desktop\Flood_AI_Dataset\05_S1GFloods\B\image_2280.png,c:\Users\HP\OneDrive\Desktop\Flood_AI_Dataset\05_S1GFloods\Label\image_2280.png,20.9457,2
image_4660.png,c:\Users\HP\OneDrive\Desktop\Flood_AI_Dataset\05_S1GFloods\A\image_4660.png,c:\Users\HP\OneDrive\Desktop\Flood_AI_Dataset\05_S1GFloods\B\image_4660.png,c:\Users\HP\OneDrive\Desktop\Flood_AI_Dataset\05_S1GFloods\Label\image_4660.png,13.5193,2
image_4985.png,c:\Users\HP\OneDrive\Desktop\Flood_AI_Dataset\05_S1GFloods\A\image_4985.png,c:\Users\HP\OneDrive\Desktop\Flood_AI_Dataset\05_S1GFloods\B\image_4985.png,c:\Users\HP\OneDrive\Desktop\Flood_AI_Dataset\05_S1GFloods\Label\image_4985.png,18.3655,2
image_785.png,c:\Users\HP\OneDrive\Desktop\Flood_AI_Dataset\05_S1GFloods\A\image_785.png,c:\Users\HP\OneDrive\Desktop\Flood_AI_Dataset\05_S1GFloods\B\image_785.png,c:\Users\HP\OneDrive\Desktop\Flood_AI_Dataset\05_S1GFloods\Label\image_785.png,8.3649,1
image_4932.png,c:\Users\HP\OneDrive\Desktop\Flood_AI_Dataset\05_S1GFloods\A\image_4932.png,c:\Users\HP\OneDrive\Desktop\Flood_AI_Dataset\05_S1GFloods\B\image_4932.png,c:\Users\HP\OneDrive\Desktop\Flood_AI_Dataset\05_S1GFloods\Label\image_4932.png,41.7206,2
image_5214.png,c:\Users\HP\OneDrive\Desktop\Flood_AI_Dataset\05_S1GFloods\A\image_5214.png,c:\Users\HP\OneDrive\Desktop\Flood_AI_Dataset\05_S1GFloods\B\image_5214.png,c:\Users\HP\OneDrive\Desktop\Flood_AI_Dataset\05_S1GFloods\Label\image_5214.png,9.816,1
image_4674.png,c:\Users\HP\OneDrive\Desktop\Flood_AI_Dataset\05_S1GFloods\A\image_4674.png,c:\Users\HP\OneDrive\Desktop\Flood_AI_Dataset\05_S1GFloods\B\image_4674.png,c:\Users\HP\OneDrive\Desktop\Flood_AI_Dataset\05_S1GFloods\Label\image_4674.png,29.7409,2
image_425.png,c:\Users\HP\OneDrive\Desktop\Flood_AI_Dataset\05_S1GFloods\A\image_425.png,c:\Users\HP\OneDrive\Desktop\Flood_AI_Dataset\05_S1GFloods\B\image_425.png,c:\Users\HP\OneDrive\Desktop\Flood_AI_Dataset\05_S1GFloods\Label\image_425.png,55.7037,2
image_4487.png,c:\Users\HP\OneDrive\Desktop\Flood_AI_Dataset\05_S1GFloods\A\image_4487.png,c:\Users\HP\OneDrive\Desktop\Flood_AI_Dataset\05_S1GFloods\B\image_4487.png,c:\Users\HP\OneDrive\Desktop\Flood_AI_Dataset\05_S1GFloods\Label\image_4487.png,78.8422,2
image_3157.png,c:\Users\HP\OneDrive\Desktop\Flood_AI_Dataset\05_S1GFloods\A\image_3157.png,c:\Users\HP\OneDrive\Desktop\Flood_AI_Dataset\05_S1GFloods\B\image_3157.png,c:\Users\HP\OneDrive\Desktop\Flood_AI_Dataset\05_S1GFloods\Label\image_3157.png,83.0566,2
image_2433.png,c:\Users\HP\OneDrive\Desktop\Flood_AI_Dataset\05_S1GFloods\A\image_2433.png,c:\Users\HP\OneDrive\Desktop\Flood_AI_Dataset\05_S1GFloods\B\image_2433.png,c:\Users\HP\OneDrive\Desktop\Flood_AI_Dataset\05_S1GFloods\Label\image_2433.png,22.1313,2
image_2301.png,c:\Users\HP\OneDrive\Desktop\Flood_AI_Dataset\05_S1GFloods\A\image_2301.png,c:\Users\HP\OneDrive\Desktop\Flood_AI_Dataset\05_S1GFloods\B\image_2301.png,c:\Users\HP\OneDrive\Desktop\Flood_AI_Dataset\05_S1GFloods\Label\image_2301.png,53.8605,2
image_3316.png,c:\Users\HP\OneDrive\Desktop\Flood_AI_Dataset\05_S1GFloods\A\image_3316.png,c:\Users\HP\OneDrive\Desktop\Flood_AI_Dataset\05_S1GFloods\B\image_3316.png,c:\Users\HP\OneDrive\Desktop\Flood_AI_Dataset\05_S1GFloods\Label\image_3316.png,11.9904,2
image_4822.png,c:\Users\HP\OneDrive\Desktop\Flood_AI_Dataset\05_S1GFloods\A\image_4822.png,c:\Users\HP\OneDrive\Desktop\Flood_AI_Dataset\05_S1GFloods\B\image_4822.png,c:\Users\HP\OneDrive\Desktop\Flood_AI_Dataset\05_S1GFloods\Label\image_4822.png,15.6647,2
image_2176.png,c:\Users\HP\OneDrive\Desktop\Flood_AI_Dataset\05_S1GFloods\A\image_2176.png,c:\Users\HP\OneDrive\Desktop\Flood_AI_Dataset\05_S1GFloods\B\image_2176.png,c:\Users\HP\OneDrive\Desktop\Flood_AI_Dataset\05_S1GFloods\Label\image_2176.png,5.0232,1
image_4392.png,c:\Users\HP\OneDrive\Desktop\Flood_AI_Dataset\05_S1GFloods\A\image_4392.png,c:\Users\HP\OneDrive\Desktop\Flood_AI_Dataset\05_S1GFloods\B\image_4392.png,c:\Users\HP\OneDrive\Desktop\Flood_AI_Dataset\05_S1GFloods\Label\image_4392.png,91.9968,2
image_65.png,c:\Users\HP\OneDrive\Desktop\Flood_AI_Dataset\05_S1GFloods\A\image_65.png,c:\Users\HP\OneDrive\Desktop\Flood_AI_Dataset\05_S1GFloods\B\image_65.png,c:\Users\HP\OneDrive\Desktop\Flood_AI_Dataset\05_S1GFloods\Label\image_65.png,24.7116,2
image_2641.png,c:\Users\HP\OneDrive\Desktop\Flood_AI_Dataset\05_S1GFloods\A\image_2641.png,c:\Users\HP\OneDrive\Desktop\Flood_AI_Dataset\05_S1GFloods\B\image_2641.png,c:\Users\HP\OneDrive\Desktop\Flood_AI_Dataset\05_S1GFloods\Label\image_2641.png,79.0878,2
image_707.png,c:\Users\HP\OneDrive\Desktop\Flood_AI_Dataset\05_S1GFloods\A\image_707.png,c:\Users\HP\OneDrive\Desktop\Flood_AI_Dataset\05_S1GFloods\B\image_707.png,c:\Users\HP\OneDrive\Desktop\Flood_AI_Dataset\05_S1GFloods\Label\image_707.png,75.4318,2
image_3005.png,c:\Users\HP\OneDrive\Desktop\Flood_AI_Dataset\05_S1GFloods\A\image_3005.png,c:\Users\HP\OneDrive\Desktop\Flood_AI_Dataset\05_S1GFloods\B\image_3005.png,c:\Users\HP\OneDrive\Desktop\Flood_AI_Dataset\05_S1GFloods\Label\image_3005.png,13.1714,2
image_3376.png,c:\Users\HP\OneDrive\Desktop\Flood_AI_Dataset\05_S1GFloods\A\image_3376.png,c:\Users\HP\OneDrive\Desktop\Flood_AI_Dataset\05_S1GFloods\B\image_3376.png,c:\Users\HP\OneDrive\Desktop\Flood_AI_Dataset\05_S1GFloods\Label\image_3376.png,32.3196,2
image_4369.png,c:\Users\HP\OneDrive\Desktop\Flood_AI_Dataset\05_S1GFloods\A\image_4369.png,c:\Users\HP\OneDrive\Desktop\Flood_AI_Dataset\05_S1GFloods\B\image_4369.png,c:\Users\HP\OneDrive\Desktop\Flood_AI_Dataset\05_S1GFloods\Label\image_4369.png,43.5089,2
image_4908.png,c:\Users\HP\OneDrive\Desktop\Flood_AI_Dataset\05_S1GFloods\A\image_4908.png,c:\Users\HP\OneDrive\Desktop\Flood_AI_Dataset\05_S1GFloods\B\image_4908.png,c:\Users\HP\OneDrive\Desktop\Flood_AI_Dataset\05_S1GFloods\Label\image_4908.png,11.084,2
image_1569.png,c:\Users\HP\OneDrive\Desktop\Flood_AI_Dataset\05_S1GFloods\A\image_1569.png,c:\Users\HP\OneDrive\Desktop\Flood_AI_Dataset\05_S1GFloods\B\image_1569.png,c:\Users\HP\OneDrive\Desktop\Flood_AI_Dataset\05_S1GFloods\Label\image_1569.png,5.7907,1
image_3877.png,c:\Users\HP\OneDrive\Desktop\Flood_AI_Dataset\05_S1GFloods\A\image_3877.png,c:\Users\HP\OneDrive\Desktop\Flood_AI_Dataset\05_S1GFloods\B\image_3877.png,c:\Users\HP\OneDrive\Desktop\Flood_AI_Dataset\05_S1GFloods\Label\image_3877.png,84.6832,2
image_575.png,c:\Users\HP\OneDrive\Desktop\Flood_AI_Dataset\05_S1GFloods\A\image_575.png,c:\Users\HP\OneDrive\Desktop\Flood_AI_Dataset\05_S1GFloods\B\image_575.png,c:\Users\HP\OneDrive\Desktop\Flood_AI_Dataset\05_S1GFloods\Label\image_575.png,93.8721,2
image_4399.png,c:\Users\HP\OneDrive\Desktop\Flood_AI_Dataset\05_S1GFloods\A\image_4399.png,c:\Users\HP\OneDrive\Desktop\Flood_AI_Dataset\05_S1GFloods\B\image_4399.png,c:\Users\HP\OneDrive\Desktop\Flood_AI_Dataset\05_S1GFloods\Label\image_4399.png,20.4865,2
image_4328.png,c:\Users\HP\OneDrive\Desktop\Flood_AI_Dataset\05_S1GFloods\A\image_4328.png,c:\Users\HP\OneDrive\Desktop\Flood_AI_Dataset\05_S1GFloods\B\image_4328.png,c:\Users\HP\OneDrive\Desktop\Flood_AI_Dataset\05_S1GFloods\Label\image_4328.png,94.0338,2
image_1752.png,c:\Users\HP\OneDrive\Desktop\Flood_AI_Dataset\05_S1GFloods\A\image_1752.png,c:\Users\HP\OneDrive\Desktop\Flood_AI_Dataset\05_S1GFloods\B\image_1752.png,c:\Users\HP\OneDrive\Desktop\Flood_AI_Dataset\05_S1GFloods\Label\image_1752.png,10.5652,2
image_3094.png,c:\Users\HP\OneDrive\Desktop\Flood_AI_Dataset\05_S1GFloods\A\image_3094.png,c:\Users\HP\OneDrive\Desktop\Flood_AI_Dataset\05_S1GFloods\B\image_3094.png,c:\Users\HP\OneDrive\Desktop\Flood_AI_Dataset\05_S1GFloods\Label\image_3094.png,16.8991,2
image_4109.png,c:\Users\HP\OneDrive\Desktop\Flood_AI_Dataset\05_S1GFloods\A\image_4109.png,c:\Users\HP\OneDrive\Desktop\Flood_AI_Dataset\05_S1GFloods\B\image_4109.png,c:\Users\HP\OneDrive\Desktop\Flood_AI_Dataset\05_S1GFloods\Label\image_4109.png,11.0947,2
image_4913.png,c:\Users\HP\OneDrive\Desktop\Flood_AI_Dataset\05_S1GFloods\A\image_4913.png,c:\Users\HP\OneDrive\Desktop\Flood_AI_Dataset\05_S1GFloods\B\image_4913.png,c:\Users\HP\OneDrive\Desktop\Flood_AI_Dataset\05_S1GFloods\Label\image_4913.png,17.5583,2
image_2942.png,c:\Users\HP\OneDrive\Desktop\Flood_AI_Dataset\05_S1GFloods\A\image_2942.png,c:\Users\HP\OneDrive\Desktop\Flood_AI_Dataset\05_S1GFloods\B\image_2942.png,c:\Users\HP\OneDrive\Desktop\Flood_AI_Dataset\05_S1GFloods\Label\image_2942.png,96.1182,2
image_2131.png,c:\Users\HP\OneDrive\Desktop\Flood_AI_Dataset\05_S1GFloods\A\image_2131.png,c:\Users\HP\OneDrive\Desktop\Flood_AI_Dataset\05_S1GFloods\B\image_2131.png,c:\Users\HP\OneDrive\Desktop\Flood_AI_Dataset\05_S1GFloods\Label\image_2131.png,5.072,1
image_3818.png,c:\Users\HP\OneDrive\Desktop\Flood_AI_Dataset\05_S1GFloods\A\image_3818.png,c:\Users\HP\OneDrive\Desktop\Flood_AI_Dataset\05_S1GFloods\B\image_3818.png,c:\Users\HP\OneDrive\Desktop\Flood_AI_Dataset\05_S1GFloods\Label\image_3818.png,88.8138,2
image_4631.png,c:\Users\HP\OneDrive\Desktop\Flood_AI_Dataset\05_S1GFloods\A\image_4631.png,c:\Users\HP\OneDrive\Desktop\Flood_AI_Dataset\05_S1GFloods\B\image_4631.png,c:\Users\HP\OneDrive\Desktop\Flood_AI_Dataset\05_S1GFloods\Label\image_4631.png,16.7297,2
image_1294.png,c:\Users\HP\OneDrive\Desktop\Flood_AI_Dataset\05_S1GFloods\A\image_1294.png,c:\Users\HP\OneDrive\Desktop\Flood_AI_Dataset\05_S1GFloods\B\image_1294.png,c:\Users\HP\OneDrive\Desktop\Flood_AI_Dataset\05_S1GFloods\Label\image_1294.png,21.7484,2
image_226.png,c:\Users\HP\OneDrive\Desktop\Flood_AI_Dataset\05_S1GFloods\A\image_226.png,c:\Users\HP\OneDrive\Desktop\Flood_AI_Dataset\05_S1GFloods\B\image_226.png,c:\Users\HP\OneDrive\Desktop\Flood_AI_Dataset\05_S1GFloods\Label\image_226.png,42.1814,2
image_4457.png,c:\Users\HP\OneDrive\Desktop\Flood_AI_Dataset\05_S1GFloods\A\image_4457.png,c:\Users\HP\OneDrive\Desktop\Flood_AI_Dataset\05_S1GFloods\B\image_4457.png,c:\Users\HP\OneDrive\Desktop\Flood_AI_Dataset\05_S1GFloods\Label\image_4457.png,30.5389,2
image_4565.png,c:\Users\HP\OneDrive\Desktop\Flood_AI_Dataset\05_S1GFloods\A\image_4565.png,c:\Users\HP\OneDrive\Desktop\Flood_AI_Dataset\05_S1GFloods\B\image_4565.png,c:\Users\HP\OneDrive\Desktop\Flood_AI_Dataset\05_S1GFloods\Label\image_4565.png,11.38,2
image_3224.png,c:\Users\HP\OneDrive\Desktop\Flood_AI_Dataset\05_S1GFloods\A\image_3224.png,c:\Users\HP\OneDrive\Desktop\Flood_AI_Dataset\05_S1GFloods\B\image_3224.png,c:\Users\HP\OneDrive\Desktop\Flood_AI_Dataset\05_S1GFloods\Label\image_3224.png,10.437,2
image_845.png,c:\Users\HP\OneDrive\Desktop\Flood_AI_Dataset\05_S1GFloods\A\image_845.png,c:\Users\HP\OneDrive\Desktop\Flood_AI_Dataset\05_S1GFloods\B\image_845.png,c:\Users\HP\OneDrive\Desktop\Flood_AI_Dataset\05_S1GFloods\Label\image_845.png,40.7272,2
image_1476.png,c:\Users\HP\OneDrive\Desktop\Flood_AI_Dataset\05_S1GFloods\A\image_1476.png,c:\Users\HP\OneDrive\Desktop\Flood_AI_Dataset\05_S1GFloods\B\image_1476.png,c:\Users\HP\OneDrive\Desktop\Flood_AI_Dataset\05_S1GFloods\Label\image_1476.png,68.4479,2
image_3171.png,c:\Users\HP\OneDrive\Desktop\Flood_AI_Dataset\05_S1GFloods\A\image_3171.png,c:\Users\HP\OneDrive\Desktop\Flood_AI_Dataset\05_S1GFloods\B\image_3171.png,c:\Users\HP\OneDrive\Desktop\Flood_AI_Dataset\05_S1GFloods\Label\image_3171.png,30.6595,2
image_438.png,c:\Users\HP\OneDrive\Desktop\Flood_AI_Dataset\05_S1GFloods\A\image_438.png,c:\Users\HP\OneDrive\Desktop\Flood_AI_Dataset\05_S1GFloods\B\image_438.png,c:\Users\HP\OneDrive\Desktop\Flood_AI_Dataset\05_S1GFloods\Label\image_438.png,19.1391,2
image_4800.png,c:\Users\HP\OneDrive\Desktop\Flood_AI_Dataset\05_S1GFloods\A\image_4800.png,c:\Users\HP\OneDrive\Desktop\Flood_AI_Dataset\05_S1GFloods\B\image_4800.png,c:\Users\HP\OneDrive\Desktop\Flood_AI_Dataset\05_S1GFloods\Label\image_4800.png,14.3311,2
image_3622.png,c:\Users\HP\OneDrive\Desktop\Flood_AI_Dataset\05_S1GFloods\A\image_3622.png,c:\Users\HP\OneDrive\Desktop\Flood_AI_Dataset\05_S1GFloods\B\image_3622.png,c:\Users\HP\OneDrive\Desktop\Flood_AI_Dataset\05_S1GFloods\Label\image_3622.png,9.1461,1
image_1962.png,c:\Users\HP\OneDrive\Desktop\Flood_AI_Dataset\05_S1GFloods\A\image_1962.png,c:\Users\HP\OneDrive\Desktop\Flood_AI_Dataset\05_S1GFloods\B\image_1962.png,c:\Users\HP\OneDrive\Desktop\Flood_AI_Dataset\05_S1GFloods\Label\image_1962.png,13.7955,2
image_1388.png,c:\Users\HP\OneDrive\Desktop\Flood_AI_Dataset\05_S1GFloods\A\image_1388.png,c:\Users\HP\OneDrive\Desktop\Flood_AI_Dataset\05_S1GFloods\B\image_1388.png,c:\Users\HP\OneDrive\Desktop\Flood_AI_Dataset\05_S1GFloods\Label\image_1388.png,15.2954,2
image_2932.png,c:\Users\HP\OneDrive\Desktop\Flood_AI_Dataset\05_S1GFloods\A\image_2932.png,c:\Users\HP\OneDrive\Desktop\Flood_AI_Dataset\05_S1GFloods\B\image_2932.png,c:\Users\HP\OneDrive\Desktop\Flood_AI_Dataset\05_S1GFloods\Label\image_2932.png,20.8038,2
image_3393.png,c:\Users\HP\OneDrive\Desktop\Flood_AI_Dataset\05_S1GFloods\A\image_3393.png,c:\Users\HP\OneDrive\Desktop\Flood_AI_Dataset\05_S1GFloods\B\image_3393.png,c:\Users\HP\OneDrive\Desktop\Flood_AI_Dataset\05_S1GFloods\Label\image_3393.png,26.7792,2
image_1486.png,c:\Users\HP\OneDrive\Desktop\Flood_AI_Dataset\05_S1GFloods\A\image_1486.png,c:\Users\HP\OneDrive\Desktop\Flood_AI_Dataset\05_S1GFloods\B\image_1486.png,c:\Users\HP\OneDrive\Desktop\Flood_AI_Dataset\05_S1GFloods\Label\image_1486.png,30.9967,2
image_2698.png,c:\Users\HP\OneDrive\Desktop\Flood_AI_Dataset\05_S1GFloods\A\image_2698.png,c:\Users\HP\OneDrive\Desktop\Flood_AI_Dataset\05_S1GFloods\B\image_2698.png,c:\Users\HP\OneDrive\Desktop\Flood_AI_Dataset\05_S1GFloods\Label\image_2698.png,47.4365,2
image_296.png,c:\Users\HP\OneDrive\Desktop\Flood_AI_Dataset\05_S1GFloods\A\image_296.png,c:\Users\HP\OneDrive\Desktop\Flood_AI_Dataset\05_S1GFloods\B\image_296.png,c:\Users\HP\OneDrive\Desktop\Flood_AI_Dataset\05_S1GFloods\Label\image_296.png,51.6083,2
image_2781.png,c:\Users\HP\OneDrive\Desktop\Flood_AI_Dataset\05_S1GFloods\A\image_2781.png,c:\Users\HP\OneDrive\Desktop\Flood_AI_Dataset\05_S1GFloods\B\image_2781.png,c:\Users\HP\OneDrive\Desktop\Flood_AI_Dataset\05_S1GFloods\Label\image_2781.png,90.6113,2
image_1638.png,c:\Users\HP\OneDrive\Desktop\Flood_AI_Dataset\05_S1GFloods\A\image_1638.png,c:\Users\HP\OneDrive\Desktop\Flood_AI_Dataset\05_S1GFloods\B\image_1638.png,c:\Users\HP\OneDrive\Desktop\Flood_AI_Dataset\05_S1GFloods\Label\image_1638.png,63.5712,2
image_1175.png,c:\Users\HP\OneDrive\Desktop\Flood_AI_Dataset\05_S1GFloods\A\image_1175.png,c:\Users\HP\OneDrive\Desktop\Flood_AI_Dataset\05_S1GFloods\B\image_1175.png,c:\Users\HP\OneDrive\Desktop\Flood_AI_Dataset\05_S1GFloods\Label\image_1175.png,69.9265,2
image_5347.png,c:\Users\HP\OneDrive\Desktop\Flood_AI_Dataset\05_S1GFloods\A\image_5347.png,c:\Users\HP\OneDrive\Desktop\Flood_AI_Dataset\05_S1GFloods\B\image_5347.png,c:\Users\HP\OneDrive\Desktop\Flood_AI_Dataset\05_S1GFloods\Label\image_5347.png,5.4703,1
image_3484.png,c:\Users\HP\OneDrive\Desktop\Flood_AI_Dataset\05_S1GFloods\A\image_3484.png,c:\Users\HP\OneDrive\Desktop\Flood_AI_Dataset\05_S1GFloods\B\image_3484.png,c:\Users\HP\OneDrive\Desktop\Flood_AI_Dataset\05_S1GFloods\Label\image_3484.png,11.4883,2
image_5129.png,c:\Users\HP\OneDrive\Desktop\Flood_AI_Dataset\05_S1GFloods\A\image_5129.png,c:\Users\HP\OneDrive\Desktop\Flood_AI_Dataset\05_S1GFloods\B\image_5129.png,c:\Users\HP\OneDrive\Desktop\Flood_AI_Dataset\05_S1GFloods\Label\image_5129.png,31.3492,2
image_3476.png,c:\Users\HP\OneDrive\Desktop\Flood_AI_Dataset\05_S1GFloods\A\image_3476.png,c:\Users\HP\OneDrive\Desktop\Flood_AI_Dataset\05_S1GFloods\B\image_3476.png,c:\Users\HP\OneDrive\Desktop\Flood_AI_Dataset\05_S1GFloods\Label\image_3476.png,7.6782,1
image_916.png,c:\Users\HP\OneDrive\Desktop\Flood_AI_Dataset\05_S1GFloods\A\image_916.png,c:\Users\HP\OneDrive\Desktop\Flood_AI_Dataset\05_S1GFloods\B\image_916.png,c:\Users\HP\OneDrive\Desktop\Flood_AI_Dataset\05_S1GFloods\Label\image_916.png,18.7561,2
image_3090.png,c:\Users\HP\OneDrive\Desktop\Flood_AI_Dataset\05_S1GFloods\A\image_3090.png,c:\Users\HP\OneDrive\Desktop\Flood_AI_Dataset\05_S1GFloods\B\image_3090.png,c:\Users\HP\OneDrive\Desktop\Flood_AI_Dataset\05_S1GFloods\Label\image_3090.png,43.3105,2
image_4532.png,c:\Users\HP\OneDrive\Desktop\Flood_AI_Dataset\05_S1GFloods\A\image_4532.png,c:\Users\HP\OneDrive\Desktop\Flood_AI_Dataset\05_S1GFloods\B\image_4532.png,c:\Users\HP\OneDrive\Desktop\Flood_AI_Dataset\05_S1GFloods\Label\image_4532.png,6.7932,1
image_4483.png,c:\Users\HP\OneDrive\Desktop\Flood_AI_Dataset\05_S1GFloods\A\image_4483.png,c:\Users\HP\OneDrive\Desktop\Flood_AI_Dataset\05_S1GFloods\B\image_4483.png,c:\Users\HP\OneDrive\Desktop\Flood_AI_Dataset\05_S1GFloods\Label\image_4483.png,15.8432,2
image_4092.png,c:\Users\HP\OneDrive\Desktop\Flood_AI_Dataset\05_S1GFloods\A\image_4092.png,c:\Users\HP\OneDrive\Desktop\Flood_AI_Dataset\05_S1GFloods\B\image_4092.png,c:\Users\HP\OneDrive\Desktop\Flood_AI_Dataset\05_S1GFloods\Label\image_4092.png,11.1252,2
image_956.png,c:\Users\HP\OneDrive\Desktop\Flood_AI_Dataset\05_S1GFloods\A\image_956.png,c:\Users\HP\OneDrive\Desktop\Flood_AI_Dataset\05_S1GFloods\B\image_956.png,c:\Users\HP\OneDrive\Desktop\Flood_AI_Dataset\05_S1GFloods\Label\image_956.png,65.5563,2
image_4991.png,c:\Users\HP\OneDrive\Desktop\Flood_AI_Dataset\05_S1GFloods\A\image_4991.png,c:\Users\HP\OneDrive\Desktop\Flood_AI_Dataset\05_S1GFloods\B\image_4991.png,c:\Users\HP\OneDrive\Desktop\Flood_AI_Dataset\05_S1GFloods\Label\image_4991.png,7.3654,1
image_1171.png,c:\Users\HP\OneDrive\Desktop\Flood_AI_Dataset\05_S1GFloods\A\image_1171.png,c:\Users\HP\OneDrive\Desktop\Flood_AI_Dataset\05_S1GFloods\B\image_1171.png,c:\Users\HP\OneDrive\Desktop\Flood_AI_Dataset\05_S1GFloods\Label\image_1171.png,27.8702,2
image_789.png,c:\Users\HP\OneDrive\Desktop\Flood_AI_Dataset\05_S1GFloods\A\image_789.png,c:\Users\HP\OneDrive\Desktop\Flood_AI_Dataset\05_S1GFloods\B\image_789.png,c:\Users\HP\OneDrive\Desktop\Flood_AI_Dataset\05_S1GFloods\Label\image_789.png,20.9198,2
image_1785.png,c:\Users\HP\OneDrive\Desktop\Flood_AI_Dataset\05_S1GFloods\A\image_1785.png,c:\Users\HP\OneDrive\Desktop\Flood_AI_Dataset\05_S1GFloods\B\image_1785.png,c:\Users\HP\OneDrive\Desktop\Flood_AI_Dataset\05_S1GFloods\Label\image_1785.png,6.1707,1
image_2088.png,c:\Users\HP\OneDrive\Desktop\Flood_AI_Dataset\05_S1GFloods\A\image_2088.png,c:\Users\HP\OneDrive\Desktop\Flood_AI_Dataset\05_S1GFloods\B\image_2088.png,c:\Users\HP\OneDrive\Desktop\Flood_AI_Dataset\05_S1GFloods\Label\image_2088.png,9.1064,1
image_3636.png,c:\Users\HP\OneDrive\Desktop\Flood_AI_Dataset\05_S1GFloods\A\image_3636.png,c:\Users\HP\OneDrive\Desktop\Flood_AI_Dataset\05_S1GFloods\B\image_3636.png,c:\Users\HP\OneDrive\Desktop\Flood_AI_Dataset\05_S1GFloods\Label\image_3636.png,6.8039,1
image_4055.png,c:\Users\HP\OneDrive\Desktop\Flood_AI_Dataset\05_S1GFloods\A\image_4055.png,c:\Users\HP\OneDrive\Desktop\Flood_AI_Dataset\05_S1GFloods\B\image_4055.png,c:\Users\HP\OneDrive\Desktop\Flood_AI_Dataset\05_S1GFloods\Label\image_4055.png,60.9756,2
image_3141.png,c:\Users\HP\OneDrive\Desktop\Flood_AI_Dataset\05_S1GFloods\A\image_3141.png,c:\Users\HP\OneDrive\Desktop\Flood_AI_Dataset\05_S1GFloods\B\image_3141.png,c:\Users\HP\OneDrive\Desktop\Flood_AI_Dataset\05_S1GFloods\Label\image_3141.png,5.2612,1
image_1227.png,c:\Users\HP\OneDrive\Desktop\Flood_AI_Dataset\05_S1GFloods\A\image_1227.png,c:\Users\HP\OneDrive\Desktop\Flood_AI_Dataset\05_S1GFloods\B\image_1227.png,c:\Users\HP\OneDrive\Desktop\Flood_AI_Dataset\05_S1GFloods\Label\image_1227.png,69.9524,2
image_179.png,c:\Users\HP\OneDrive\Desktop\Flood_AI_Dataset\05_S1GFloods\A\image_179.png,c:\Users\HP\OneDrive\Desktop\Flood_AI_Dataset\05_S1GFloods\B\image_179.png,c:\Users\HP\OneDrive\Desktop\Flood_AI_Dataset\05_S1GFloods\Label\image_179.png,29.216,2
image_1296.png,c:\Users\HP\OneDrive\Desktop\Flood_AI_Dataset\05_S1GFloods\A\image_1296.png,c:\Users\HP\OneDrive\Desktop\Flood_AI_Dataset\05_S1GFloods\B\image_1296.png,c:\Users\HP\OneDrive\Desktop\Flood_AI_Dataset\05_S1GFloods\Label\image_1296.png,45.4865,2
image_1040.png,c:\Users\HP\OneDrive\Desktop\Flood_AI_Dataset\05_S1GFloods\A\image_1040.png,c:\Users\HP\OneDrive\Desktop\Flood_AI_Dataset\05_S1GFloods\B\image_1040.png,c:\Users\HP\OneDrive\Desktop\Flood_AI_Dataset\05_S1GFloods\Label\image_1040.png,61.5646,2
image_998.png,c:\Users\HP\OneDrive\Desktop\Flood_AI_Dataset\05_S1GFloods\A\image_998.png,c:\Users\HP\OneDrive\Desktop\Flood_AI_Dataset\05_S1GFloods\B\image_998.png,c:\Users\HP\OneDrive\Desktop\Flood_AI_Dataset\05_S1GFloods\Label\image_998.png,5.7617,1
image_4585.png,c:\Users\HP\OneDrive\Desktop\Flood_AI_Dataset\05_S1GFloods\A\image_4585.png,c:\Users\HP\OneDrive\Desktop\Flood_AI_Dataset\05_S1GFloods\B\image_4585.png,c:\Users\HP\OneDrive\Desktop\Flood_AI_Dataset\05_S1GFloods\Label\image_4585.png,8.6136,1
image_4177.png,c:\Users\HP\OneDrive\Desktop\Flood_AI_Dataset\05_S1GFloods\A\image_4177.png,c:\Users\HP\OneDrive\Desktop\Flood_AI_Dataset\05_S1GFloods\B\image_4177.png,c:\Users\HP\OneDrive\Desktop\Flood_AI_Dataset\05_S1GFloods\Label\image_4177.png,66.9388,2
image_272.png,c:\Users\HP\OneDrive\Desktop\Flood_AI_Dataset\05_S1GFloods\A\image_272.png,c:\Users\HP\OneDrive\Desktop\Flood_AI_Dataset\05_S1GFloods\B\image_272.png,c:\Users\HP\OneDrive\Desktop\Flood_AI_Dataset\05_S1GFloods\Label\image_272.png,15.6601,2
image_4816.png,c:\Users\HP\OneDrive\Desktop\Flood_AI_Dataset\05_S1GFloods\A\image_4816.png,c:\Users\HP\OneDrive\Desktop\Flood_AI_Dataset\05_S1GFloods\B\image_4816.png,c:\Users\HP\OneDrive\Desktop\Flood_AI_Dataset\05_S1GFloods\Label\image_4816.png,38.8229,2
image_3311.png,c:\Users\HP\OneDrive\Desktop\Flood_AI_Dataset\05_S1GFloods\A\image_3311.png,c:\Users\HP\OneDrive\Desktop\Flood_AI_Dataset\05_S1GFloods\B\image_3311.png,c:\Users\HP\OneDrive\Desktop\Flood_AI_Dataset\05_S1GFloods\Label\image_3311.png,5.1056,1
image_719.png,c:\Users\HP\OneDrive\Desktop\Flood_AI_Dataset\05_S1GFloods\A\image_719.png,c:\Users\HP\OneDrive\Desktop\Flood_AI_Dataset\05_S1GFloods\B\image_719.png,c:\Users\HP\OneDrive\Desktop\Flood_AI_Dataset\05_S1GFloods\Label\image_719.png,30.2734,2
image_1085.png,c:\Users\HP\OneDrive\Desktop\Flood_AI_Dataset\05_S1GFloods\A\image_1085.png,c:\Users\HP\OneDrive\Desktop\Flood_AI_Dataset\05_S1GFloods\B\image_1085.png,c:\Users\HP\OneDrive\Desktop\Flood_AI_Dataset\05_S1GFloods\Label\image_1085.png,51.8402,2
image_2520.png,c:\Users\HP\OneDrive\Desktop\Flood_AI_Dataset\05_S1GFloods\A\image_2520.png,c:\Users\HP\OneDrive\Desktop\Flood_AI_Dataset\05_S1GFloods\B\image_2520.png,c:\Users\HP\OneDrive\Desktop\Flood_AI_Dataset\05_S1GFloods\Label\image_2520.png,29.2725,2
image_1169.png,c:\Users\HP\OneDrive\Desktop\Flood_AI_Dataset\05_S1GFloods\A\image_1169.png,c:\Users\HP\OneDrive\Desktop\Flood_AI_Dataset\05_S1GFloods\B\image_1169.png,c:\Users\HP\OneDrive\Desktop\Flood_AI_Dataset\05_S1GFloods\Label\image_1169.png,21.0663,2
image_3022.png,c:\Users\HP\OneDrive\Desktop\Flood_AI_Dataset\05_S1GFloods\A\image_3022.png,c:\Users\HP\OneDrive\Desktop\Flood_AI_Dataset\05_S1GFloods\B\image_3022.png,c:\Users\HP\OneDrive\Desktop\Flood_AI_Dataset\05_S1GFloods\Label\image_3022.png,23.9929,2
image_2838.png,c:\Users\HP\OneDrive\Desktop\Flood_AI_Dataset\05_S1GFloods\A\image_2838.png,c:\Users\HP\OneDrive\Desktop\Flood_AI_Dataset\05_S1GFloods\B\image_2838.png,c:\Users\HP\OneDrive\Desktop\Flood_AI_Dataset\05_S1GFloods\Label\image_2838.png,19.957,2
image_1971.png,c:\Users\HP\OneDrive\Desktop\Flood_AI_Dataset\05_S1GFloods\A\image_1971.png,c:\Users\HP\OneDrive\Desktop\Flood_AI_Dataset\05_S1GFloods\B\image_1971.png,c:\Users\HP\OneDrive\Desktop\Flood_AI_Dataset\05_S1GFloods\Label\image_1971.png,34.9564,2
image_896.png,c:\Users\HP\OneDrive\Desktop\Flood_AI_Dataset\05_S1GFloods\A\image_896.png,c:\Users\HP\OneDrive\Desktop\Flood_AI_Dataset\05_S1GFloods\B\image_896.png,c:\Users\HP\OneDrive\Desktop\Flood_AI_Dataset\05_S1GFloods\Label\image_896.png,34.8846,2
image_3205.png,c:\Users\HP\OneDrive\Desktop\Flood_AI_Dataset\05_S1GFloods\A\image_3205.png,c:\Users\HP\OneDrive\Desktop\Flood_AI_Dataset\05_S1GFloods\B\image_3205.png,c:\Users\HP\OneDrive\Desktop\Flood_AI_Dataset\05_S1GFloods\Label\image_3205.png,12.3749,2
image_3002.png,c:\Users\HP\OneDrive\Desktop\Flood_AI_Dataset\05_S1GFloods\A\image_3002.png,c:\Users\HP\OneDrive\Desktop\Flood_AI_Dataset\05_S1GFloods\B\image_3002.png,c:\Users\HP\OneDrive\Desktop\Flood_AI_Dataset\05_S1GFloods\Label\image_3002.png,5.3131,1
image_3340.png,c:\Users\HP\OneDrive\Desktop\Flood_AI_Dataset\05_S1GFloods\A\image_3340.png,c:\Users\HP\OneDrive\Desktop\Flood_AI_Dataset\05_S1GFloods\B\image_3340.png,c:\Users\HP\OneDrive\Desktop\Flood_AI_Dataset\05_S1GFloods\Label\image_3340.png,26.5747,2
image_518.png,c:\Users\HP\OneDrive\Desktop\Flood_AI_Dataset\05_S1GFloods\A\image_518.png,c:\Users\HP\OneDrive\Desktop\Flood_AI_Dataset\05_S1GFloods\B\image_518.png,c:\Users\HP\OneDrive\Desktop\Flood_AI_Dataset\05_S1GFloods\Label\image_518.png,41.9754,2
image_4533.png,c:\Users\HP\OneDrive\Desktop\Flood_AI_Dataset\05_S1GFloods\A\image_4533.png,c:\Users\HP\OneDrive\Desktop\Flood_AI_Dataset\05_S1GFloods\B\image_4533.png,c:\Users\HP\OneDrive\Desktop\Flood_AI_Dataset\05_S1GFloods\Label\image_4533.png,43.248,2
image_2833.png,c:\Users\HP\OneDrive\Desktop\Flood_AI_Dataset\05_S1GFloods\A\image_2833.png,c:\Users\HP\OneDrive\Desktop\Flood_AI_Dataset\05_S1GFloods\B\image_2833.png,c:\Users\HP\OneDrive\Desktop\Flood_AI_Dataset\05_S1GFloods\Label\image_2833.png,41.803,2
image_2551.png,c:\Users\HP\OneDrive\Desktop\Flood_AI_Dataset\05_S1GFloods\A\image_2551.png,c:\Users\HP\OneDrive\Desktop\Flood_AI_Dataset\05_S1GFloods\B\image_2551.png,c:\Users\HP\OneDrive\Desktop\Flood_AI_Dataset\05_S1GFloods\Label\image_2551.png,35.1807,2
image_3674.png,c:\Users\HP\OneDrive\Desktop\Flood_AI_Dataset\05_S1GFloods\A\image_3674.png,c:\Users\HP\OneDrive\Desktop\Flood_AI_Dataset\05_S1GFloods\B\image_3674.png,c:\Users\HP\OneDrive\Desktop\Flood_AI_Dataset\05_S1GFloods\Label\image_3674.png,25.6546,2
image_32.png,c:\Users\HP\OneDrive\Desktop\Flood_AI_Dataset\05_S1GFloods\A\image_32.png,c:\Users\HP\OneDrive\Desktop\Flood_AI_Dataset\05_S1GFloods\B\image_32.png,c:\Users\HP\OneDrive\Desktop\Flood_AI_Dataset\05_S1GFloods\Label\image_32.png,43.4097,2
image_2731.png,c:\Users\HP\OneDrive\Desktop\Flood_AI_Dataset\05_S1GFloods\A\image_2731.png,c:\Users\HP\OneDrive\Desktop\Flood_AI_Dataset\05_S1GFloods\B\image_2731.png,c:\Users\HP\OneDrive\Desktop\Flood_AI_Dataset\05_S1GFloods\Label\image_2731.png,11.8729,2
image_2439.png,c:\Users\HP\OneDrive\Desktop\Flood_AI_Dataset\05_S1GFloods\A\image_2439.png,c:\Users\HP\OneDrive\Desktop\Flood_AI_Dataset\05_S1GFloods\B\image_2439.png,c:\Users\HP\OneDrive\Desktop\Flood_AI_Dataset\05_S1GFloods\Label\image_2439.png,41.539,2
image_3060.png,c:\Users\HP\OneDrive\Desktop\Flood_AI_Dataset\05_S1GFloods\A\image_3060.png,c:\Users\HP\OneDrive\Desktop\Flood_AI_Dataset\05_S1GFloods\B\image_3060.png,c:\Users\HP\OneDrive\Desktop\Flood_AI_Dataset\05_S1GFloods\Label\image_3060.png,19.1772,2
image_4077.png,c:\Users\HP\OneDrive\Desktop\Flood_AI_Dataset\05_S1GFloods\A\image_4077.png,c:\Users\HP\OneDrive\Desktop\Flood_AI_Dataset\05_S1GFloods\B\image_4077.png,c:\Users\HP\OneDrive\Desktop\Flood_AI_Dataset\05_S1GFloods\Label\image_4077.png,7.9208,1
image_4046.png,c:\Users\HP\OneDrive\Desktop\Flood_AI_Dataset\05_S1GFloods\A\image_4046.png,c:\Users\HP\OneDrive\Desktop\Flood_AI_Dataset\05_S1GFloods\B\image_4046.png,c:\Users\HP\OneDrive\Desktop\Flood_AI_Dataset\05_S1GFloods\Label\image_4046.png,59.7778,2
image_658.png,c:\Users\HP\OneDrive\Desktop\Flood_AI_Dataset\05_S1GFloods\A\image_658.png,c:\Users\HP\OneDrive\Desktop\Flood_AI_Dataset\05_S1GFloods\B\image_658.png,c:\Users\HP\OneDrive\Desktop\Flood_AI_Dataset\05_S1GFloods\Label\image_658.png,26.8539,2
image_654.png,c:\Users\HP\OneDrive\Desktop\Flood_AI_Dataset\05_S1GFloods\A\image_654.png,c:\Users\HP\OneDrive\Desktop\Flood_AI_Dataset\05_S1GFloods\B\image_654.png,c:\Users\HP\OneDrive\Desktop\Flood_AI_Dataset\05_S1GFloods\Label\image_654.png,94.8761,2
image_1700.png,c:\Users\HP\OneDrive\Desktop\Flood_AI_Dataset\05_S1GFloods\A\image_1700.png,c:\Users\HP\OneDrive\Desktop\Flood_AI_Dataset\05_S1GFloods\B\image_1700.png,c:\Users\HP\OneDrive\Desktop\Flood_AI_Dataset\05_S1GFloods\Label\image_1700.png,30.2551,2
image_889.png,c:\Users\HP\OneDrive\Desktop\Flood_AI_Dataset\05_S1GFloods\A\image_889.png,c:\Users\HP\OneDrive\Desktop\Flood_AI_Dataset\05_S1GFloods\B\image_889.png,c:\Users\HP\OneDrive\Desktop\Flood_AI_Dataset\05_S1GFloods\Label\image_889.png,77.9266,2
image_1557.png,c:\Users\HP\OneDrive\Desktop\Flood_AI_Dataset\05_S1GFloods\A\image_1557.png,c:\Users\HP\OneDrive\Desktop\Flood_AI_Dataset\05_S1GFloods\B\image_1557.png,c:\Users\HP\OneDrive\Desktop\Flood_AI_Dataset\05_S1GFloods\Label\image_1557.png,50.1907,2
image_5237.png,c:\Users\HP\OneDrive\Desktop\Flood_AI_Dataset\05_S1GFloods\A\image_5237.png,c:\Users\HP\OneDrive\Desktop\Flood_AI_Dataset\05_S1GFloods\B\image_5237.png,c:\Users\HP\OneDrive\Desktop\Flood_AI_Dataset\05_S1GFloods\Label\image_5237.png,24.1089,2
image_656.png,c:\Users\HP\OneDrive\Desktop\Flood_AI_Dataset\05_S1GFloods\A\image_656.png,c:\Users\HP\OneDrive\Desktop\Flood_AI_Dataset\05_S1GFloods\B\image_656.png,c:\Users\HP\OneDrive\Desktop\Flood_AI_Dataset\05_S1GFloods\Label\image_656.png,10.2203,2
image_4420.png,c:\Users\HP\OneDrive\Desktop\Flood_AI_Dataset\05_S1GFloods\A\image_4420.png,c:\Users\HP\OneDrive\Desktop\Flood_AI_Dataset\05_S1GFloods\B\image_4420.png,c:\Users\HP\OneDrive\Desktop\Flood_AI_Dataset\05_S1GFloods\Label\image_4420.png,41.1179,2
image_3645.png,c:\Users\HP\OneDrive\Desktop\Flood_AI_Dataset\05_S1GFloods\A\image_3645.png,c:\Users\HP\OneDrive\Desktop\Flood_AI_Dataset\05_S1GFloods\B\image_3645.png,c:\Users\HP\OneDrive\Desktop\Flood_AI_Dataset\05_S1GFloods\Label\image_3645.png,41.1819,2
image_4769.png,c:\Users\HP\OneDrive\Desktop\Flood_AI_Dataset\05_S1GFloods\A\image_4769.png,c:\Users\HP\OneDrive\Desktop\Flood_AI_Dataset\05_S1GFloods\B\image_4769.png,c:\Users\HP\OneDrive\Desktop\Flood_AI_Dataset\05_S1GFloods\Label\image_4769.png,16.4703,2
image_1427.png,c:\Users\HP\OneDrive\Desktop\Flood_AI_Dataset\05_S1GFloods\A\image_1427.png,c:\Users\HP\OneDrive\Desktop\Flood_AI_Dataset\05_S1GFloods\B\image_1427.png,c:\Users\HP\OneDrive\Desktop\Flood_AI_Dataset\05_S1GFloods\Label\image_1427.png,23.1613,2
image_2965.png,c:\Users\HP\OneDrive\Desktop\Flood_AI_Dataset\05_S1GFloods\A\image_2965.png,c:\Users\HP\OneDrive\Desktop\Flood_AI_Dataset\05_S1GFloods\B\image_2965.png,c:\Users\HP\OneDrive\Desktop\Flood_AI_Dataset\05_S1GFloods\Label\image_2965.png,10.7407,2
image_519.png,c:\Users\HP\OneDrive\Desktop\Flood_AI_Dataset\05_S1GFloods\A\image_519.png,c:\Users\HP\OneDrive\Desktop\Flood_AI_Dataset\05_S1GFloods\B\image_519.png,c:\Users\HP\OneDrive\Desktop\Flood_AI_Dataset\05_S1GFloods\Label\image_519.png,14.8346,2
image_2856.png,c:\Users\HP\OneDrive\Desktop\Flood_AI_Dataset\05_S1GFloods\A\image_2856.png,c:\Users\HP\OneDrive\Desktop\Flood_AI_Dataset\05_S1GFloods\B\image_2856.png,c:\Users\HP\OneDrive\Desktop\Flood_AI_Dataset\05_S1GFloods\Label\image_2856.png,16.5039,2
image_1707.png,c:\Users\HP\OneDrive\Desktop\Flood_AI_Dataset\05_S1GFloods\A\image_1707.png,c:\Users\HP\OneDrive\Desktop\Flood_AI_Dataset\05_S1GFloods\B\image_1707.png,c:\Users\HP\OneDrive\Desktop\Flood_AI_Dataset\05_S1GFloods\Label\image_1707.png,8.754,1
image_4142.png,c:\Users\HP\OneDrive\Desktop\Flood_AI_Dataset\05_S1GFloods\A\image_4142.png,c:\Users\HP\OneDrive\Desktop\Flood_AI_Dataset\05_S1GFloods\B\image_4142.png,c:\Users\HP\OneDrive\Desktop\Flood_AI_Dataset\05_S1GFloods\Label\image_4142.png,10.4507,2
image_477.png,c:\Users\HP\OneDrive\Desktop\Flood_AI_Dataset\05_S1GFloods\A\image_477.png,c:\Users\HP\OneDrive\Desktop\Flood_AI_Dataset\05_S1GFloods\B\image_477.png,c:\Users\HP\OneDrive\Desktop\Flood_AI_Dataset\05_S1GFloods\Label\image_477.png,27.9083,2
image_2778.png,c:\Users\HP\OneDrive\Desktop\Flood_AI_Dataset\05_S1GFloods\A\image_2778.png,c:\Users\HP\OneDrive\Desktop\Flood_AI_Dataset\05_S1GFloods\B\image_2778.png,c:\Users\HP\OneDrive\Desktop\Flood_AI_Dataset\05_S1GFloods\Label\image_2778.png,70.4498,2
image_1832.png,c:\Users\HP\OneDrive\Desktop\Flood_AI_Dataset\05_S1GFloods\A\image_1832.png,c:\Users\HP\OneDrive\Desktop\Flood_AI_Dataset\05_S1GFloods\B\image_1832.png,c:\Users\HP\OneDrive\Desktop\Flood_AI_Dataset\05_S1GFloods\Label\image_1832.png,5.8624,1
image_1757.png,c:\Users\HP\OneDrive\Desktop\Flood_AI_Dataset\05_S1GFloods\A\image_1757.png,c:\Users\HP\OneDrive\Desktop\Flood_AI_Dataset\05_S1GFloods\B\image_1757.png,c:\Users\HP\OneDrive\Desktop\Flood_AI_Dataset\05_S1GFloods\Label\image_1757.png,6.5353,1
image_3585.png,c:\Users\HP\OneDrive\Desktop\Flood_AI_Dataset\05_S1GFloods\A\image_3585.png,c:\Users\HP\OneDrive\Desktop\Flood_AI_Dataset\05_S1GFloods\B\image_3585.png,c:\Users\HP\OneDrive\Desktop\Flood_AI_Dataset\05_S1GFloods\Label\image_3585.png,81.7963,2
image_1141.png,c:\Users\HP\OneDrive\Desktop\Flood_AI_Dataset\05_S1GFloods\A\image_1141.png,c:\Users\HP\OneDrive\Desktop\Flood_AI_Dataset\05_S1GFloods\B\image_1141.png,c:\Users\HP\OneDrive\Desktop\Flood_AI_Dataset\05_S1GFloods\Label\image_1141.png,20.5811,2
image_2245.png,c:\Users\HP\OneDrive\Desktop\Flood_AI_Dataset\05_S1GFloods\A\image_2245.png,c:\Users\HP\OneDrive\Desktop\Flood_AI_Dataset\05_S1GFloods\B\image_2245.png,c:\Users\HP\OneDrive\Desktop\Flood_AI_Dataset\05_S1GFloods\Label\image_2245.png,45.0317,2
image_3016.png,c:\Users\HP\OneDrive\Desktop\Flood_AI_Dataset\05_S1GFloods\A\image_3016.png,c:\Users\HP\OneDrive\Desktop\Flood_AI_Dataset\05_S1GFloods\B\image_3016.png,c:\Users\HP\OneDrive\Desktop\Flood_AI_Dataset\05_S1GFloods\Label\image_3016.png,62.6007,2
image_1091.png,c:\Users\HP\OneDrive\Desktop\Flood_AI_Dataset\05_S1GFloods\A\image_1091.png,c:\Users\HP\OneDrive\Desktop\Flood_AI_Dataset\05_S1GFloods\B\image_1091.png,c:\Users\HP\OneDrive\Desktop\Flood_AI_Dataset\05_S1GFloods\Label\image_1091.png,63.0692,2
image_353.png,c:\Users\HP\OneDrive\Desktop\Flood_AI_Dataset\05_S1GFloods\A\image_353.png,c:\Users\HP\OneDrive\Desktop\Flood_AI_Dataset\05_S1GFloods\B\image_353.png,c:\Users\HP\OneDrive\Desktop\Flood_AI_Dataset\05_S1GFloods\Label\image_353.png,9.494,1
image_2061.png,c:\Users\HP\OneDrive\Desktop\Flood_AI_Dataset\05_S1GFloods\A\image_2061.png,c:\Users\HP\OneDrive\Desktop\Flood_AI_Dataset\05_S1GFloods\B\image_2061.png,c:\Users\HP\OneDrive\Desktop\Flood_AI_Dataset\05_S1GFloods\Label\image_2061.png,16.1621,2
image_4764.png,c:\Users\HP\OneDrive\Desktop\Flood_AI_Dataset\05_S1GFloods\A\image_4764.png,c:\Users\HP\OneDrive\Desktop\Flood_AI_Dataset\05_S1GFloods\B\image_4764.png,c:\Users\HP\OneDrive\Desktop\Flood_AI_Dataset\05_S1GFloods\Label\image_4764.png,5.9921,1
image_5002.png,c:\Users\HP\OneDrive\Desktop\Flood_AI_Dataset\05_S1GFloods\A\image_5002.png,c:\Users\HP\OneDrive\Desktop\Flood_AI_Dataset\05_S1GFloods\B\image_5002.png,c:\Users\HP\OneDrive\Desktop\Flood_AI_Dataset\05_S1GFloods\Label\image_5002.png,20.4575,2
image_244.png,c:\Users\HP\OneDrive\Desktop\Flood_AI_Dataset\05_S1GFloods\A\image_244.png,c:\Users\HP\OneDrive\Desktop\Flood_AI_Dataset\05_S1GFloods\B\image_244.png,c:\Users\HP\OneDrive\Desktop\Flood_AI_Dataset\05_S1GFloods\Label\image_244.png,9.1003,1
image_4950.png,c:\Users\HP\OneDrive\Desktop\Flood_AI_Dataset\05_S1GFloods\A\image_4950.png,c:\Users\HP\OneDrive\Desktop\Flood_AI_Dataset\05_S1GFloods\B\image_4950.png,c:\Users\HP\OneDrive\Desktop\Flood_AI_Dataset\05_S1GFloods\Label\image_4950.png,12.3184,2
image_5126.png,c:\Users\HP\OneDrive\Desktop\Flood_AI_Dataset\05_S1GFloods\A\image_5126.png,c:\Users\HP\OneDrive\Desktop\Flood_AI_Dataset\05_S1GFloods\B\image_5126.png,c:\Users\HP\OneDrive\Desktop\Flood_AI_Dataset\05_S1GFloods\Label\image_5126.png,6.7657,1
image_3298.png,c:\Users\HP\OneDrive\Desktop\Flood_AI_Dataset\05_S1GFloods\A\image_3298.png,c:\Users\HP\OneDrive\Desktop\Flood_AI_Dataset\05_S1GFloods\B\image_3298.png,c:\Users\HP\OneDrive\Desktop\Flood_AI_Dataset\05_S1GFloods\Label\image_3298.png,7.872,1
image_3362.png,c:\Users\HP\OneDrive\Desktop\Flood_AI_Dataset\05_S1GFloods\A\image_3362.png,c:\Users\HP\OneDrive\Desktop\Flood_AI_Dataset\05_S1GFloods\B\image_3362.png,c:\Users\HP\OneDrive\Desktop\Flood_AI_Dataset\05_S1GFloods\Label\image_3362.png,9.5093,1
image_2568.png,c:\Users\HP\OneDrive\Desktop\Flood_AI_Dataset\05_S1GFloods\A\image_2568.png,c:\Users\HP\OneDrive\Desktop\Flood_AI_Dataset\05_S1GFloods\B\image_2568.png,c:\Users\HP\OneDrive\Desktop\Flood_AI_Dataset\05_S1GFloods\Label\image_2568.png,40.1077,2
image_3139.png,c:\Users\HP\OneDrive\Desktop\Flood_AI_Dataset\05_S1GFloods\A\image_3139.png,c:\Users\HP\OneDrive\Desktop\Flood_AI_Dataset\05_S1GFloods\B\image_3139.png,c:\Users\HP\OneDrive\Desktop\Flood_AI_Dataset\05_S1GFloods\Label\image_3139.png,6.572,1
image_1554.png,c:\Users\HP\OneDrive\Desktop\Flood_AI_Dataset\05_S1GFloods\A\image_1554.png,c:\Users\HP\OneDrive\Desktop\Flood_AI_Dataset\05_S1GFloods\B\image_1554.png,c:\Users\HP\OneDrive\Desktop\Flood_AI_Dataset\05_S1GFloods\Label\image_1554.png,81.0822,2
image_942.png,c:\Users\HP\OneDrive\Desktop\Flood_AI_Dataset\05_S1GFloods\A\image_942.png,c:\Users\HP\OneDrive\Desktop\Flood_AI_Dataset\05_S1GFloods\B\image_942.png,c:\Users\HP\OneDrive\Desktop\Flood_AI_Dataset\05_S1GFloods\Label\image_942.png,58.5052,2
image_4065.png,c:\Users\HP\OneDrive\Desktop\Flood_AI_Dataset\05_S1GFloods\A\image_4065.png,c:\Users\HP\OneDrive\Desktop\Flood_AI_Dataset\05_S1GFloods\B\image_4065.png,c:\Users\HP\OneDrive\Desktop\Flood_AI_Dataset\05_S1GFloods\Label\image_4065.png,10.614,2
image_3243.png,c:\Users\HP\OneDrive\Desktop\Flood_AI_Dataset\05_S1GFloods\A\image_3243.png,c:\Users\HP\OneDrive\Desktop\Flood_AI_Dataset\05_S1GFloods\B\image_3243.png,c:\Users\HP\OneDrive\Desktop\Flood_AI_Dataset\05_S1GFloods\Label\image_3243.png,52.4063,2
image_1077.png,c:\Users\HP\OneDrive\Desktop\Flood_AI_Dataset\05_S1GFloods\A\image_1077.png,c:\Users\HP\OneDrive\Desktop\Flood_AI_Dataset\05_S1GFloods\B\image_1077.png,c:\Users\HP\OneDrive\Desktop\Flood_AI_Dataset\05_S1GFloods\Label\image_1077.png,22.7951,2
image_3374.png,c:\Users\HP\OneDrive\Desktop\Flood_AI_Dataset\05_S1GFloods\A\image_3374.png,c:\Users\HP\OneDrive\Desktop\Flood_AI_Dataset\05_S1GFloods\B\image_3374.png,c:\Users\HP\OneDrive\Desktop\Flood_AI_Dataset\05_S1GFloods\Label\image_3374.png,16.3834,2
image_3744.png,c:\Users\HP\OneDrive\Desktop\Flood_AI_Dataset\05_S1GFloods\A\image_3744.png,c:\Users\HP\OneDrive\Desktop\Flood_AI_Dataset\05_S1GFloods\B\image_3744.png,c:\Users\HP\OneDrive\Desktop\Flood_AI_Dataset\05_S1GFloods\Label\image_3744.png,8.8043,1
image_3526.png,c:\Users\HP\OneDrive\Desktop\Flood_AI_Dataset\05_S1GFloods\A\image_3526.png,c:\Users\HP\OneDrive\Desktop\Flood_AI_Dataset\05_S1GFloods\B\image_3526.png,c:\Users\HP\OneDrive\Desktop\Flood_AI_Dataset\05_S1GFloods\Label\image_3526.png,91.1423,2
image_1369.png,c:\Users\HP\OneDrive\Desktop\Flood_AI_Dataset\05_S1GFloods\A\image_1369.png,c:\Users\HP\OneDrive\Desktop\Flood_AI_Dataset\05_S1GFloods\B\image_1369.png,c:\Users\HP\OneDrive\Desktop\Flood_AI_Dataset\05_S1GFloods\Label\image_1369.png,10.701,2
image_1745.png,c:\Users\HP\OneDrive\Desktop\Flood_AI_Dataset\05_S1GFloods\A\image_1745.png,c:\Users\HP\OneDrive\Desktop\Flood_AI_Dataset\05_S1GFloods\B\image_1745.png,c:\Users\HP\OneDrive\Desktop\Flood_AI_Dataset\05_S1GFloods\Label\image_1745.png,12.5,2
image_2113.png,c:\Users\HP\OneDrive\Desktop\Flood_AI_Dataset\05_S1GFloods\A\image_2113.png,c:\Users\HP\OneDrive\Desktop\Flood_AI_Dataset\05_S1GFloods\B\image_2113.png,c:\Users\HP\OneDrive\Desktop\Flood_AI_Dataset\05_S1GFloods\Label\image_2113.png,10.7208,2
image_648.png,c:\Users\HP\OneDrive\Desktop\Flood_AI_Dataset\05_S1GFloods\A\image_648.png,c:\Users\HP\OneDrive\Desktop\Flood_AI_Dataset\05_S1GFloods\B\image_648.png,c:\Users\HP\OneDrive\Desktop\Flood_AI_Dataset\05_S1GFloods\Label\image_648.png,26.2833,2
image_1432.png,c:\Users\HP\OneDrive\Desktop\Flood_AI_Dataset\05_S1GFloods\A\image_1432.png,c:\Users\HP\OneDrive\Desktop\Flood_AI_Dataset\05_S1GFloods\B\image_1432.png,c:\Users\HP\OneDrive\Desktop\Flood_AI_Dataset\05_S1GFloods\Label\image_1432.png,35.762,2
image_3941.png,c:\Users\HP\OneDrive\Desktop\Flood_AI_Dataset\05_S1GFloods\A\image_3941.png,c:\Users\HP\OneDrive\Desktop\Flood_AI_Dataset\05_S1GFloods\B\image_3941.png,c:\Users\HP\OneDrive\Desktop\Flood_AI_Dataset\05_S1GFloods\Label\image_3941.png,83.4213,2
image_4900.png,c:\Users\HP\OneDrive\Desktop\Flood_AI_Dataset\05_S1GFloods\A\image_4900.png,c:\Users\HP\OneDrive\Desktop\Flood_AI_Dataset\05_S1GFloods\B\image_4900.png,c:\Users\HP\OneDrive\Desktop\Flood_AI_Dataset\05_S1GFloods\Label\image_4900.png,10.4614,2
image_1124.png,c:\Users\HP\OneDrive\Desktop\Flood_AI_Dataset\05_S1GFloods\A\image_1124.png,c:\Users\HP\OneDrive\Desktop\Flood_AI_Dataset\05_S1GFloods\B\image_1124.png,c:\Users\HP\OneDrive\Desktop\Flood_AI_Dataset\05_S1GFloods\Label\image_1124.png,54.1809,2
image_3422.png,c:\Users\HP\OneDrive\Desktop\Flood_AI_Dataset\05_S1GFloods\A\image_3422.png,c:\Users\HP\OneDrive\Desktop\Flood_AI_Dataset\05_S1GFloods\B\image_3422.png,c:\Users\HP\OneDrive\Desktop\Flood_AI_Dataset\05_S1GFloods\Label\image_3422.png,15.155,2
image_3101.png,c:\Users\HP\OneDrive\Desktop\Flood_AI_Dataset\05_S1GFloods\A\image_3101.png,c:\Users\HP\OneDrive\Desktop\Flood_AI_Dataset\05_S1GFloods\B\image_3101.png,c:\Users\HP\OneDrive\Desktop\Flood_AI_Dataset\05_S1GFloods\Label\image_3101.png,25.7736,2
image_4795.png,c:\Users\HP\OneDrive\Desktop\Flood_AI_Dataset\05_S1GFloods\A\image_4795.png,c:\Users\HP\OneDrive\Desktop\Flood_AI_Dataset\05_S1GFloods\B\image_4795.png,c:\Users\HP\OneDrive\Desktop\Flood_AI_Dataset\05_S1GFloods\Label\image_4795.png,7.0053,1
image_3773.png,c:\Users\HP\OneDrive\Desktop\Flood_AI_Dataset\05_S1GFloods\A\image_3773.png,c:\Users\HP\OneDrive\Desktop\Flood_AI_Dataset\05_S1GFloods\B\image_3773.png,c:\Users\HP\OneDrive\Desktop\Flood_AI_Dataset\05_S1GFloods\Label\image_3773.png,19.7052,2
image_2530.png,c:\Users\HP\OneDrive\Desktop\Flood_AI_Dataset\05_S1GFloods\A\image_2530.png,c:\Users\HP\OneDrive\Desktop\Flood_AI_Dataset\05_S1GFloods\B\image_2530.png,c:\Users\HP\OneDrive\Desktop\Flood_AI_Dataset\05_S1GFloods\Label\image_2530.png,8.7723,1
image_3462.png,c:\Users\HP\OneDrive\Desktop\Flood_AI_Dataset\05_S1GFloods\A\image_3462.png,c:\Users\HP\OneDrive\Desktop\Flood_AI_Dataset\05_S1GFloods\B\image_3462.png,c:\Users\HP\OneDrive\Desktop\Flood_AI_Dataset\05_S1GFloods\Label\image_3462.png,19.5389,2
image_3725.png,c:\Users\HP\OneDrive\Desktop\Flood_AI_Dataset\05_S1GFloods\A\image_3725.png,c:\Users\HP\OneDrive\Desktop\Flood_AI_Dataset\05_S1GFloods\B\image_3725.png,c:\Users\HP\OneDrive\Desktop\Flood_AI_Dataset\05_S1GFloods\Label\image_3725.png,99.6979,2
image_3952.png,c:\Users\HP\OneDrive\Desktop\Flood_AI_Dataset\05_S1GFloods\A\image_3952.png,c:\Users\HP\OneDrive\Desktop\Flood_AI_Dataset\05_S1GFloods\B\image_3952.png,c:\Users\HP\OneDrive\Desktop\Flood_AI_Dataset\05_S1GFloods\Label\image_3952.png,14.9475,2
image_5216.png,c:\Users\HP\OneDrive\Desktop\Flood_AI_Dataset\05_S1GFloods\A\image_5216.png,c:\Users\HP\OneDrive\Desktop\Flood_AI_Dataset\05_S1GFloods\B\image_5216.png,c:\Users\HP\OneDrive\Desktop\Flood_AI_Dataset\05_S1GFloods\Label\image_5216.png,40.7181,2
image_1430.png,c:\Users\HP\OneDrive\Desktop\Flood_AI_Dataset\05_S1GFloods\A\image_1430.png,c:\Users\HP\OneDrive\Desktop\Flood_AI_Dataset\05_S1GFloods\B\image_1430.png,c:\Users\HP\OneDrive\Desktop\Flood_AI_Dataset\05_S1GFloods\Label\image_1430.png,21.9879,2
image_646.png,c:\Users\HP\OneDrive\Desktop\Flood_AI_Dataset\05_S1GFloods\A\image_646.png,c:\Users\HP\OneDrive\Desktop\Flood_AI_Dataset\05_S1GFloods\B\image_646.png,c:\Users\HP\OneDrive\Desktop\Flood_AI_Dataset\05_S1GFloods\Label\image_646.png,93.7927,2
image_4848.png,c:\Users\HP\OneDrive\Desktop\Flood_AI_Dataset\05_S1GFloods\A\image_4848.png,c:\Users\HP\OneDrive\Desktop\Flood_AI_Dataset\05_S1GFloods\B\image_4848.png,c:\Users\HP\OneDrive\Desktop\Flood_AI_Dataset\05_S1GFloods\Label\image_4848.png,9.8557,1
image_1205.png,c:\Users\HP\OneDrive\Desktop\Flood_AI_Dataset\05_S1GFloods\A\image_1205.png,c:\Users\HP\OneDrive\Desktop\Flood_AI_Dataset\05_S1GFloods\B\image_1205.png,c:\Users\HP\OneDrive\Desktop\Flood_AI_Dataset\05_S1GFloods\Label\image_1205.png,48.2758,2
image_2201.png,c:\Users\HP\OneDrive\Desktop\Flood_AI_Dataset\05_S1GFloods\A\image_2201.png,c:\Users\HP\OneDrive\Desktop\Flood_AI_Dataset\05_S1GFloods\B\image_2201.png,c:\Users\HP\OneDrive\Desktop\Flood_AI_Dataset\05_S1GFloods\Label\image_2201.png,12.5427,2
image_4244.png,c:\Users\HP\OneDrive\Desktop\Flood_AI_Dataset\05_S1GFloods\A\image_4244.png,c:\Users\HP\OneDrive\Desktop\Flood_AI_Dataset\05_S1GFloods\B\image_4244.png,c:\Users\HP\OneDrive\Desktop\Flood_AI_Dataset\05_S1GFloods\Label\image_4244.png,13.884,2
image_4332.png,c:\Users\HP\OneDrive\Desktop\Flood_AI_Dataset\05_S1GFloods\A\image_4332.png,c:\Users\HP\OneDrive\Desktop\Flood_AI_Dataset\05_S1GFloods\B\image_4332.png,c:\Users\HP\OneDrive\Desktop\Flood_AI_Dataset\05_S1GFloods\Label\image_4332.png,38.2172,2
image_1702.png,c:\Users\HP\OneDrive\Desktop\Flood_AI_Dataset\05_S1GFloods\A\image_1702.png,c:\Users\HP\OneDrive\Desktop\Flood_AI_Dataset\05_S1GFloods\B\image_1702.png,c:\Users\HP\OneDrive\Desktop\Flood_AI_Dataset\05_S1GFloods\Label\image_1702.png,28.3829,2
image_3766.png,c:\Users\HP\OneDrive\Desktop\Flood_AI_Dataset\05_S1GFloods\A\image_3766.png,c:\Users\HP\OneDrive\Desktop\Flood_AI_Dataset\05_S1GFloods\B\image_3766.png,c:\Users\HP\OneDrive\Desktop\Flood_AI_Dataset\05_S1GFloods\Label\image_3766.png,15.6204,2
image_303.png,c:\Users\HP\OneDrive\Desktop\Flood_AI_Dataset\05_S1GFloods\A\image_303.png,c:\Users\HP\OneDrive\Desktop\Flood_AI_Dataset\05_S1GFloods\B\image_303.png,c:\Users\HP\OneDrive\Desktop\Flood_AI_Dataset\05_S1GFloods\Label\image_303.png,46.7789,2
image_3721.png,c:\Users\HP\OneDrive\Desktop\Flood_AI_Dataset\05_S1GFloods\A\image_3721.png,c:\Users\HP\OneDrive\Desktop\Flood_AI_Dataset\05_S1GFloods\B\image_3721.png,c:\Users\HP\OneDrive\Desktop\Flood_AI_Dataset\05_S1GFloods\Label\image_3721.png,17.5751,2
image_3363.png,c:\Users\HP\OneDrive\Desktop\Flood_AI_Dataset\05_S1GFloods\A\image_3363.png,c:\Users\HP\OneDrive\Desktop\Flood_AI_Dataset\05_S1GFloods\B\image_3363.png,c:\Users\HP\OneDrive\Desktop\Flood_AI_Dataset\05_S1GFloods\Label\image_3363.png,20.1111,2
image_3234.png,c:\Users\HP\OneDrive\Desktop\Flood_AI_Dataset\05_S1GFloods\A\image_3234.png,c:\Users\HP\OneDrive\Desktop\Flood_AI_Dataset\05_S1GFloods\B\image_3234.png,c:\Users\HP\OneDrive\Desktop\Flood_AI_Dataset\05_S1GFloods\Label\image_3234.png,58.0963,2
image_1720.png,c:\Users\HP\OneDrive\Desktop\Flood_AI_Dataset\05_S1GFloods\A\image_1720.png,c:\Users\HP\OneDrive\Desktop\Flood_AI_Dataset\05_S1GFloods\B\image_1720.png,c:\Users\HP\OneDrive\Desktop\Flood_AI_Dataset\05_S1GFloods\Label\image_1720.png,12.6709,2
image_567.png,c:\Users\HP\OneDrive\Desktop\Flood_AI_Dataset\05_S1GFloods\A\image_567.png,c:\Users\HP\OneDrive\Desktop\Flood_AI_Dataset\05_S1GFloods\B\image_567.png,c:\Users\HP\OneDrive\Desktop\Flood_AI_Dataset\05_S1GFloods\Label\image_567.png,83.7662,2
image_534.png,c:\Users\HP\OneDrive\Desktop\Flood_AI_Dataset\05_S1GFloods\A\image_534.png,c:\Users\HP\OneDrive\Desktop\Flood_AI_Dataset\05_S1GFloods\B\image_534.png,c:\Users\HP\OneDrive\Desktop\Flood_AI_Dataset\05_S1GFloods\Label\image_534.png,96.347,2
image_2737.png,c:\Users\HP\OneDrive\Desktop\Flood_AI_Dataset\05_S1GFloods\A\image_2737.png,c:\Users\HP\OneDrive\Desktop\Flood_AI_Dataset\05_S1GFloods\B\image_2737.png,c:\Users\HP\OneDrive\Desktop\Flood_AI_Dataset\05_S1GFloods\Label\image_2737.png,27.5803,2
image_481.png,c:\Users\HP\OneDrive\Desktop\Flood_AI_Dataset\05_S1GFloods\A\image_481.png,c:\Users\HP\OneDrive\Desktop\Flood_AI_Dataset\05_S1GFloods\B\image_481.png,c:\Users\HP\OneDrive\Desktop\Flood_AI_Dataset\05_S1GFloods\Label\image_481.png,95.665,2
image_5136.png,c:\Users\HP\OneDrive\Desktop\Flood_AI_Dataset\05_S1GFloods\A\image_5136.png,c:\Users\HP\OneDrive\Desktop\Flood_AI_Dataset\05_S1GFloods\B\image_5136.png,c:\Users\HP\OneDrive\Desktop\Flood_AI_Dataset\05_S1GFloods\Label\image_5136.png,16.2979,2
image_4047.png,c:\Users\HP\OneDrive\Desktop\Flood_AI_Dataset\05_S1GFloods\A\image_4047.png,c:\Users\HP\OneDrive\Desktop\Flood_AI_Dataset\05_S1GFloods\B\image_4047.png,c:\Users\HP\OneDrive\Desktop\Flood_AI_Dataset\05_S1GFloods\Label\image_4047.png,21.109,2
image_4508.png,c:\Users\HP\OneDrive\Desktop\Flood_AI_Dataset\05_S1GFloods\A\image_4508.png,c:\Users\HP\OneDrive\Desktop\Flood_AI_Dataset\05_S1GFloods\B\image_4508.png,c:\Users\HP\OneDrive\Desktop\Flood_AI_Dataset\05_S1GFloods\Label\image_4508.png,55.0079,2
image_4100.png,c:\Users\HP\OneDrive\Desktop\Flood_AI_Dataset\05_S1GFloods\A\image_4100.png,c:\Users\HP\OneDrive\Desktop\Flood_AI_Dataset\05_S1GFloods\B\image_4100.png,c:\Users\HP\OneDrive\Desktop\Flood_AI_Dataset\05_S1GFloods\Label\image_4100.png,24.5773,2
image_382.png,c:\Users\HP\OneDrive\Desktop\Flood_AI_Dataset\05_S1GFloods\A\image_382.png,c:\Users\HP\OneDrive\Desktop\Flood_AI_Dataset\05_S1GFloods\B\image_382.png,c:\Users\HP\OneDrive\Desktop\Flood_AI_Dataset\05_S1GFloods\Label\image_382.png,97.6074,2
image_2714.png,c:\Users\HP\OneDrive\Desktop\Flood_AI_Dataset\05_S1GFloods\A\image_2714.png,c:\Users\HP\OneDrive\Desktop\Flood_AI_Dataset\05_S1GFloods\B\image_2714.png,c:\Users\HP\OneDrive\Desktop\Flood_AI_Dataset\05_S1GFloods\Label\image_2714.png,20.0195,2
image_3304.png,c:\Users\HP\OneDrive\Desktop\Flood_AI_Dataset\05_S1GFloods\A\image_3304.png,c:\Users\HP\OneDrive\Desktop\Flood_AI_Dataset\05_S1GFloods\B\image_3304.png,c:\Users\HP\OneDrive\Desktop\Flood_AI_Dataset\05_S1GFloods\Label\image_3304.png,5.9006,1
image_673.png,c:\Users\HP\OneDrive\Desktop\Flood_AI_Dataset\05_S1GFloods\A\image_673.png,c:\Users\HP\OneDrive\Desktop\Flood_AI_Dataset\05_S1GFloods\B\image_673.png,c:\Users\HP\OneDrive\Desktop\Flood_AI_Dataset\05_S1GFloods\Label\image_673.png,68.9941,2
image_2366.png,c:\Users\HP\OneDrive\Desktop\Flood_AI_Dataset\05_S1GFloods\A\image_2366.png,c:\Users\HP\OneDrive\Desktop\Flood_AI_Dataset\05_S1GFloods\B\image_2366.png,c:\Users\HP\OneDrive\Desktop\Flood_AI_Dataset\05_S1GFloods\Label\image_2366.png,5.6458,1
image_3258.png,c:\Users\HP\OneDrive\Desktop\Flood_AI_Dataset\05_S1GFloods\A\image_3258.png,c:\Users\HP\OneDrive\Desktop\Flood_AI_Dataset\05_S1GFloods\B\image_3258.png,c:\Users\HP\OneDrive\Desktop\Flood_AI_Dataset\05_S1GFloods\Label\image_3258.png,10.5881,2
image_2510.png,c:\Users\HP\OneDrive\Desktop\Flood_AI_Dataset\05_S1GFloods\A\image_2510.png,c:\Users\HP\OneDrive\Desktop\Flood_AI_Dataset\05_S1GFloods\B\image_2510.png,c:\Users\HP\OneDrive\Desktop\Flood_AI_Dataset\05_S1GFloods\Label\image_2510.png,66.7023,2
image_3770.png,c:\Users\HP\OneDrive\Desktop\Flood_AI_Dataset\05_S1GFloods\A\image_3770.png,c:\Users\HP\OneDrive\Desktop\Flood_AI_Dataset\05_S1GFloods\B\image_3770.png,c:\Users\HP\OneDrive\Desktop\Flood_AI_Dataset\05_S1GFloods\Label\image_3770.png,36.853,2
image_1483.png,c:\Users\HP\OneDrive\Desktop\Flood_AI_Dataset\05_S1GFloods\A\image_1483.png,c:\Users\HP\OneDrive\Desktop\Flood_AI_Dataset\05_S1GFloods\B\image_1483.png,c:\Users\HP\OneDrive\Desktop\Flood_AI_Dataset\05_S1GFloods\Label\image_1483.png,13.8,2
image_424.png,c:\Users\HP\OneDrive\Desktop\Flood_AI_Dataset\05_S1GFloods\A\image_424.png,c:\Users\HP\OneDrive\Desktop\Flood_AI_Dataset\05_S1GFloods\B\image_424.png,c:\Users\HP\OneDrive\Desktop\Flood_AI_Dataset\05_S1GFloods\Label\image_424.png,49.2523,2
image_5273.png,c:\Users\HP\OneDrive\Desktop\Flood_AI_Dataset\05_S1GFloods\A\image_5273.png,c:\Users\HP\OneDrive\Desktop\Flood_AI_Dataset\05_S1GFloods\B\image_5273.png,c:\Users\HP\OneDrive\Desktop\Flood_AI_Dataset\05_S1GFloods\Label\image_5273.png,15.5914,2
image_1637.png,c:\Users\HP\OneDrive\Desktop\Flood_AI_Dataset\05_S1GFloods\A\image_1637.png,c:\Users\HP\OneDrive\Desktop\Flood_AI_Dataset\05_S1GFloods\B\image_1637.png,c:\Users\HP\OneDrive\Desktop\Flood_AI_Dataset\05_S1GFloods\Label\image_1637.png,25.7675,2
image_1837.png,c:\Users\HP\OneDrive\Desktop\Flood_AI_Dataset\05_S1GFloods\A\image_1837.png,c:\Users\HP\OneDrive\Desktop\Flood_AI_Dataset\05_S1GFloods\B\image_1837.png,c:\Users\HP\OneDrive\Desktop\Flood_AI_Dataset\05_S1GFloods\Label\image_1837.png,6.8726,1
image_174.png,c:\Users\HP\OneDrive\Desktop\Flood_AI_Dataset\05_S1GFloods\A\image_174.png,c:\Users\HP\OneDrive\Desktop\Flood_AI_Dataset\05_S1GFloods\B\image_174.png,c:\Users\HP\OneDrive\Desktop\Flood_AI_Dataset\05_S1GFloods\Label\image_174.png,39.3906,2
image_2207.png,c:\Users\HP\OneDrive\Desktop\Flood_AI_Dataset\05_S1GFloods\A\image_2207.png,c:\Users\HP\OneDrive\Desktop\Flood_AI_Dataset\05_S1GFloods\B\image_2207.png,c:\Users\HP\OneDrive\Desktop\Flood_AI_Dataset\05_S1GFloods\Label\image_2207.png,9.5856,1
image_1192.png,c:\Users\HP\OneDrive\Desktop\Flood_AI_Dataset\05_S1GFloods\A\image_1192.png,c:\Users\HP\OneDrive\Desktop\Flood_AI_Dataset\05_S1GFloods\B\image_1192.png,c:\Users\HP\OneDrive\Desktop\Flood_AI_Dataset\05_S1GFloods\Label\image_1192.png,33.609,2
image_1711.png,c:\Users\HP\OneDrive\Desktop\Flood_AI_Dataset\05_S1GFloods\A\image_1711.png,c:\Users\HP\OneDrive\Desktop\Flood_AI_Dataset\05_S1GFloods\B\image_1711.png,c:\Users\HP\OneDrive\Desktop\Flood_AI_Dataset\05_S1GFloods\Label\image_1711.png,24.0723,2
image_4009.png,c:\Users\HP\OneDrive\Desktop\Flood_AI_Dataset\05_S1GFloods\A\image_4009.png,c:\Users\HP\OneDrive\Desktop\Flood_AI_Dataset\05_S1GFloods\B\image_4009.png,c:\Users\HP\OneDrive\Desktop\Flood_AI_Dataset\05_S1GFloods\Label\image_4009.png,51.3306,2
image_4203.png,c:\Users\HP\OneDrive\Desktop\Flood_AI_Dataset\05_S1GFloods\A\image_4203.png,c:\Users\HP\OneDrive\Desktop\Flood_AI_Dataset\05_S1GFloods\B\image_4203.png,c:\Users\HP\OneDrive\Desktop\Flood_AI_Dataset\05_S1GFloods\Label\image_4203.png,39.7278,2
image_144.png,c:\Users\HP\OneDrive\Desktop\Flood_AI_Dataset\05_S1GFloods\A\image_144.png,c:\Users\HP\OneDrive\Desktop\Flood_AI_Dataset\05_S1GFloods\B\image_144.png,c:\Users\HP\OneDrive\Desktop\Flood_AI_Dataset\05_S1GFloods\Label\image_144.png,25.8743,2
image_3026.png,c:\Users\HP\OneDrive\Desktop\Flood_AI_Dataset\05_S1GFloods\A\image_3026.png,c:\Users\HP\OneDrive\Desktop\Flood_AI_Dataset\05_S1GFloods\B\image_3026.png,c:\Users\HP\OneDrive\Desktop\Flood_AI_Dataset\05_S1GFloods\Label\image_3026.png,27.1973,2
image_3841.png,c:\Users\HP\OneDrive\Desktop\Flood_AI_Dataset\05_S1GFloods\A\image_3841.png,c:\Users\HP\OneDrive\Desktop\Flood_AI_Dataset\05_S1GFloods\B\image_3841.png,c:\Users\HP\OneDrive\Desktop\Flood_AI_Dataset\05_S1GFloods\Label\image_3841.png,92.0334,2
image_3323.png,c:\Users\HP\OneDrive\Desktop\Flood_AI_Dataset\05_S1GFloods\A\image_3323.png,c:\Users\HP\OneDrive\Desktop\Flood_AI_Dataset\05_S1GFloods\B\image_3323.png,c:\Users\HP\OneDrive\Desktop\Flood_AI_Dataset\05_S1GFloods\Label\image_3323.png,6.5384,1
image_2393.png,c:\Users\HP\OneDrive\Desktop\Flood_AI_Dataset\05_S1GFloods\A\image_2393.png,c:\Users\HP\OneDrive\Desktop\Flood_AI_Dataset\05_S1GFloods\B\image_2393.png,c:\Users\HP\OneDrive\Desktop\Flood_AI_Dataset\05_S1GFloods\Label\image_2393.png,10.8826,2
image_3884.png,c:\Users\HP\OneDrive\Desktop\Flood_AI_Dataset\05_S1GFloods\A\image_3884.png,c:\Users\HP\OneDrive\Desktop\Flood_AI_Dataset\05_S1GFloods\B\image_3884.png,c:\Users\HP\OneDrive\Desktop\Flood_AI_Dataset\05_S1GFloods\Label\image_3884.png,72.0184,2
image_1789.png,c:\Users\HP\OneDrive\Desktop\Flood_AI_Dataset\05_S1GFloods\A\image_1789.png,c:\Users\HP\OneDrive\Desktop\Flood_AI_Dataset\05_S1GFloods\B\image_1789.png,c:\Users\HP\OneDrive\Desktop\Flood_AI_Dataset\05_S1GFloods\Label\image_1789.png,5.6259,1
image_3319.png,c:\Users\HP\OneDrive\Desktop\Flood_AI_Dataset\05_S1GFloods\A\image_3319.png,c:\Users\HP\OneDrive\Desktop\Flood_AI_Dataset\05_S1GFloods\B\image_3319.png,c:\Users\HP\OneDrive\Desktop\Flood_AI_Dataset\05_S1GFloods\Label\image_3319.png,5.0781,1
image_119.png,c:\Users\HP\OneDrive\Desktop\Flood_AI_Dataset\05_S1GFloods\A\image_119.png,c:\Users\HP\OneDrive\Desktop\Flood_AI_Dataset\05_S1GFloods\B\image_119.png,c:\Users\HP\OneDrive\Desktop\Flood_AI_Dataset\05_S1GFloods\Label\image_119.png,15.7471,2
image_3804.png,c:\Users\HP\OneDrive\Desktop\Flood_AI_Dataset\05_S1GFloods\A\image_3804.png,c:\Users\HP\OneDrive\Desktop\Flood_AI_Dataset\05_S1GFloods\B\image_3804.png,c:\Users\HP\OneDrive\Desktop\Flood_AI_Dataset\05_S1GFloods\Label\image_3804.png,9.8923,1
image_348.png,c:\Users\HP\OneDrive\Desktop\Flood_AI_Dataset\05_S1GFloods\A\image_348.png,c:\Users\HP\OneDrive\Desktop\Flood_AI_Dataset\05_S1GFloods\B\image_348.png,c:\Users\HP\OneDrive\Desktop\Flood_AI_Dataset\05_S1GFloods\Label\image_348.png,31.6238,2
image_2019.png,c:\Users\HP\OneDrive\Desktop\Flood_AI_Dataset\05_S1GFloods\A\image_2019.png,c:\Users\HP\OneDrive\Desktop\Flood_AI_Dataset\05_S1GFloods\B\image_2019.png,c:\Users\HP\OneDrive\Desktop\Flood_AI_Dataset\05_S1GFloods\Label\image_2019.png,7.5699,1
image_639.png,c:\Users\HP\OneDrive\Desktop\Flood_AI_Dataset\05_S1GFloods\A\image_639.png,c:\Users\HP\OneDrive\Desktop\Flood_AI_Dataset\05_S1GFloods\B\image_639.png,c:\Users\HP\OneDrive\Desktop\Flood_AI_Dataset\05_S1GFloods\Label\image_639.png,83.0627,2
image_2541.png,c:\Users\HP\OneDrive\Desktop\Flood_AI_Dataset\05_S1GFloods\A\image_2541.png,c:\Users\HP\OneDrive\Desktop\Flood_AI_Dataset\05_S1GFloods\B\image_2541.png,c:\Users\HP\OneDrive\Desktop\Flood_AI_Dataset\05_S1GFloods\Label\image_2541.png,52.3941,2
image_1558.png,c:\Users\HP\OneDrive\Desktop\Flood_AI_Dataset\05_S1GFloods\A\image_1558.png,c:\Users\HP\OneDrive\Desktop\Flood_AI_Dataset\05_S1GFloods\B\image_1558.png,c:\Users\HP\OneDrive\Desktop\Flood_AI_Dataset\05_S1GFloods\Label\image_1558.png,51.5671,2
image_4242.png,c:\Users\HP\OneDrive\Desktop\Flood_AI_Dataset\05_S1GFloods\A\image_4242.png,c:\Users\HP\OneDrive\Desktop\Flood_AI_Dataset\05_S1GFloods\B\image_4242.png,c:\Users\HP\OneDrive\Desktop\Flood_AI_Dataset\05_S1GFloods\Label\image_4242.png,10.3882,2
image_3045.png,c:\Users\HP\OneDrive\Desktop\Flood_AI_Dataset\05_S1GFloods\A\image_3045.png,c:\Users\HP\OneDrive\Desktop\Flood_AI_Dataset\05_S1GFloods\B\image_3045.png,c:\Users\HP\OneDrive\Desktop\Flood_AI_Dataset\05_S1GFloods\Label\image_3045.png,39.5706,2
image_3939.png,c:\Users\HP\OneDrive\Desktop\Flood_AI_Dataset\05_S1GFloods\A\image_3939.png,c:\Users\HP\OneDrive\Desktop\Flood_AI_Dataset\05_S1GFloods\B\image_3939.png,c:\Users\HP\OneDrive\Desktop\Flood_AI_Dataset\05_S1GFloods\Label\image_3939.png,23.0057,2
image_2947.png,c:\Users\HP\OneDrive\Desktop\Flood_AI_Dataset\05_S1GFloods\A\image_2947.png,c:\Users\HP\OneDrive\Desktop\Flood_AI_Dataset\05_S1GFloods\B\image_2947.png,c:\Users\HP\OneDrive\Desktop\Flood_AI_Dataset\05_S1GFloods\Label\image_2947.png,56.1005,2
image_2454.png,c:\Users\HP\OneDrive\Desktop\Flood_AI_Dataset\05_S1GFloods\A\image_2454.png,c:\Users\HP\OneDrive\Desktop\Flood_AI_Dataset\05_S1GFloods\B\image_2454.png,c:\Users\HP\OneDrive\Desktop\Flood_AI_Dataset\05_S1GFloods\Label\image_2454.png,6.8756,1
image_2886.png,c:\Users\HP\OneDrive\Desktop\Flood_AI_Dataset\05_S1GFloods\A\image_2886.png,c:\Users\HP\OneDrive\Desktop\Flood_AI_Dataset\05_S1GFloods\B\image_2886.png,c:\Users\HP\OneDrive\Desktop\Flood_AI_Dataset\05_S1GFloods\Label\image_2886.png,33.0017,2
image_1836.png,c:\Users\HP\OneDrive\Desktop\Flood_AI_Dataset\05_S1GFloods\A\image_1836.png,c:\Users\HP\OneDrive\Desktop\Flood_AI_Dataset\05_S1GFloods\B\image_1836.png,c:\Users\HP\OneDrive\Desktop\Flood_AI_Dataset\05_S1GFloods\Label\image_1836.png,7.8568,1
image_4568.png,c:\Users\HP\OneDrive\Desktop\Flood_AI_Dataset\05_S1GFloods\A\image_4568.png,c:\Users\HP\OneDrive\Desktop\Flood_AI_Dataset\05_S1GFloods\B\image_4568.png,c:\Users\HP\OneDrive\Desktop\Flood_AI_Dataset\05_S1GFloods\Label\image_4568.png,15.0497,2
image_312.png,c:\Users\HP\OneDrive\Desktop\Flood_AI_Dataset\05_S1GFloods\A\image_312.png,c:\Users\HP\OneDrive\Desktop\Flood_AI_Dataset\05_S1GFloods\B\image_312.png,c:\Users\HP\OneDrive\Desktop\Flood_AI_Dataset\05_S1GFloods\Label\image_312.png,5.2948,1
image_4679.png,c:\Users\HP\OneDrive\Desktop\Flood_AI_Dataset\05_S1GFloods\A\image_4679.png,c:\Users\HP\OneDrive\Desktop\Flood_AI_Dataset\05_S1GFloods\B\image_4679.png,c:\Users\HP\OneDrive\Desktop\Flood_AI_Dataset\05_S1GFloods\Label\image_4679.png,8.9203,1
image_5312.png,c:\Users\HP\OneDrive\Desktop\Flood_AI_Dataset\05_S1GFloods\A\image_5312.png,c:\Users\HP\OneDrive\Desktop\Flood_AI_Dataset\05_S1GFloods\B\image_5312.png,c:\Users\HP\OneDrive\Desktop\Flood_AI_Dataset\05_S1GFloods\Label\image_5312.png,31.8192,2
image_1070.png,c:\Users\HP\OneDrive\Desktop\Flood_AI_Dataset\05_S1GFloods\A\image_1070.png,c:\Users\HP\OneDrive\Desktop\Flood_AI_Dataset\05_S1GFloods\B\image_1070.png,c:\Users\HP\OneDrive\Desktop\Flood_AI_Dataset\05_S1GFloods\Label\image_1070.png,69.5862,2
image_927.png,c:\Users\HP\OneDrive\Desktop\Flood_AI_Dataset\05_S1GFloods\A\image_927.png,c:\Users\HP\OneDrive\Desktop\Flood_AI_Dataset\05_S1GFloods\B\image_927.png,c:\Users\HP\OneDrive\Desktop\Flood_AI_Dataset\05_S1GFloods\Label\image_927.png,84.7946,2
image_4937.png,c:\Users\HP\OneDrive\Desktop\Flood_AI_Dataset\05_S1GFloods\A\image_4937.png,c:\Users\HP\OneDrive\Desktop\Flood_AI_Dataset\05_S1GFloods\B\image_4937.png,c:\Users\HP\OneDrive\Desktop\Flood_AI_Dataset\05_S1GFloods\Label\image_4937.png,16.4322,2
image_3147.png,c:\Users\HP\OneDrive\Desktop\Flood_AI_Dataset\05_S1GFloods\A\image_3147.png,c:\Users\HP\OneDrive\Desktop\Flood_AI_Dataset\05_S1GFloods\B\image_3147.png,c:\Users\HP\OneDrive\Desktop\Flood_AI_Dataset\05_S1GFloods\Label\image_3147.png,74.8627,2
image_3538.png,c:\Users\HP\OneDrive\Desktop\Flood_AI_Dataset\05_S1GFloods\A\image_3538.png,c:\Users\HP\OneDrive\Desktop\Flood_AI_Dataset\05_S1GFloods\B\image_3538.png,c:\Users\HP\OneDrive\Desktop\Flood_AI_Dataset\05_S1GFloods\Label\image_3538.png,21.8094,2
image_2225.png,c:\Users\HP\OneDrive\Desktop\Flood_AI_Dataset\05_S1GFloods\A\image_2225.png,c:\Users\HP\OneDrive\Desktop\Flood_AI_Dataset\05_S1GFloods\B\image_2225.png,c:\Users\HP\OneDrive\Desktop\Flood_AI_Dataset\05_S1GFloods\Label\image_2225.png,35.141,2
image_4975.png,c:\Users\HP\OneDrive\Desktop\Flood_AI_Dataset\05_S1GFloods\A\image_4975.png,c:\Users\HP\OneDrive\Desktop\Flood_AI_Dataset\05_S1GFloods\B\image_4975.png,c:\Users\HP\OneDrive\Desktop\Flood_AI_Dataset\05_S1GFloods\Label\image_4975.png,15.0391,2
image_3911.png,c:\Users\HP\OneDrive\Desktop\Flood_AI_Dataset\05_S1GFloods\A\image_3911.png,c:\Users\HP\OneDrive\Desktop\Flood_AI_Dataset\05_S1GFloods\B\image_3911.png,c:\Users\HP\OneDrive\Desktop\Flood_AI_Dataset\05_S1GFloods\Label\image_3911.png,8.1589,1
image_708.png,c:\Users\HP\OneDrive\Desktop\Flood_AI_Dataset\05_S1GFloods\A\image_708.png,c:\Users\HP\OneDrive\Desktop\Flood_AI_Dataset\05_S1GFloods\B\image_708.png,c:\Users\HP\OneDrive\Desktop\Flood_AI_Dataset\05_S1GFloods\Label\image_708.png,62.8067,2
image_904.png,c:\Users\HP\OneDrive\Desktop\Flood_AI_Dataset\05_S1GFloods\A\image_904.png,c:\Users\HP\OneDrive\Desktop\Flood_AI_Dataset\05_S1GFloods\B\image_904.png,c:\Users\HP\OneDrive\Desktop\Flood_AI_Dataset\05_S1GFloods\Label\image_904.png,31.2759,2
image_4404.png,c:\Users\HP\OneDrive\Desktop\Flood_AI_Dataset\05_S1GFloods\A\image_4404.png,c:\Users\HP\OneDrive\Desktop\Flood_AI_Dataset\05_S1GFloods\B\image_4404.png,c:\Users\HP\OneDrive\Desktop\Flood_AI_Dataset\05_S1GFloods\Label\image_4404.png,97.377,2
image_548.png,c:\Users\HP\OneDrive\Desktop\Flood_AI_Dataset\05_S1GFloods\A\image_548.png,c:\Users\HP\OneDrive\Desktop\Flood_AI_Dataset\05_S1GFloods\B\image_548.png,c:\Users\HP\OneDrive\Desktop\Flood_AI_Dataset\05_S1GFloods\Label\image_548.png,36.5906,2
image_1835.png,c:\Users\HP\OneDrive\Desktop\Flood_AI_Dataset\05_S1GFloods\A\image_1835.png,c:\Users\HP\OneDrive\Desktop\Flood_AI_Dataset\05_S1GFloods\B\image_1835.png,c:\Users\HP\OneDrive\Desktop\Flood_AI_Dataset\05_S1GFloods\Label\image_1835.png,7.6477,1
image_2188.png,c:\Users\HP\OneDrive\Desktop\Flood_AI_Dataset\05_S1GFloods\A\image_2188.png,c:\Users\HP\OneDrive\Desktop\Flood_AI_Dataset\05_S1GFloods\B\image_2188.png,c:\Users\HP\OneDrive\Desktop\Flood_AI_Dataset\05_S1GFloods\Label\image_2188.png,7.8354,1
image_2292.png,c:\Users\HP\OneDrive\Desktop\Flood_AI_Dataset\05_S1GFloods\A\image_2292.png,c:\Users\HP\OneDrive\Desktop\Flood_AI_Dataset\05_S1GFloods\B\image_2292.png,c:\Users\HP\OneDrive\Desktop\Flood_AI_Dataset\05_S1GFloods\Label\image_2292.png,7.8308,1
image_2664.png,c:\Users\HP\OneDrive\Desktop\Flood_AI_Dataset\05_S1GFloods\A\image_2664.png,c:\Users\HP\OneDrive\Desktop\Flood_AI_Dataset\05_S1GFloods\B\image_2664.png,c:\Users\HP\OneDrive\Desktop\Flood_AI_Dataset\05_S1GFloods\Label\image_2664.png,6.218,1
image_3553.png,c:\Users\HP\OneDrive\Desktop\Flood_AI_Dataset\05_S1GFloods\A\image_3553.png,c:\Users\HP\OneDrive\Desktop\Flood_AI_Dataset\05_S1GFloods\B\image_3553.png,c:\Users\HP\OneDrive\Desktop\Flood_AI_Dataset\05_S1GFloods\Label\image_3553.png,54.7394,2
image_5080.png,c:\Users\HP\OneDrive\Desktop\Flood_AI_Dataset\05_S1GFloods\A\image_5080.png,c:\Users\HP\OneDrive\Desktop\Flood_AI_Dataset\05_S1GFloods\B\image_5080.png,c:\Users\HP\OneDrive\Desktop\Flood_AI_Dataset\05_S1GFloods\Label\image_5080.png,28.4561,2
image_4292.png,c:\Users\HP\OneDrive\Desktop\Flood_AI_Dataset\05_S1GFloods\A\image_4292.png,c:\Users\HP\OneDrive\Desktop\Flood_AI_Dataset\05_S1GFloods\B\image_4292.png,c:\Users\HP\OneDrive\Desktop\Flood_AI_Dataset\05_S1GFloods\Label\image_4292.png,11.5341,2
image_3769.png,c:\Users\HP\OneDrive\Desktop\Flood_AI_Dataset\05_S1GFloods\A\image_3769.png,c:\Users\HP\OneDrive\Desktop\Flood_AI_Dataset\05_S1GFloods\B\image_3769.png,c:\Users\HP\OneDrive\Desktop\Flood_AI_Dataset\05_S1GFloods\Label\image_3769.png,17.569,2
image_4408.png,c:\Users\HP\OneDrive\Desktop\Flood_AI_Dataset\05_S1GFloods\A\image_4408.png,c:\Users\HP\OneDrive\Desktop\Flood_AI_Dataset\05_S1GFloods\B\image_4408.png,c:\Users\HP\OneDrive\Desktop\Flood_AI_Dataset\05_S1GFloods\Label\image_4408.png,99.9985,2
image_1641.png,c:\Users\HP\OneDrive\Desktop\Flood_AI_Dataset\05_S1GFloods\A\image_1641.png,c:\Users\HP\OneDrive\Desktop\Flood_AI_Dataset\05_S1GFloods\B\image_1641.png,c:\Users\HP\OneDrive\Desktop\Flood_AI_Dataset\05_S1GFloods\Label\image_1641.png,15.7776,2
image_756.png,c:\Users\HP\OneDrive\Desktop\Flood_AI_Dataset\05_S1GFloods\A\image_756.png,c:\Users\HP\OneDrive\Desktop\Flood_AI_Dataset\05_S1GFloods\B\image_756.png,c:\Users\HP\OneDrive\Desktop\Flood_AI_Dataset\05_S1GFloods\Label\image_756.png,8.6121,1
image_2654.png,c:\Users\HP\OneDrive\Desktop\Flood_AI_Dataset\05_S1GFloods\A\image_2654.png,c:\Users\HP\OneDrive\Desktop\Flood_AI_Dataset\05_S1GFloods\B\image_2654.png,c:\Users\HP\OneDrive\Desktop\Flood_AI_Dataset\05_S1GFloods\Label\image_2654.png,26.4526,2
image_4260.png,c:\Users\HP\OneDrive\Desktop\Flood_AI_Dataset\05_S1GFloods\A\image_4260.png,c:\Users\HP\OneDrive\Desktop\Flood_AI_Dataset\05_S1GFloods\B\image_4260.png,c:\Users\HP\OneDrive\Desktop\Flood_AI_Dataset\05_S1GFloods\Label\image_4260.png,8.2321,1
image_2560.png,c:\Users\HP\OneDrive\Desktop\Flood_AI_Dataset\05_S1GFloods\A\image_2560.png,c:\Users\HP\OneDrive\Desktop\Flood_AI_Dataset\05_S1GFloods\B\image_2560.png,c:\Users\HP\OneDrive\Desktop\Flood_AI_Dataset\05_S1GFloods\Label\image_2560.png,15.0009,2
image_4355.png,c:\Users\HP\OneDrive\Desktop\Flood_AI_Dataset\05_S1GFloods\A\image_4355.png,c:\Users\HP\OneDrive\Desktop\Flood_AI_Dataset\05_S1GFloods\B\image_4355.png,c:\Users\HP\OneDrive\Desktop\Flood_AI_Dataset\05_S1GFloods\Label\image_4355.png,97.2534,2
image_3017.png,c:\Users\HP\OneDrive\Desktop\Flood_AI_Dataset\05_S1GFloods\A\image_3017.png,c:\Users\HP\OneDrive\Desktop\Flood_AI_Dataset\05_S1GFloods\B\image_3017.png,c:\Users\HP\OneDrive\Desktop\Flood_AI_Dataset\05_S1GFloods\Label\image_3017.png,62.6617,2
image_3932.png,c:\Users\HP\OneDrive\Desktop\Flood_AI_Dataset\05_S1GFloods\A\image_3932.png,c:\Users\HP\OneDrive\Desktop\Flood_AI_Dataset\05_S1GFloods\B\image_3932.png,c:\Users\HP\OneDrive\Desktop\Flood_AI_Dataset\05_S1GFloods\Label\image_3932.png,5.9372,1
image_4435.png,c:\Users\HP\OneDrive\Desktop\Flood_AI_Dataset\05_S1GFloods\A\image_4435.png,c:\Users\HP\OneDrive\Desktop\Flood_AI_Dataset\05_S1GFloods\B\image_4435.png,c:\Users\HP\OneDrive\Desktop\Flood_AI_Dataset\05_S1GFloods\Label\image_4435.png,51.9424,2
image_3873.png,c:\Users\HP\OneDrive\Desktop\Flood_AI_Dataset\05_S1GFloods\A\image_3873.png,c:\Users\HP\OneDrive\Desktop\Flood_AI_Dataset\05_S1GFloods\B\image_3873.png,c:\Users\HP\OneDrive\Desktop\Flood_AI_Dataset\05_S1GFloods\Label\image_3873.png,98.2208,2
image_1281.png,c:\Users\HP\OneDrive\Desktop\Flood_AI_Dataset\05_S1GFloods\A\image_1281.png,c:\Users\HP\OneDrive\Desktop\Flood_AI_Dataset\05_S1GFloods\B\image_1281.png,c:\Users\HP\OneDrive\Desktop\Flood_AI_Dataset\05_S1GFloods\Label\image_1281.png,17.7231,2
image_346.png,c:\Users\HP\OneDrive\Desktop\Flood_AI_Dataset\05_S1GFloods\A\image_346.png,c:\Users\HP\OneDrive\Desktop\Flood_AI_Dataset\05_S1GFloods\B\image_346.png,c:\Users\HP\OneDrive\Desktop\Flood_AI_Dataset\05_S1GFloods\Label\image_346.png,28.7491,2
image_2003.png,c:\Users\HP\OneDrive\Desktop\Flood_AI_Dataset\05_S1GFloods\A\image_2003.png,c:\Users\HP\OneDrive\Desktop\Flood_AI_Dataset\05_S1GFloods\B\image_2003.png,c:\Users\HP\OneDrive\Desktop\Flood_AI_Dataset\05_S1GFloods\Label\image_2003.png,31.4896,2
image_965.png,c:\Users\HP\OneDrive\Desktop\Flood_AI_Dataset\05_S1GFloods\A\image_965.png,c:\Users\HP\OneDrive\Desktop\Flood_AI_Dataset\05_S1GFloods\B\image_965.png,c:\Users\HP\OneDrive\Desktop\Flood_AI_Dataset\05_S1GFloods\Label\image_965.png,54.0146,2
image_2027.png,c:\Users\HP\OneDrive\Desktop\Flood_AI_Dataset\05_S1GFloods\A\image_2027.png,c:\Users\HP\OneDrive\Desktop\Flood_AI_Dataset\05_S1GFloods\B\image_2027.png,c:\Users\HP\OneDrive\Desktop\Flood_AI_Dataset\05_S1GFloods\Label\image_2027.png,20.9869,2
image_3312.png,c:\Users\HP\OneDrive\Desktop\Flood_AI_Dataset\05_S1GFloods\A\image_3312.png,c:\Users\HP\OneDrive\Desktop\Flood_AI_Dataset\05_S1GFloods\B\image_3312.png,c:\Users\HP\OneDrive\Desktop\Flood_AI_Dataset\05_S1GFloods\Label\image_3312.png,8.1772,1
image_4744.png,c:\Users\HP\OneDrive\Desktop\Flood_AI_Dataset\05_S1GFloods\A\image_4744.png,c:\Users\HP\OneDrive\Desktop\Flood_AI_Dataset\05_S1GFloods\B\image_4744.png,c:\Users\HP\OneDrive\Desktop\Flood_AI_Dataset\05_S1GFloods\Label\image_4744.png,7.9742,1
image_1260.png,c:\Users\HP\OneDrive\Desktop\Flood_AI_Dataset\05_S1GFloods\A\image_1260.png,c:\Users\HP\OneDrive\Desktop\Flood_AI_Dataset\05_S1GFloods\B\image_1260.png,c:\Users\HP\OneDrive\Desktop\Flood_AI_Dataset\05_S1GFloods\Label\image_1260.png,71.8201,2
image_3784.png,c:\Users\HP\OneDrive\Desktop\Flood_AI_Dataset\05_S1GFloods\A\image_3784.png,c:\Users\HP\OneDrive\Desktop\Flood_AI_Dataset\05_S1GFloods\B\image_3784.png,c:\Users\HP\OneDrive\Desktop\Flood_AI_Dataset\05_S1GFloods\Label\image_3784.png,8.1512,1
image_1709.png,c:\Users\HP\OneDrive\Desktop\Flood_AI_Dataset\05_S1GFloods\A\image_1709.png,c:\Users\HP\OneDrive\Desktop\Flood_AI_Dataset\05_S1GFloods\B\image_1709.png,c:\Users\HP\OneDrive\Desktop\Flood_AI_Dataset\05_S1GFloods\Label\image_1709.png,49.7925,2
image_1154.png,c:\Users\HP\OneDrive\Desktop\Flood_AI_Dataset\05_S1GFloods\A\image_1154.png,c:\Users\HP\OneDrive\Desktop\Flood_AI_Dataset\05_S1GFloods\B\image_1154.png,c:\Users\HP\OneDrive\Desktop\Flood_AI_Dataset\05_S1GFloods\Label\image_1154.png,55.0797,2
image_4338.png,c:\Users\HP\OneDrive\Desktop\Flood_AI_Dataset\05_S1GFloods\A\image_4338.png,c:\Users\HP\OneDrive\Desktop\Flood_AI_Dataset\05_S1GFloods\B\image_4338.png,c:\Users\HP\OneDrive\Desktop\Flood_AI_Dataset\05_S1GFloods\Label\image_4338.png,99.3042,2
image_5114.png,c:\Users\HP\OneDrive\Desktop\Flood_AI_Dataset\05_S1GFloods\A\image_5114.png,c:\Users\HP\OneDrive\Desktop\Flood_AI_Dataset\05_S1GFloods\B\image_5114.png,c:\Users\HP\OneDrive\Desktop\Flood_AI_Dataset\05_S1GFloods\Label\image_5114.png,5.5389,1
image_2605.png,c:\Users\HP\OneDrive\Desktop\Flood_AI_Dataset\05_S1GFloods\A\image_2605.png,c:\Users\HP\OneDrive\Desktop\Flood_AI_Dataset\05_S1GFloods\B\image_2605.png,c:\Users\HP\OneDrive\Desktop\Flood_AI_Dataset\05_S1GFloods\Label\image_2605.png,33.7799,2
image_1335.png,c:\Users\HP\OneDrive\Desktop\Flood_AI_Dataset\05_S1GFloods\A\image_1335.png,c:\Users\HP\OneDrive\Desktop\Flood_AI_Dataset\05_S1GFloods\B\image_1335.png,c:\Users\HP\OneDrive\Desktop\Flood_AI_Dataset\05_S1GFloods\Label\image_1335.png,10.0418,2
image_4384.png,c:\Users\HP\OneDrive\Desktop\Flood_AI_Dataset\05_S1GFloods\A\image_4384.png,c:\Users\HP\OneDrive\Desktop\Flood_AI_Dataset\05_S1GFloods\B\image_4384.png,c:\Users\HP\OneDrive\Desktop\Flood_AI_Dataset\05_S1GFloods\Label\image_4384.png,68.7073,2
image_3698.png,c:\Users\HP\OneDrive\Desktop\Flood_AI_Dataset\05_S1GFloods\A\image_3698.png,c:\Users\HP\OneDrive\Desktop\Flood_AI_Dataset\05_S1GFloods\B\image_3698.png,c:\Users\HP\OneDrive\Desktop\Flood_AI_Dataset\05_S1GFloods\Label\image_3698.png,59.5383,2
image_4786.png,c:\Users\HP\OneDrive\Desktop\Flood_AI_Dataset\05_S1GFloods\A\image_4786.png,c:\Users\HP\OneDrive\Desktop\Flood_AI_Dataset\05_S1GFloods\B\image_4786.png,c:\Users\HP\OneDrive\Desktop\Flood_AI_Dataset\05_S1GFloods\Label\image_4786.png,7.0923,1
image_3887.png,c:\Users\HP\OneDrive\Desktop\Flood_AI_Dataset\05_S1GFloods\A\image_3887.png,c:\Users\HP\OneDrive\Desktop\Flood_AI_Dataset\05_S1GFloods\B\image_3887.png,c:\Users\HP\OneDrive\Desktop\Flood_AI_Dataset\05_S1GFloods\Label\image_3887.png,44.9219,2
image_5074.png,c:\Users\HP\OneDrive\Desktop\Flood_AI_Dataset\05_S1GFloods\A\image_5074.png,c:\Users\HP\OneDrive\Desktop\Flood_AI_Dataset\05_S1GFloods\B\image_5074.png,c:\Users\HP\OneDrive\Desktop\Flood_AI_Dataset\05_S1GFloods\Label\image_5074.png,7.6965,1
image_2679.png,c:\Users\HP\OneDrive\Desktop\Flood_AI_Dataset\05_S1GFloods\A\image_2679.png,c:\Users\HP\OneDrive\Desktop\Flood_AI_Dataset\05_S1GFloods\B\image_2679.png,c:\Users\HP\OneDrive\Desktop\Flood_AI_Dataset\05_S1GFloods\Label\image_2679.png,21.1578,2
image_3650.png,c:\Users\HP\OneDrive\Desktop\Flood_AI_Dataset\05_S1GFloods\A\image_3650.png,c:\Users\HP\OneDrive\Desktop\Flood_AI_Dataset\05_S1GFloods\B\image_3650.png,c:\Users\HP\OneDrive\Desktop\Flood_AI_Dataset\05_S1GFloods\Label\image_3650.png,10.4126,2
image_3359.png,c:\Users\HP\OneDrive\Desktop\Flood_AI_Dataset\05_S1GFloods\A\image_3359.png,c:\Users\HP\OneDrive\Desktop\Flood_AI_Dataset\05_S1GFloods\B\image_3359.png,c:\Users\HP\OneDrive\Desktop\Flood_AI_Dataset\05_S1GFloods\Label\image_3359.png,13.3911,2
image_4884.png,c:\Users\HP\OneDrive\Desktop\Flood_AI_Dataset\05_S1GFloods\A\image_4884.png,c:\Users\HP\OneDrive\Desktop\Flood_AI_Dataset\05_S1GFloods\B\image_4884.png,c:\Users\HP\OneDrive\Desktop\Flood_AI_Dataset\05_S1GFloods\Label\image_4884.png,16.7938,2
image_1419.png,c:\Users\HP\OneDrive\Desktop\Flood_AI_Dataset\05_S1GFloods\A\image_1419.png,c:\Users\HP\OneDrive\Desktop\Flood_AI_Dataset\05_S1GFloods\B\image_1419.png,c:\Users\HP\OneDrive\Desktop\Flood_AI_Dataset\05_S1GFloods\Label\image_1419.png,44.9173,2
image_1509.png,c:\Users\HP\OneDrive\Desktop\Flood_AI_Dataset\05_S1GFloods\A\image_1509.png,c:\Users\HP\OneDrive\Desktop\Flood_AI_Dataset\05_S1GFloods\B\image_1509.png,c:\Users\HP\OneDrive\Desktop\Flood_AI_Dataset\05_S1GFloods\Label\image_1509.png,6.7154,1
image_5246.png,c:\Users\HP\OneDrive\Desktop\Flood_AI_Dataset\05_S1GFloods\A\image_5246.png,c:\Users\HP\OneDrive\Desktop\Flood_AI_Dataset\05_S1GFloods\B\image_5246.png,c:\Users\HP\OneDrive\Desktop\Flood_AI_Dataset\05_S1GFloods\Label\image_5246.png,17.0563,2
image_4461.png,c:\Users\HP\OneDrive\Desktop\Flood_AI_Dataset\05_S1GFloods\A\image_4461.png,c:\Users\HP\OneDrive\Desktop\Flood_AI_Dataset\05_S1GFloods\B\image_4461.png,c:\Users\HP\OneDrive\Desktop\Flood_AI_Dataset\05_S1GFloods\Label\image_4461.png,18.7454,2
image_632.png,c:\Users\HP\OneDrive\Desktop\Flood_AI_Dataset\05_S1GFloods\A\image_632.png,c:\Users\HP\OneDrive\Desktop\Flood_AI_Dataset\05_S1GFloods\B\image_632.png,c:\Users\HP\OneDrive\Desktop\Flood_AI_Dataset\05_S1GFloods\Label\image_632.png,86.6226,2
image_597.png,c:\Users\HP\OneDrive\Desktop\Flood_AI_Dataset\05_S1GFloods\A\image_597.png,c:\Users\HP\OneDrive\Desktop\Flood_AI_Dataset\05_S1GFloods\B\image_597.png,c:\Users\HP\OneDrive\Desktop\Flood_AI_Dataset\05_S1GFloods\Label\image_597.png,13.6826,2
image_4112.png,c:\Users\HP\OneDrive\Desktop\Flood_AI_Dataset\05_S1GFloods\A\image_4112.png,c:\Users\HP\OneDrive\Desktop\Flood_AI_Dataset\05_S1GFloods\B\image_4112.png,c:\Users\HP\OneDrive\Desktop\Flood_AI_Dataset\05_S1GFloods\Label\image_4112.png,7.1716,1
image_3699.png,c:\Users\HP\OneDrive\Desktop\Flood_AI_Dataset\05_S1GFloods\A\image_3699.png,c:\Users\HP\OneDrive\Desktop\Flood_AI_Dataset\05_S1GFloods\B\image_3699.png,c:\Users\HP\OneDrive\Desktop\Flood_AI_Dataset\05_S1GFloods\Label\image_3699.png,12.6221,2
image_4322.png,c:\Users\HP\OneDrive\Desktop\Flood_AI_Dataset\05_S1GFloods\A\image_4322.png,c:\Users\HP\OneDrive\Desktop\Flood_AI_Dataset\05_S1GFloods\B\image_4322.png,c:\Users\HP\OneDrive\Desktop\Flood_AI_Dataset\05_S1GFloods\Label\image_4322.png,13.5452,2
image_879.png,c:\Users\HP\OneDrive\Desktop\Flood_AI_Dataset\05_S1GFloods\A\image_879.png,c:\Users\HP\OneDrive\Desktop\Flood_AI_Dataset\05_S1GFloods\B\image_879.png,c:\Users\HP\OneDrive\Desktop\Flood_AI_Dataset\05_S1GFloods\Label\image_879.png,84.111,2
image_556.png,c:\Users\HP\OneDrive\Desktop\Flood_AI_Dataset\05_S1GFloods\A\image_556.png,c:\Users\HP\OneDrive\Desktop\Flood_AI_Dataset\05_S1GFloods\B\image_556.png,c:\Users\HP\OneDrive\Desktop\Flood_AI_Dataset\05_S1GFloods\Label\image_556.png,15.7242,2
image_2822.png,c:\Users\HP\OneDrive\Desktop\Flood_AI_Dataset\05_S1GFloods\A\image_2822.png,c:\Users\HP\OneDrive\Desktop\Flood_AI_Dataset\05_S1GFloods\B\image_2822.png,c:\Users\HP\OneDrive\Desktop\Flood_AI_Dataset\05_S1GFloods\Label\image_2822.png,25.415,2
image_861.png,c:\Users\HP\OneDrive\Desktop\Flood_AI_Dataset\05_S1GFloods\A\image_861.png,c:\Users\HP\OneDrive\Desktop\Flood_AI_Dataset\05_S1GFloods\B\image_861.png,c:\Users\HP\OneDrive\Desktop\Flood_AI_Dataset\05_S1GFloods\Label\image_861.png,42.7216,2
image_3385.png,c:\Users\HP\OneDrive\Desktop\Flood_AI_Dataset\05_S1GFloods\A\image_3385.png,c:\Users\HP\OneDrive\Desktop\Flood_AI_Dataset\05_S1GFloods\B\image_3385.png,c:\Users\HP\OneDrive\Desktop\Flood_AI_Dataset\05_S1GFloods\Label\image_3385.png,26.445,2
image_1150.png,c:\Users\HP\OneDrive\Desktop\Flood_AI_Dataset\05_S1GFloods\A\image_1150.png,c:\Users\HP\OneDrive\Desktop\Flood_AI_Dataset\05_S1GFloods\B\image_1150.png,c:\Users\HP\OneDrive\Desktop\Flood_AI_Dataset\05_S1GFloods\Label\image_1150.png,57.8262,2
image_1717.png,c:\Users\HP\OneDrive\Desktop\Flood_AI_Dataset\05_S1GFloods\A\image_1717.png,c:\Users\HP\OneDrive\Desktop\Flood_AI_Dataset\05_S1GFloods\B\image_1717.png,c:\Users\HP\OneDrive\Desktop\Flood_AI_Dataset\05_S1GFloods\Label\image_1717.png,13.4323,2
image_1202.png,c:\Users\HP\OneDrive\Desktop\Flood_AI_Dataset\05_S1GFloods\A\image_1202.png,c:\Users\HP\OneDrive\Desktop\Flood_AI_Dataset\05_S1GFloods\B\image_1202.png,c:\Users\HP\OneDrive\Desktop\Flood_AI_Dataset\05_S1GFloods\Label\image_1202.png,70.6543,2
image_5026.png,c:\Users\HP\OneDrive\Desktop\Flood_AI_Dataset\05_S1GFloods\A\image_5026.png,c:\Users\HP\OneDrive\Desktop\Flood_AI_Dataset\05_S1GFloods\B\image_5026.png,c:\Users\HP\OneDrive\Desktop\Flood_AI_Dataset\05_S1GFloods\Label\image_5026.png,5.5618,1
image_4296.png,c:\Users\HP\OneDrive\Desktop\Flood_AI_Dataset\05_S1GFloods\A\image_4296.png,c:\Users\HP\OneDrive\Desktop\Flood_AI_Dataset\05_S1GFloods\B\image_4296.png,c:\Users\HP\OneDrive\Desktop\Flood_AI_Dataset\05_S1GFloods\Label\image_4296.png,6.2943,1
image_1873.png,c:\Users\HP\OneDrive\Desktop\Flood_AI_Dataset\05_S1GFloods\A\image_1873.png,c:\Users\HP\OneDrive\Desktop\Flood_AI_Dataset\05_S1GFloods\B\image_1873.png,c:\Users\HP\OneDrive\Desktop\Flood_AI_Dataset\05_S1GFloods\Label\image_1873.png,10.0647,2
image_2981.png,c:\Users\HP\OneDrive\Desktop\Flood_AI_Dataset\05_S1GFloods\A\image_2981.png,c:\Users\HP\OneDrive\Desktop\Flood_AI_Dataset\05_S1GFloods\B\image_2981.png,c:\Users\HP\OneDrive\Desktop\Flood_AI_Dataset\05_S1GFloods\Label\image_2981.png,50.3662,2
image_1100.png,c:\Users\HP\OneDrive\Desktop\Flood_AI_Dataset\05_S1GFloods\A\image_1100.png,c:\Users\HP\OneDrive\Desktop\Flood_AI_Dataset\05_S1GFloods\B\image_1100.png,c:\Users\HP\OneDrive\Desktop\Flood_AI_Dataset\05_S1GFloods\Label\image_1100.png,18.8065,2
image_1916.png,c:\Users\HP\OneDrive\Desktop\Flood_AI_Dataset\05_S1GFloods\A\image_1916.png,c:\Users\HP\OneDrive\Desktop\Flood_AI_Dataset\05_S1GFloods\B\image_1916.png,c:\Users\HP\OneDrive\Desktop\Flood_AI_Dataset\05_S1GFloods\Label\image_1916.png,6.1218,1
image_392.png,c:\Users\HP\OneDrive\Desktop\Flood_AI_Dataset\05_S1GFloods\A\image_392.png,c:\Users\HP\OneDrive\Desktop\Flood_AI_Dataset\05_S1GFloods\B\image_392.png,c:\Users\HP\OneDrive\Desktop\Flood_AI_Dataset\05_S1GFloods\Label\image_392.png,11.055,2
image_2162.png,c:\Users\HP\OneDrive\Desktop\Flood_AI_Dataset\05_S1GFloods\A\image_2162.png,c:\Users\HP\OneDrive\Desktop\Flood_AI_Dataset\05_S1GFloods\B\image_2162.png,c:\Users\HP\OneDrive\Desktop\Flood_AI_Dataset\05_S1GFloods\Label\image_2162.png,14.4836,2
image_4146.png,c:\Users\HP\OneDrive\Desktop\Flood_AI_Dataset\05_S1GFloods\A\image_4146.png,c:\Users\HP\OneDrive\Desktop\Flood_AI_Dataset\05_S1GFloods\B\image_4146.png,c:\Users\HP\OneDrive\Desktop\Flood_AI_Dataset\05_S1GFloods\Label\image_4146.png,33.2138,2
image_3849.png,c:\Users\HP\OneDrive\Desktop\Flood_AI_Dataset\05_S1GFloods\A\image_3849.png,c:\Users\HP\OneDrive\Desktop\Flood_AI_Dataset\05_S1GFloods\B\image_3849.png,c:\Users\HP\OneDrive\Desktop\Flood_AI_Dataset\05_S1GFloods\Label\image_3849.png,21.521,2
image_2676.png,c:\Users\HP\OneDrive\Desktop\Flood_AI_Dataset\05_S1GFloods\A\image_2676.png,c:\Users\HP\OneDrive\Desktop\Flood_AI_Dataset\05_S1GFloods\B\image_2676.png,c:\Users\HP\OneDrive\Desktop\Flood_AI_Dataset\05_S1GFloods\Label\image_2676.png,58.6075,2
image_383.png,c:\Users\HP\OneDrive\Desktop\Flood_AI_Dataset\05_S1GFloods\A\image_383.png,c:\Users\HP\OneDrive\Desktop\Flood_AI_Dataset\05_S1GFloods\B\image_383.png,c:\Users\HP\OneDrive\Desktop\Flood_AI_Dataset\05_S1GFloods\Label\image_383.png,35.8688,2
image_1766.png,c:\Users\HP\OneDrive\Desktop\Flood_AI_Dataset\05_S1GFloods\A\image_1766.png,c:\Users\HP\OneDrive\Desktop\Flood_AI_Dataset\05_S1GFloods\B\image_1766.png,c:\Users\HP\OneDrive\Desktop\Flood_AI_Dataset\05_S1GFloods\Label\image_1766.png,9.9396,1
image_1456.png,c:\Users\HP\OneDrive\Desktop\Flood_AI_Dataset\05_S1GFloods\A\image_1456.png,c:\Users\HP\OneDrive\Desktop\Flood_AI_Dataset\05_S1GFloods\B\image_1456.png,c:\Users\HP\OneDrive\Desktop\Flood_AI_Dataset\05_S1GFloods\Label\image_1456.png,5.4916,1
image_1494.png,c:\Users\HP\OneDrive\Desktop\Flood_AI_Dataset\05_S1GFloods\A\image_1494.png,c:\Users\HP\OneDrive\Desktop\Flood_AI_Dataset\05_S1GFloods\B\image_1494.png,c:\Users\HP\OneDrive\Desktop\Flood_AI_Dataset\05_S1GFloods\Label\image_1494.png,42.8238,2
image_5071.png,c:\Users\HP\OneDrive\Desktop\Flood_AI_Dataset\05_S1GFloods\A\image_5071.png,c:\Users\HP\OneDrive\Desktop\Flood_AI_Dataset\05_S1GFloods\B\image_5071.png,c:\Users\HP\OneDrive\Desktop\Flood_AI_Dataset\05_S1GFloods\Label\image_5071.png,8.5983,1
image_1844.png,c:\Users\HP\OneDrive\Desktop\Flood_AI_Dataset\05_S1GFloods\A\image_1844.png,c:\Users\HP\OneDrive\Desktop\Flood_AI_Dataset\05_S1GFloods\B\image_1844.png,c:\Users\HP\OneDrive\Desktop\Flood_AI_Dataset\05_S1GFloods\Label\image_1844.png,10.8932,2
image_1403.png,c:\Users\HP\OneDrive\Desktop\Flood_AI_Dataset\05_S1GFloods\A\image_1403.png,c:\Users\HP\OneDrive\Desktop\Flood_AI_Dataset\05_S1GFloods\B\image_1403.png,c:\Users\HP\OneDrive\Desktop\Flood_AI_Dataset\05_S1GFloods\Label\image_1403.png,22.6105,2
image_4273.png,c:\Users\HP\OneDrive\Desktop\Flood_AI_Dataset\05_S1GFloods\A\image_4273.png,c:\Users\HP\OneDrive\Desktop\Flood_AI_Dataset\05_S1GFloods\B\image_4273.png,c:\Users\HP\OneDrive\Desktop\Flood_AI_Dataset\05_S1GFloods\Label\image_4273.png,39.8773,2
image_5112.png,c:\Users\HP\OneDrive\Desktop\Flood_AI_Dataset\05_S1GFloods\A\image_5112.png,c:\Users\HP\OneDrive\Desktop\Flood_AI_Dataset\05_S1GFloods\B\image_5112.png,c:\Users\HP\OneDrive\Desktop\Flood_AI_Dataset\05_S1GFloods\Label\image_5112.png,17.5964,2
image_918.png,c:\Users\HP\OneDrive\Desktop\Flood_AI_Dataset\05_S1GFloods\A\image_918.png,c:\Users\HP\OneDrive\Desktop\Flood_AI_Dataset\05_S1GFloods\B\image_918.png,c:\Users\HP\OneDrive\Desktop\Flood_AI_Dataset\05_S1GFloods\Label\image_918.png,92.1448,2
image_979.png,c:\Users\HP\OneDrive\Desktop\Flood_AI_Dataset\05_S1GFloods\A\image_979.png,c:\Users\HP\OneDrive\Desktop\Flood_AI_Dataset\05_S1GFloods\B\image_979.png,c:\Users\HP\OneDrive\Desktop\Flood_AI_Dataset\05_S1GFloods\Label\image_979.png,36.8011,2
image_2339.png,c:\Users\HP\OneDrive\Desktop\Flood_AI_Dataset\05_S1GFloods\A\image_2339.png,c:\Users\HP\OneDrive\Desktop\Flood_AI_Dataset\05_S1GFloods\B\image_2339.png,c:\Users\HP\OneDrive\Desktop\Flood_AI_Dataset\05_S1GFloods\Label\image_2339.png,52.9358,2
image_1138.png,c:\Users\HP\OneDrive\Desktop\Flood_AI_Dataset\05_S1GFloods\A\image_1138.png,c:\Users\HP\OneDrive\Desktop\Flood_AI_Dataset\05_S1GFloods\B\image_1138.png,c:\Users\HP\OneDrive\Desktop\Flood_AI_Dataset\05_S1GFloods\Label\image_1138.png,22.6334,2
image_2841.png,c:\Users\HP\OneDrive\Desktop\Flood_AI_Dataset\05_S1GFloods\A\image_2841.png,c:\Users\HP\OneDrive\Desktop\Flood_AI_Dataset\05_S1GFloods\B\image_2841.png,c:\Users\HP\OneDrive\Desktop\Flood_AI_Dataset\05_S1GFloods\Label\image_2841.png,44.1284,2
image_4218.png,c:\Users\HP\OneDrive\Desktop\Flood_AI_Dataset\05_S1GFloods\A\image_4218.png,c:\Users\HP\OneDrive\Desktop\Flood_AI_Dataset\05_S1GFloods\B\image_4218.png,c:\Users\HP\OneDrive\Desktop\Flood_AI_Dataset\05_S1GFloods\Label\image_4218.png,6.6208,1
image_4881.png,c:\Users\HP\OneDrive\Desktop\Flood_AI_Dataset\05_S1GFloods\A\image_4881.png,c:\Users\HP\OneDrive\Desktop\Flood_AI_Dataset\05_S1GFloods\B\image_4881.png,c:\Users\HP\OneDrive\Desktop\Flood_AI_Dataset\05_S1GFloods\Label\image_4881.png,5.6427,1
image_4867.png,c:\Users\HP\OneDrive\Desktop\Flood_AI_Dataset\05_S1GFloods\A\image_4867.png,c:\Users\HP\OneDrive\Desktop\Flood_AI_Dataset\05_S1GFloods\B\image_4867.png,c:\Users\HP\OneDrive\Desktop\Flood_AI_Dataset\05_S1GFloods\Label\image_4867.png,12.0758,2
image_239.png,c:\Users\HP\OneDrive\Desktop\Flood_AI_Dataset\05_S1GFloods\A\image_239.png,c:\Users\HP\OneDrive\Desktop\Flood_AI_Dataset\05_S1GFloods\B\image_239.png,c:\Users\HP\OneDrive\Desktop\Flood_AI_Dataset\05_S1GFloods\Label\image_239.png,12.114,2
image_5085.png,c:\Users\HP\OneDrive\Desktop\Flood_AI_Dataset\05_S1GFloods\A\image_5085.png,c:\Users\HP\OneDrive\Desktop\Flood_AI_Dataset\05_S1GFloods\B\image_5085.png,c:\Users\HP\OneDrive\Desktop\Flood_AI_Dataset\05_S1GFloods\Label\image_5085.png,6.2759,1
image_5234.png,c:\Users\HP\OneDrive\Desktop\Flood_AI_Dataset\05_S1GFloods\A\image_5234.png,c:\Users\HP\OneDrive\Desktop\Flood_AI_Dataset\05_S1GFloods\B\image_5234.png,c:\Users\HP\OneDrive\Desktop\Flood_AI_Dataset\05_S1GFloods\Label\image_5234.png,29.2969,2
image_2022.png,c:\Users\HP\OneDrive\Desktop\Flood_AI_Dataset\05_S1GFloods\A\image_2022.png,c:\Users\HP\OneDrive\Desktop\Flood_AI_Dataset\05_S1GFloods\B\image_2022.png,c:\Users\HP\OneDrive\Desktop\Flood_AI_Dataset\05_S1GFloods\Label\image_2022.png,39.4821,2
image_1207.png,c:\Users\HP\OneDrive\Desktop\Flood_AI_Dataset\05_S1GFloods\A\image_1207.png,c:\Users\HP\OneDrive\Desktop\Flood_AI_Dataset\05_S1GFloods\B\image_1207.png,c:\Users\HP\OneDrive\Desktop\Flood_AI_Dataset\05_S1GFloods\Label\image_1207.png,76.5732,2
image_2381.png,c:\Users\HP\OneDrive\Desktop\Flood_AI_Dataset\05_S1GFloods\A\image_2381.png,c:\Users\HP\OneDrive\Desktop\Flood_AI_Dataset\05_S1GFloods\B\image_2381.png,c:\Users\HP\OneDrive\Desktop\Flood_AI_Dataset\05_S1GFloods\Label\image_2381.png,19.1238,2
image_4600.png,c:\Users\HP\OneDrive\Desktop\Flood_AI_Dataset\05_S1GFloods\A\image_4600.png,c:\Users\HP\OneDrive\Desktop\Flood_AI_Dataset\05_S1GFloods\B\image_4600.png,c:\Users\HP\OneDrive\Desktop\Flood_AI_Dataset\05_S1GFloods\Label\image_4600.png,25.3006,2
image_4017.png,c:\Users\HP\OneDrive\Desktop\Flood_AI_Dataset\05_S1GFloods\A\image_4017.png,c:\Users\HP\OneDrive\Desktop\Flood_AI_Dataset\05_S1GFloods\B\image_4017.png,c:\Users\HP\OneDrive\Desktop\Flood_AI_Dataset\05_S1GFloods\Label\image_4017.png,10.5057,2
image_4114.png,c:\Users\HP\OneDrive\Desktop\Flood_AI_Dataset\05_S1GFloods\A\image_4114.png,c:\Users\HP\OneDrive\Desktop\Flood_AI_Dataset\05_S1GFloods\B\image_4114.png,c:\Users\HP\OneDrive\Desktop\Flood_AI_Dataset\05_S1GFloods\Label\image_4114.png,11.4136,2
image_3441.png,c:\Users\HP\OneDrive\Desktop\Flood_AI_Dataset\05_S1GFloods\A\image_3441.png,c:\Users\HP\OneDrive\Desktop\Flood_AI_Dataset\05_S1GFloods\B\image_3441.png,c:\Users\HP\OneDrive\Desktop\Flood_AI_Dataset\05_S1GFloods\Label\image_3441.png,33.4763,2
image_1719.png,c:\Users\HP\OneDrive\Desktop\Flood_AI_Dataset\05_S1GFloods\A\image_1719.png,c:\Users\HP\OneDrive\Desktop\Flood_AI_Dataset\05_S1GFloods\B\image_1719.png,c:\Users\HP\OneDrive\Desktop\Flood_AI_Dataset\05_S1GFloods\Label\image_1719.png,49.2905,2
image_3611.png,c:\Users\HP\OneDrive\Desktop\Flood_AI_Dataset\05_S1GFloods\A\image_3611.png,c:\Users\HP\OneDrive\Desktop\Flood_AI_Dataset\05_S1GFloods\B\image_3611.png,c:\Users\HP\OneDrive\Desktop\Flood_AI_Dataset\05_S1GFloods\Label\image_3611.png,10.614,2
image_4706.png,c:\Users\HP\OneDrive\Desktop\Flood_AI_Dataset\05_S1GFloods\A\image_4706.png,c:\Users\HP\OneDrive\Desktop\Flood_AI_Dataset\05_S1GFloods\B\image_4706.png,c:\Users\HP\OneDrive\Desktop\Flood_AI_Dataset\05_S1GFloods\Label\image_4706.png,28.2822,2
image_4917.png,c:\Users\HP\OneDrive\Desktop\Flood_AI_Dataset\05_S1GFloods\A\image_4917.png,c:\Users\HP\OneDrive\Desktop\Flood_AI_Dataset\05_S1GFloods\B\image_4917.png,c:\Users\HP\OneDrive\Desktop\Flood_AI_Dataset\05_S1GFloods\Label\image_4917.png,44.5236,2
image_2648.png,c:\Users\HP\OneDrive\Desktop\Flood_AI_Dataset\05_S1GFloods\A\image_2648.png,c:\Users\HP\OneDrive\Desktop\Flood_AI_Dataset\05_S1GFloods\B\image_2648.png,c:\Users\HP\OneDrive\Desktop\Flood_AI_Dataset\05_S1GFloods\Label\image_2648.png,78.6102,2
image_967.png,c:\Users\HP\OneDrive\Desktop\Flood_AI_Dataset\05_S1GFloods\A\image_967.png,c:\Users\HP\OneDrive\Desktop\Flood_AI_Dataset\05_S1GFloods\B\image_967.png,c:\Users\HP\OneDrive\Desktop\Flood_AI_Dataset\05_S1GFloods\Label\image_967.png,72.9752,2
image_1696.png,c:\Users\HP\OneDrive\Desktop\Flood_AI_Dataset\05_S1GFloods\A\image_1696.png,c:\Users\HP\OneDrive\Desktop\Flood_AI_Dataset\05_S1GFloods\B\image_1696.png,c:\Users\HP\OneDrive\Desktop\Flood_AI_Dataset\05_S1GFloods\Label\image_1696.png,37.4695,2
image_2023.png,c:\Users\HP\OneDrive\Desktop\Flood_AI_Dataset\05_S1GFloods\A\image_2023.png,c:\Users\HP\OneDrive\Desktop\Flood_AI_Dataset\05_S1GFloods\B\image_2023.png,c:\Users\HP\OneDrive\Desktop\Flood_AI_Dataset\05_S1GFloods\Label\image_2023.png,9.0302,1
image_2440.png,c:\Users\HP\OneDrive\Desktop\Flood_AI_Dataset\05_S1GFloods\A\image_2440.png,c:\Users\HP\OneDrive\Desktop\Flood_AI_Dataset\05_S1GFloods\B\image_2440.png,c:\Users\HP\OneDrive\Desktop\Flood_AI_Dataset\05_S1GFloods\Label\image_2440.png,73.6938,2
image_1479.png,c:\Users\HP\OneDrive\Desktop\Flood_AI_Dataset\05_S1GFloods\A\image_1479.png,c:\Users\HP\OneDrive\Desktop\Flood_AI_Dataset\05_S1GFloods\B\image_1479.png,c:\Users\HP\OneDrive\Desktop\Flood_AI_Dataset\05_S1GFloods\Label\image_1479.png,26.004,2
image_3864.png,c:\Users\HP\OneDrive\Desktop\Flood_AI_Dataset\05_S1GFloods\A\image_3864.png,c:\Users\HP\OneDrive\Desktop\Flood_AI_Dataset\05_S1GFloods\B\image_3864.png,c:\Users\HP\OneDrive\Desktop\Flood_AI_Dataset\05_S1GFloods\Label\image_3864.png,77.6093,2
image_1168.png,c:\Users\HP\OneDrive\Desktop\Flood_AI_Dataset\05_S1GFloods\A\image_1168.png,c:\Users\HP\OneDrive\Desktop\Flood_AI_Dataset\05_S1GFloods\B\image_1168.png,c:\Users\HP\OneDrive\Desktop\Flood_AI_Dataset\05_S1GFloods\Label\image_1168.png,12.5717,2
image_343.png,c:\Users\HP\OneDrive\Desktop\Flood_AI_Dataset\05_S1GFloods\A\image_343.png,c:\Users\HP\OneDrive\Desktop\Flood_AI_Dataset\05_S1GFloods\B\image_343.png,c:\Users\HP\OneDrive\Desktop\Flood_AI_Dataset\05_S1GFloods\Label\image_343.png,6.7963,1
image_1705.png,c:\Users\HP\OneDrive\Desktop\Flood_AI_Dataset\05_S1GFloods\A\image_1705.png,c:\Users\HP\OneDrive\Desktop\Flood_AI_Dataset\05_S1GFloods\B\image_1705.png,c:\Users\HP\OneDrive\Desktop\Flood_AI_Dataset\05_S1GFloods\Label\image_1705.png,16.8961,2
image_3834.png,c:\Users\HP\OneDrive\Desktop\Flood_AI_Dataset\05_S1GFloods\A\image_3834.png,c:\Users\HP\OneDrive\Desktop\Flood_AI_Dataset\05_S1GFloods\B\image_3834.png,c:\Users\HP\OneDrive\Desktop\Flood_AI_Dataset\05_S1GFloods\Label\image_3834.png,83.255,2
image_3389.png,c:\Users\HP\OneDrive\Desktop\Flood_AI_Dataset\05_S1GFloods\A\image_3389.png,c:\Users\HP\OneDrive\Desktop\Flood_AI_Dataset\05_S1GFloods\B\image_3389.png,c:\Users\HP\OneDrive\Desktop\Flood_AI_Dataset\05_S1GFloods\Label\image_3389.png,9.9304,1
image_248.png,c:\Users\HP\OneDrive\Desktop\Flood_AI_Dataset\05_S1GFloods\A\image_248.png,c:\Users\HP\OneDrive\Desktop\Flood_AI_Dataset\05_S1GFloods\B\image_248.png,c:\Users\HP\OneDrive\Desktop\Flood_AI_Dataset\05_S1GFloods\Label\image_248.png,5.7373,1
image_2096.png,c:\Users\HP\OneDrive\Desktop\Flood_AI_Dataset\05_S1GFloods\A\image_2096.png,c:\Users\HP\OneDrive\Desktop\Flood_AI_Dataset\05_S1GFloods\B\image_2096.png,c:\Users\HP\OneDrive\Desktop\Flood_AI_Dataset\05_S1GFloods\Label\image_2096.png,19.6945,2
image_2389.png,c:\Users\HP\OneDrive\Desktop\Flood_AI_Dataset\05_S1GFloods\A\image_2389.png,c:\Users\HP\OneDrive\Desktop\Flood_AI_Dataset\05_S1GFloods\B\image_2389.png,c:\Users\HP\OneDrive\Desktop\Flood_AI_Dataset\05_S1GFloods\Label\image_2389.png,16.3773,2
image_3081.png,c:\Users\HP\OneDrive\Desktop\Flood_AI_Dataset\05_S1GFloods\A\image_3081.png,c:\Users\HP\OneDrive\Desktop\Flood_AI_Dataset\05_S1GFloods\B\image_3081.png,c:\Users\HP\OneDrive\Desktop\Flood_AI_Dataset\05_S1GFloods\Label\image_3081.png,63.2599,2
image_2236.png,c:\Users\HP\OneDrive\Desktop\Flood_AI_Dataset\05_S1GFloods\A\image_2236.png,c:\Users\HP\OneDrive\Desktop\Flood_AI_Dataset\05_S1GFloods\B\image_2236.png,c:\Users\HP\OneDrive\Desktop\Flood_AI_Dataset\05_S1GFloods\Label\image_2236.png,8.2108,1
image_580.png,c:\Users\HP\OneDrive\Desktop\Flood_AI_Dataset\05_S1GFloods\A\image_580.png,c:\Users\HP\OneDrive\Desktop\Flood_AI_Dataset\05_S1GFloods\B\image_580.png,c:\Users\HP\OneDrive\Desktop\Flood_AI_Dataset\05_S1GFloods\Label\image_580.png,67.749,2
image_2570.png,c:\Users\HP\OneDrive\Desktop\Flood_AI_Dataset\05_S1GFloods\A\image_2570.png,c:\Users\HP\OneDrive\Desktop\Flood_AI_Dataset\05_S1GFloods\B\image_2570.png,c:\Users\HP\OneDrive\Desktop\Flood_AI_Dataset\05_S1GFloods\Label\image_2570.png,7.3624,1
image_3382.png,c:\Users\HP\OneDrive\Desktop\Flood_AI_Dataset\05_S1GFloods\A\image_3382.png,c:\Users\HP\OneDrive\Desktop\Flood_AI_Dataset\05_S1GFloods\B\image_3382.png,c:\Users\HP\OneDrive\Desktop\Flood_AI_Dataset\05_S1GFloods\Label\image_3382.png,13.3148,2
image_379.png,c:\Users\HP\OneDrive\Desktop\Flood_AI_Dataset\05_S1GFloods\A\image_379.png,c:\Users\HP\OneDrive\Desktop\Flood_AI_Dataset\05_S1GFloods\B\image_379.png,c:\Users\HP\OneDrive\Desktop\Flood_AI_Dataset\05_S1GFloods\Label\image_379.png,26.6251,2
image_2347.png,c:\Users\HP\OneDrive\Desktop\Flood_AI_Dataset\05_S1GFloods\A\image_2347.png,c:\Users\HP\OneDrive\Desktop\Flood_AI_Dataset\05_S1GFloods\B\image_2347.png,c:\Users\HP\OneDrive\Desktop\Flood_AI_Dataset\05_S1GFloods\Label\image_2347.png,13.8275,2
image_704.png,c:\Users\HP\OneDrive\Desktop\Flood_AI_Dataset\05_S1GFloods\A\image_704.png,c:\Users\HP\OneDrive\Desktop\Flood_AI_Dataset\05_S1GFloods\B\image_704.png,c:\Users\HP\OneDrive\Desktop\Flood_AI_Dataset\05_S1GFloods\Label\image_704.png,19.5908,2
image_1448.png,c:\Users\HP\OneDrive\Desktop\Flood_AI_Dataset\05_S1GFloods\A\image_1448.png,c:\Users\HP\OneDrive\Desktop\Flood_AI_Dataset\05_S1GFloods\B\image_1448.png,c:\Users\HP\OneDrive\Desktop\Flood_AI_Dataset\05_S1GFloods\Label\image_1448.png,64.8956,2
image_5254.png,c:\Users\HP\OneDrive\Desktop\Flood_AI_Dataset\05_S1GFloods\A\image_5254.png,c:\Users\HP\OneDrive\Desktop\Flood_AI_Dataset\05_S1GFloods\B\image_5254.png,c:\Users\HP\OneDrive\Desktop\Flood_AI_Dataset\05_S1GFloods\Label\image_5254.png,23.082,2
image_1109.png,c:\Users\HP\OneDrive\Desktop\Flood_AI_Dataset\05_S1GFloods\A\image_1109.png,c:\Users\HP\OneDrive\Desktop\Flood_AI_Dataset\05_S1GFloods\B\image_1109.png,c:\Users\HP\OneDrive\Desktop\Flood_AI_Dataset\05_S1GFloods\Label\image_1109.png,40.6189,2
image_5328.png,c:\Users\HP\OneDrive\Desktop\Flood_AI_Dataset\05_S1GFloods\A\image_5328.png,c:\Users\HP\OneDrive\Desktop\Flood_AI_Dataset\05_S1GFloods\B\image_5328.png,c:\Users\HP\OneDrive\Desktop\Flood_AI_Dataset\05_S1GFloods\Label\image_5328.png,58.5861,2
image_4907.png,c:\Users\HP\OneDrive\Desktop\Flood_AI_Dataset\05_S1GFloods\A\image_4907.png,c:\Users\HP\OneDrive\Desktop\Flood_AI_Dataset\05_S1GFloods\B\image_4907.png,c:\Users\HP\OneDrive\Desktop\Flood_AI_Dataset\05_S1GFloods\Label\image_4907.png,37.1597,2
image_4911.png,c:\Users\HP\OneDrive\Desktop\Flood_AI_Dataset\05_S1GFloods\A\image_4911.png,c:\Users\HP\OneDrive\Desktop\Flood_AI_Dataset\05_S1GFloods\B\image_4911.png,c:\Users\HP\OneDrive\Desktop\Flood_AI_Dataset\05_S1GFloods\Label\image_4911.png,5.2841,1
image_2179.png,c:\Users\HP\OneDrive\Desktop\Flood_AI_Dataset\05_S1GFloods\A\image_2179.png,c:\Users\HP\OneDrive\Desktop\Flood_AI_Dataset\05_S1GFloods\B\image_2179.png,c:\Users\HP\OneDrive\Desktop\Flood_AI_Dataset\05_S1GFloods\Label\image_2179.png,9.2484,1
image_3771.png,c:\Users\HP\OneDrive\Desktop\Flood_AI_Dataset\05_S1GFloods\A\image_3771.png,c:\Users\HP\OneDrive\Desktop\Flood_AI_Dataset\05_S1GFloods\B\image_3771.png,c:\Users\HP\OneDrive\Desktop\Flood_AI_Dataset\05_S1GFloods\Label\image_3771.png,27.3117,2
image_21.png,c:\Users\HP\OneDrive\Desktop\Flood_AI_Dataset\05_S1GFloods\A\image_21.png,c:\Users\HP\OneDrive\Desktop\Flood_AI_Dataset\05_S1GFloods\B\image_21.png,c:\Users\HP\OneDrive\Desktop\Flood_AI_Dataset\05_S1GFloods\Label\image_21.png,9.9014,1
image_70.png,c:\Users\HP\OneDrive\Desktop\Flood_AI_Dataset\05_S1GFloods\A\image_70.png,c:\Users\HP\OneDrive\Desktop\Flood_AI_Dataset\05_S1GFloods\B\image_70.png,c:\Users\HP\OneDrive\Desktop\Flood_AI_Dataset\05_S1GFloods\Label\image_70.png,99.9237,2
image_4091.png,c:\Users\HP\OneDrive\Desktop\Flood_AI_Dataset\05_S1GFloods\A\image_4091.png,c:\Users\HP\OneDrive\Desktop\Flood_AI_Dataset\05_S1GFloods\B\image_4091.png,c:\Users\HP\OneDrive\Desktop\Flood_AI_Dataset\05_S1GFloods\Label\image_4091.png,60.2554,2
image_2391.png,c:\Users\HP\OneDrive\Desktop\Flood_AI_Dataset\05_S1GFloods\A\image_2391.png,c:\Users\HP\OneDrive\Desktop\Flood_AI_Dataset\05_S1GFloods\B\image_2391.png,c:\Users\HP\OneDrive\Desktop\Flood_AI_Dataset\05_S1GFloods\Label\image_2391.png,9.1446,1
image_2185.png,c:\Users\HP\OneDrive\Desktop\Flood_AI_Dataset\05_S1GFloods\A\image_2185.png,c:\Users\HP\OneDrive\Desktop\Flood_AI_Dataset\05_S1GFloods\B\image_2185.png,c:\Users\HP\OneDrive\Desktop\Flood_AI_Dataset\05_S1GFloods\Label\image_2185.png,6.2714,1
image_2871.png,c:\Users\HP\OneDrive\Desktop\Flood_AI_Dataset\05_S1GFloods\A\image_2871.png,c:\Users\HP\OneDrive\Desktop\Flood_AI_Dataset\05_S1GFloods\B\image_2871.png,c:\Users\HP\OneDrive\Desktop\Flood_AI_Dataset\05_S1GFloods\Label\image_2871.png,35.6735,2
image_2957.png,c:\Users\HP\OneDrive\Desktop\Flood_AI_Dataset\05_S1GFloods\A\image_2957.png,c:\Users\HP\OneDrive\Desktop\Flood_AI_Dataset\05_S1GFloods\B\image_2957.png,c:\Users\HP\OneDrive\Desktop\Flood_AI_Dataset\05_S1GFloods\Label\image_2957.png,34.3613,2
image_2812.png,c:\Users\HP\OneDrive\Desktop\Flood_AI_Dataset\05_S1GFloods\A\image_2812.png,c:\Users\HP\OneDrive\Desktop\Flood_AI_Dataset\05_S1GFloods\B\image_2812.png,c:\Users\HP\OneDrive\Desktop\Flood_AI_Dataset\05_S1GFloods\Label\image_2812.png,63.6826,2
image_1626.png,c:\Users\HP\OneDrive\Desktop\Flood_AI_Dataset\05_S1GFloods\A\image_1626.png,c:\Users\HP\OneDrive\Desktop\Flood_AI_Dataset\05_S1GFloods\B\image_1626.png,c:\Users\HP\OneDrive\Desktop\Flood_AI_Dataset\05_S1GFloods\Label\image_1626.png,47.7829,2
image_3541.png,c:\Users\HP\OneDrive\Desktop\Flood_AI_Dataset\05_S1GFloods\A\image_3541.png,c:\Users\HP\OneDrive\Desktop\Flood_AI_Dataset\05_S1GFloods\B\image_3541.png,c:\Users\HP\OneDrive\Desktop\Flood_AI_Dataset\05_S1GFloods\Label\image_3541.png,99.3454,2
image_2178.png,c:\Users\HP\OneDrive\Desktop\Flood_AI_Dataset\05_S1GFloods\A\image_2178.png,c:\Users\HP\OneDrive\Desktop\Flood_AI_Dataset\05_S1GFloods\B\image_2178.png,c:\Users\HP\OneDrive\Desktop\Flood_AI_Dataset\05_S1GFloods\Label\image_2178.png,14.1983,2
image_360.png,c:\Users\HP\OneDrive\Desktop\Flood_AI_Dataset\05_S1GFloods\A\image_360.png,c:\Users\HP\OneDrive\Desktop\Flood_AI_Dataset\05_S1GFloods\B\image_360.png,c:\Users\HP\OneDrive\Desktop\Flood_AI_Dataset\05_S1GFloods\Label\image_360.png,51.8127,2
image_3348.png,c:\Users\HP\OneDrive\Desktop\Flood_AI_Dataset\05_S1GFloods\A\image_3348.png,c:\Users\HP\OneDrive\Desktop\Flood_AI_Dataset\05_S1GFloods\B\image_3348.png,c:\Users\HP\OneDrive\Desktop\Flood_AI_Dataset\05_S1GFloods\Label\image_3348.png,12.9044,2
image_1334.png,c:\Users\HP\OneDrive\Desktop\Flood_AI_Dataset\05_S1GFloods\A\image_1334.png,c:\Users\HP\OneDrive\Desktop\Flood_AI_Dataset\05_S1GFloods\B\image_1334.png,c:\Users\HP\OneDrive\Desktop\Flood_AI_Dataset\05_S1GFloods\Label\image_1334.png,14.3021,2
image_1084.png,c:\Users\HP\OneDrive\Desktop\Flood_AI_Dataset\05_S1GFloods\A\image_1084.png,c:\Users\HP\OneDrive\Desktop\Flood_AI_Dataset\05_S1GFloods\B\image_1084.png,c:\Users\HP\OneDrive\Desktop\Flood_AI_Dataset\05_S1GFloods\Label\image_1084.png,30.5618,2
image_3616.png,c:\Users\HP\OneDrive\Desktop\Flood_AI_Dataset\05_S1GFloods\A\image_3616.png,c:\Users\HP\OneDrive\Desktop\Flood_AI_Dataset\05_S1GFloods\B\image_3616.png,c:\Users\HP\OneDrive\Desktop\Flood_AI_Dataset\05_S1GFloods\Label\image_3616.png,93.512,2
image_1455.png,c:\Users\HP\OneDrive\Desktop\Flood_AI_Dataset\05_S1GFloods\A\image_1455.png,c:\Users\HP\OneDrive\Desktop\Flood_AI_Dataset\05_S1GFloods\B\image_1455.png,c:\Users\HP\OneDrive\Desktop\Flood_AI_Dataset\05_S1GFloods\Label\image_1455.png,37.735,2
image_3445.png,c:\Users\HP\OneDrive\Desktop\Flood_AI_Dataset\05_S1GFloods\A\image_3445.png,c:\Users\HP\OneDrive\Desktop\Flood_AI_Dataset\05_S1GFloods\B\image_3445.png,c:\Users\HP\OneDrive\Desktop\Flood_AI_Dataset\05_S1GFloods\Label\image_3445.png,24.8901,2
image_3817.png,c:\Users\HP\OneDrive\Desktop\Flood_AI_Dataset\05_S1GFloods\A\image_3817.png,c:\Users\HP\OneDrive\Desktop\Flood_AI_Dataset\05_S1GFloods\B\image_3817.png,c:\Users\HP\OneDrive\Desktop\Flood_AI_Dataset\05_S1GFloods\Label\image_3817.png,69.5969,2
image_2571.png,c:\Users\HP\OneDrive\Desktop\Flood_AI_Dataset\05_S1GFloods\A\image_2571.png,c:\Users\HP\OneDrive\Desktop\Flood_AI_Dataset\05_S1GFloods\B\image_2571.png,c:\Users\HP\OneDrive\Desktop\Flood_AI_Dataset\05_S1GFloods\Label\image_2571.png,27.3071,2
image_3901.png,c:\Users\HP\OneDrive\Desktop\Flood_AI_Dataset\05_S1GFloods\A\image_3901.png,c:\Users\HP\OneDrive\Desktop\Flood_AI_Dataset\05_S1GFloods\B\image_3901.png,c:\Users\HP\OneDrive\Desktop\Flood_AI_Dataset\05_S1GFloods\Label\image_3901.png,36.5158,2
image_3117.png,c:\Users\HP\OneDrive\Desktop\Flood_AI_Dataset\05_S1GFloods\A\image_3117.png,c:\Users\HP\OneDrive\Desktop\Flood_AI_Dataset\05_S1GFloods\B\image_3117.png,c:\Users\HP\OneDrive\Desktop\Flood_AI_Dataset\05_S1GFloods\Label\image_3117.png,9.7305,1
image_3246.png,c:\Users\HP\OneDrive\Desktop\Flood_AI_Dataset\05_S1GFloods\A\image_3246.png,c:\Users\HP\OneDrive\Desktop\Flood_AI_Dataset\05_S1GFloods\B\image_3246.png,c:\Users\HP\OneDrive\Desktop\Flood_AI_Dataset\05_S1GFloods\Label\image_3246.png,15.8798,2
image_3872.png,c:\Users\HP\OneDrive\Desktop\Flood_AI_Dataset\05_S1GFloods\A\image_3872.png,c:\Users\HP\OneDrive\Desktop\Flood_AI_Dataset\05_S1GFloods\B\image_3872.png,c:\Users\HP\OneDrive\Desktop\Flood_AI_Dataset\05_S1GFloods\Label\image_3872.png,79.6524,2
image_3550.png,c:\Users\HP\OneDrive\Desktop\Flood_AI_Dataset\05_S1GFloods\A\image_3550.png,c:\Users\HP\OneDrive\Desktop\Flood_AI_Dataset\05_S1GFloods\B\image_3550.png,c:\Users\HP\OneDrive\Desktop\Flood_AI_Dataset\05_S1GFloods\Label\image_3550.png,14.6713,2
image_1994.png,c:\Users\HP\OneDrive\Desktop\Flood_AI_Dataset\05_S1GFloods\A\image_1994.png,c:\Users\HP\OneDrive\Desktop\Flood_AI_Dataset\05_S1GFloods\B\image_1994.png,c:\Users\HP\OneDrive\Desktop\Flood_AI_Dataset\05_S1GFloods\Label\image_1994.png,5.304,1
image_4725.png,c:\Users\HP\OneDrive\Desktop\Flood_AI_Dataset\05_S1GFloods\A\image_4725.png,c:\Users\HP\OneDrive\Desktop\Flood_AI_Dataset\05_S1GFloods\B\image_4725.png,c:\Users\HP\OneDrive\Desktop\Flood_AI_Dataset\05_S1GFloods\Label\image_4725.png,7.7271,1
image_2074.png,c:\Users\HP\OneDrive\Desktop\Flood_AI_Dataset\05_S1GFloods\A\image_2074.png,c:\Users\HP\OneDrive\Desktop\Flood_AI_Dataset\05_S1GFloods\B\image_2074.png,c:\Users\HP\OneDrive\Desktop\Flood_AI_Dataset\05_S1GFloods\Label\image_2074.png,12.0071,2
image_1365.png,c:\Users\HP\OneDrive\Desktop\Flood_AI_Dataset\05_S1GFloods\A\image_1365.png,c:\Users\HP\OneDrive\Desktop\Flood_AI_Dataset\05_S1GFloods\B\image_1365.png,c:\Users\HP\OneDrive\Desktop\Flood_AI_Dataset\05_S1GFloods\Label\image_1365.png,43.6935,2
image_2529.png,c:\Users\HP\OneDrive\Desktop\Flood_AI_Dataset\05_S1GFloods\A\image_2529.png,c:\Users\HP\OneDrive\Desktop\Flood_AI_Dataset\05_S1GFloods\B\image_2529.png,c:\Users\HP\OneDrive\Desktop\Flood_AI_Dataset\05_S1GFloods\Label\image_2529.png,11.8988,2
image_2511.png,c:\Users\HP\OneDrive\Desktop\Flood_AI_Dataset\05_S1GFloods\A\image_2511.png,c:\Users\HP\OneDrive\Desktop\Flood_AI_Dataset\05_S1GFloods\B\image_2511.png,c:\Users\HP\OneDrive\Desktop\Flood_AI_Dataset\05_S1GFloods\Label\image_2511.png,48.5367,2
image_4375.png,c:\Users\HP\OneDrive\Desktop\Flood_AI_Dataset\05_S1GFloods\A\image_4375.png,c:\Users\HP\OneDrive\Desktop\Flood_AI_Dataset\05_S1GFloods\B\image_4375.png,c:\Users\HP\OneDrive\Desktop\Flood_AI_Dataset\05_S1GFloods\Label\image_4375.png,61.4227,2
image_4267.png,c:\Users\HP\OneDrive\Desktop\Flood_AI_Dataset\05_S1GFloods\A\image_4267.png,c:\Users\HP\OneDrive\Desktop\Flood_AI_Dataset\05_S1GFloods\B\image_4267.png,c:\Users\HP\OneDrive\Desktop\Flood_AI_Dataset\05_S1GFloods\Label\image_4267.png,45.6955,2
image_3783.png,c:\Users\HP\OneDrive\Desktop\Flood_AI_Dataset\05_S1GFloods\A\image_3783.png,c:\Users\HP\OneDrive\Desktop\Flood_AI_Dataset\05_S1GFloods\B\image_3783.png,c:\Users\HP\OneDrive\Desktop\Flood_AI_Dataset\05_S1GFloods\Label\image_3783.png,5.6091,1
image_130.png,c:\Users\HP\OneDrive\Desktop\Flood_AI_Dataset\05_S1GFloods\A\image_130.png,c:\Users\HP\OneDrive\Desktop\Flood_AI_Dataset\05_S1GFloods\B\image_130.png,c:\Users\HP\OneDrive\Desktop\Flood_AI_Dataset\05_S1GFloods\Label\image_130.png,76.5472,2
image_5023.png,c:\Users\HP\OneDrive\Desktop\Flood_AI_Dataset\05_S1GFloods\A\image_5023.png,c:\Users\HP\OneDrive\Desktop\Flood_AI_Dataset\05_S1GFloods\B\image_5023.png,c:\Users\HP\OneDrive\Desktop\Flood_AI_Dataset\05_S1GFloods\Label\image_5023.png,38.7253,2
image_4602.png,c:\Users\HP\OneDrive\Desktop\Flood_AI_Dataset\05_S1GFloods\A\image_4602.png,c:\Users\HP\OneDrive\Desktop\Flood_AI_Dataset\05_S1GFloods\B\image_4602.png,c:\Users\HP\OneDrive\Desktop\Flood_AI_Dataset\05_S1GFloods\Label\image_4602.png,7.4844,1
image_515.png,c:\Users\HP\OneDrive\Desktop\Flood_AI_Dataset\05_S1GFloods\A\image_515.png,c:\Users\HP\OneDrive\Desktop\Flood_AI_Dataset\05_S1GFloods\B\image_515.png,c:\Users\HP\OneDrive\Desktop\Flood_AI_Dataset\05_S1GFloods\Label\image_515.png,42.3798,2
image_1108.png,c:\Users\HP\OneDrive\Desktop\Flood_AI_Dataset\05_S1GFloods\A\image_1108.png,c:\Users\HP\OneDrive\Desktop\Flood_AI_Dataset\05_S1GFloods\B\image_1108.png,c:\Users\HP\OneDrive\Desktop\Flood_AI_Dataset\05_S1GFloods\Label\image_1108.png,69.4794,2
image_4717.png,c:\Users\HP\OneDrive\Desktop\Flood_AI_Dataset\05_S1GFloods\A\image_4717.png,c:\Users\HP\OneDrive\Desktop\Flood_AI_Dataset\05_S1GFloods\B\image_4717.png,c:\Users\HP\OneDrive\Desktop\Flood_AI_Dataset\05_S1GFloods\Label\image_4717.png,10.7452,2
image_1669.png,c:\Users\HP\OneDrive\Desktop\Flood_AI_Dataset\05_S1GFloods\A\image_1669.png,c:\Users\HP\OneDrive\Desktop\Flood_AI_Dataset\05_S1GFloods\B\image_1669.png,c:\Users\HP\OneDrive\Desktop\Flood_AI_Dataset\05_S1GFloods\Label\image_1669.png,32.9987,2
image_3073.png,c:\Users\HP\OneDrive\Desktop\Flood_AI_Dataset\05_S1GFloods\A\image_3073.png,c:\Users\HP\OneDrive\Desktop\Flood_AI_Dataset\05_S1GFloods\B\image_3073.png,c:\Users\HP\OneDrive\Desktop\Flood_AI_Dataset\05_S1GFloods\Label\image_3073.png,13.4949,2
image_963.png,c:\Users\HP\OneDrive\Desktop\Flood_AI_Dataset\05_S1GFloods\A\image_963.png,c:\Users\HP\OneDrive\Desktop\Flood_AI_Dataset\05_S1GFloods\B\image_963.png,c:\Users\HP\OneDrive\Desktop\Flood_AI_Dataset\05_S1GFloods\Label\image_963.png,22.7203,2
image_5078.png,c:\Users\HP\OneDrive\Desktop\Flood_AI_Dataset\05_S1GFloods\A\image_5078.png,c:\Users\HP\OneDrive\Desktop\Flood_AI_Dataset\05_S1GFloods\B\image_5078.png,c:\Users\HP\OneDrive\Desktop\Flood_AI_Dataset\05_S1GFloods\Label\image_5078.png,13.3804,2
image_416.png,c:\Users\HP\OneDrive\Desktop\Flood_AI_Dataset\05_S1GFloods\A\image_416.png,c:\Users\HP\OneDrive\Desktop\Flood_AI_Dataset\05_S1GFloods\B\image_416.png,c:\Users\HP\OneDrive\Desktop\Flood_AI_Dataset\05_S1GFloods\Label\image_416.png,97.1207,2
image_307.png,c:\Users\HP\OneDrive\Desktop\Flood_AI_Dataset\05_S1GFloods\A\image_307.png,c:\Users\HP\OneDrive\Desktop\Flood_AI_Dataset\05_S1GFloods\B\image_307.png,c:\Users\HP\OneDrive\Desktop\Flood_AI_Dataset\05_S1GFloods\Label\image_307.png,58.905,2
image_3146.png,c:\Users\HP\OneDrive\Desktop\Flood_AI_Dataset\05_S1GFloods\A\image_3146.png,c:\Users\HP\OneDrive\Desktop\Flood_AI_Dataset\05_S1GFloods\B\image_3146.png,c:\Users\HP\OneDrive\Desktop\Flood_AI_Dataset\05_S1GFloods\Label\image_3146.png,9.6237,1
image_1903.png,c:\Users\HP\OneDrive\Desktop\Flood_AI_Dataset\05_S1GFloods\A\image_1903.png,c:\Users\HP\OneDrive\Desktop\Flood_AI_Dataset\05_S1GFloods\B\image_1903.png,c:\Users\HP\OneDrive\Desktop\Flood_AI_Dataset\05_S1GFloods\Label\image_1903.png,5.0873,1
image_3318.png,c:\Users\HP\OneDrive\Desktop\Flood_AI_Dataset\05_S1GFloods\A\image_3318.png,c:\Users\HP\OneDrive\Desktop\Flood_AI_Dataset\05_S1GFloods\B\image_3318.png,c:\Users\HP\OneDrive\Desktop\Flood_AI_Dataset\05_S1GFloods\Label\image_3318.png,9.2804,1
image_939.png,c:\Users\HP\OneDrive\Desktop\Flood_AI_Dataset\05_S1GFloods\A\image_939.png,c:\Users\HP\OneDrive\Desktop\Flood_AI_Dataset\05_S1GFloods\B\image_939.png,c:\Users\HP\OneDrive\Desktop\Flood_AI_Dataset\05_S1GFloods\Label\image_939.png,75.65,2
image_607.png,c:\Users\HP\OneDrive\Desktop\Flood_AI_Dataset\05_S1GFloods\A\image_607.png,c:\Users\HP\OneDrive\Desktop\Flood_AI_Dataset\05_S1GFloods\B\image_607.png,c:\Users\HP\OneDrive\Desktop\Flood_AI_Dataset\05_S1GFloods\Label\image_607.png,97.5784,2
image_215.png,c:\Users\HP\OneDrive\Desktop\Flood_AI_Dataset\05_S1GFloods\A\image_215.png,c:\Users\HP\OneDrive\Desktop\Flood_AI_Dataset\05_S1GFloods\B\image_215.png,c:\Users\HP\OneDrive\Desktop\Flood_AI_Dataset\05_S1GFloods\Label\image_215.png,5.5939,1
image_2472.png,c:\Users\HP\OneDrive\Desktop\Flood_AI_Dataset\05_S1GFloods\A\image_2472.png,c:\Users\HP\OneDrive\Desktop\Flood_AI_Dataset\05_S1GFloods\B\image_2472.png,c:\Users\HP\OneDrive\Desktop\Flood_AI_Dataset\05_S1GFloods\Label\image_2472.png,51.0864,2
image_2707.png,c:\Users\HP\OneDrive\Desktop\Flood_AI_Dataset\05_S1GFloods\A\image_2707.png,c:\Users\HP\OneDrive\Desktop\Flood_AI_Dataset\05_S1GFloods\B\image_2707.png,c:\Users\HP\OneDrive\Desktop\Flood_AI_Dataset\05_S1GFloods\Label\image_2707.png,26.8265,2
image_2031.png,c:\Users\HP\OneDrive\Desktop\Flood_AI_Dataset\05_S1GFloods\A\image_2031.png,c:\Users\HP\OneDrive\Desktop\Flood_AI_Dataset\05_S1GFloods\B\image_2031.png,c:\Users\HP\OneDrive\Desktop\Flood_AI_Dataset\05_S1GFloods\Label\image_2031.png,10.4645,2
image_705.png,c:\Users\HP\OneDrive\Desktop\Flood_AI_Dataset\05_S1GFloods\A\image_705.png,c:\Users\HP\OneDrive\Desktop\Flood_AI_Dataset\05_S1GFloods\B\image_705.png,c:\Users\HP\OneDrive\Desktop\Flood_AI_Dataset\05_S1GFloods\Label\image_705.png,37.9028,2
image_1656.png,c:\Users\HP\OneDrive\Desktop\Flood_AI_Dataset\05_S1GFloods\A\image_1656.png,c:\Users\HP\OneDrive\Desktop\Flood_AI_Dataset\05_S1GFloods\B\image_1656.png,c:\Users\HP\OneDrive\Desktop\Flood_AI_Dataset\05_S1GFloods\Label\image_1656.png,7.2418,1
image_3133.png,c:\Users\HP\OneDrive\Desktop\Flood_AI_Dataset\05_S1GFloods\A\image_3133.png,c:\Users\HP\OneDrive\Desktop\Flood_AI_Dataset\05_S1GFloods\B\image_3133.png,c:\Users\HP\OneDrive\Desktop\Flood_AI_Dataset\05_S1GFloods\Label\image_3133.png,17.07,2
image_3825.png,c:\Users\HP\OneDrive\Desktop\Flood_AI_Dataset\05_S1GFloods\A\image_3825.png,c:\Users\HP\OneDrive\Desktop\Flood_AI_Dataset\05_S1GFloods\B\image_3825.png,c:\Users\HP\OneDrive\Desktop\Flood_AI_Dataset\05_S1GFloods\Label\image_3825.png,7.7454,1
image_3048.png,c:\Users\HP\OneDrive\Desktop\Flood_AI_Dataset\05_S1GFloods\A\image_3048.png,c:\Users\HP\OneDrive\Desktop\Flood_AI_Dataset\05_S1GFloods\B\image_3048.png,c:\Users\HP\OneDrive\Desktop\Flood_AI_Dataset\05_S1GFloods\Label\image_3048.png,8.783,1
image_1412.png,c:\Users\HP\OneDrive\Desktop\Flood_AI_Dataset\05_S1GFloods\A\image_1412.png,c:\Users\HP\OneDrive\Desktop\Flood_AI_Dataset\05_S1GFloods\B\image_1412.png,c:\Users\HP\OneDrive\Desktop\Flood_AI_Dataset\05_S1GFloods\Label\image_1412.png,11.4853,2
image_5274.png,c:\Users\HP\OneDrive\Desktop\Flood_AI_Dataset\05_S1GFloods\A\image_5274.png,c:\Users\HP\OneDrive\Desktop\Flood_AI_Dataset\05_S1GFloods\B\image_5274.png,c:\Users\HP\OneDrive\Desktop\Flood_AI_Dataset\05_S1GFloods\Label\image_5274.png,32.7225,2
image_1147.png,c:\Users\HP\OneDrive\Desktop\Flood_AI_Dataset\05_S1GFloods\A\image_1147.png,c:\Users\HP\OneDrive\Desktop\Flood_AI_Dataset\05_S1GFloods\B\image_1147.png,c:\Users\HP\OneDrive\Desktop\Flood_AI_Dataset\05_S1GFloods\Label\image_1147.png,27.0172,2
image_1429.png,c:\Users\HP\OneDrive\Desktop\Flood_AI_Dataset\05_S1GFloods\A\image_1429.png,c:\Users\HP\OneDrive\Desktop\Flood_AI_Dataset\05_S1GFloods\B\image_1429.png,c:\Users\HP\OneDrive\Desktop\Flood_AI_Dataset\05_S1GFloods\Label\image_1429.png,65.1443,2
image_3260.png,c:\Users\HP\OneDrive\Desktop\Flood_AI_Dataset\05_S1GFloods\A\image_3260.png,c:\Users\HP\OneDrive\Desktop\Flood_AI_Dataset\05_S1GFloods\B\image_3260.png,c:\Users\HP\OneDrive\Desktop\Flood_AI_Dataset\05_S1GFloods\Label\image_3260.png,13.2233,2
image_1385.png,c:\Users\HP\OneDrive\Desktop\Flood_AI_Dataset\05_S1GFloods\A\image_1385.png,c:\Users\HP\OneDrive\Desktop\Flood_AI_Dataset\05_S1GFloods\B\image_1385.png,c:\Users\HP\OneDrive\Desktop\Flood_AI_Dataset\05_S1GFloods\Label\image_1385.png,76.1917,2
image_4707.png,c:\Users\HP\OneDrive\Desktop\Flood_AI_Dataset\05_S1GFloods\A\image_4707.png,c:\Users\HP\OneDrive\Desktop\Flood_AI_Dataset\05_S1GFloods\B\image_4707.png,c:\Users\HP\OneDrive\Desktop\Flood_AI_Dataset\05_S1GFloods\Label\image_4707.png,12.323,2
image_1399.png,c:\Users\HP\OneDrive\Desktop\Flood_AI_Dataset\05_S1GFloods\A\image_1399.png,c:\Users\HP\OneDrive\Desktop\Flood_AI_Dataset\05_S1GFloods\B\image_1399.png,c:\Users\HP\OneDrive\Desktop\Flood_AI_Dataset\05_S1GFloods\Label\image_1399.png,39.0167,2
image_4738.png,c:\Users\HP\OneDrive\Desktop\Flood_AI_Dataset\05_S1GFloods\A\image_4738.png,c:\Users\HP\OneDrive\Desktop\Flood_AI_Dataset\05_S1GFloods\B\image_4738.png,c:\Users\HP\OneDrive\Desktop\Flood_AI_Dataset\05_S1GFloods\Label\image_4738.png,10.1044,2
image_2072.png,c:\Users\HP\OneDrive\Desktop\Flood_AI_Dataset\05_S1GFloods\A\image_2072.png,c:\Users\HP\OneDrive\Desktop\Flood_AI_Dataset\05_S1GFloods\B\image_2072.png,c:\Users\HP\OneDrive\Desktop\Flood_AI_Dataset\05_S1GFloods\Label\image_2072.png,15.2954,2
image_397.png,c:\Users\HP\OneDrive\Desktop\Flood_AI_Dataset\05_S1GFloods\A\image_397.png,c:\Users\HP\OneDrive\Desktop\Flood_AI_Dataset\05_S1GFloods\B\image_397.png,c:\Users\HP\OneDrive\Desktop\Flood_AI_Dataset\05_S1GFloods\Label\image_397.png,19.2245,2
image_2043.png,c:\Users\HP\OneDrive\Desktop\Flood_AI_Dataset\05_S1GFloods\A\image_2043.png,c:\Users\HP\OneDrive\Desktop\Flood_AI_Dataset\05_S1GFloods\B\image_2043.png,c:\Users\HP\OneDrive\Desktop\Flood_AI_Dataset\05_S1GFloods\Label\image_2043.png,11.7538,2
image_8.png,c:\Users\HP\OneDrive\Desktop\Flood_AI_Dataset\05_S1GFloods\A\image_8.png,c:\Users\HP\OneDrive\Desktop\Flood_AI_Dataset\05_S1GFloods\B\image_8.png,c:\Users\HP\OneDrive\Desktop\Flood_AI_Dataset\05_S1GFloods\Label\image_8.png,47.2504,2
image_2606.png,c:\Users\HP\OneDrive\Desktop\Flood_AI_Dataset\05_S1GFloods\A\image_2606.png,c:\Users\HP\OneDrive\Desktop\Flood_AI_Dataset\05_S1GFloods\B\image_2606.png,c:\Users\HP\OneDrive\Desktop\Flood_AI_Dataset\05_S1GFloods\Label\image_2606.png,39.8148,2
image_3245.png,c:\Users\HP\OneDrive\Desktop\Flood_AI_Dataset\05_S1GFloods\A\image_3245.png,c:\Users\HP\OneDrive\Desktop\Flood_AI_Dataset\05_S1GFloods\B\image_3245.png,c:\Users\HP\OneDrive\Desktop\Flood_AI_Dataset\05_S1GFloods\Label\image_3245.png,15.4663,2
image_2171.png,c:\Users\HP\OneDrive\Desktop\Flood_AI_Dataset\05_S1GFloods\A\image_2171.png,c:\Users\HP\OneDrive\Desktop\Flood_AI_Dataset\05_S1GFloods\B\image_2171.png,c:\Users\HP\OneDrive\Desktop\Flood_AI_Dataset\05_S1GFloods\Label\image_2171.png,10.0708,2
image_3797.png,c:\Users\HP\OneDrive\Desktop\Flood_AI_Dataset\05_S1GFloods\A\image_3797.png,c:\Users\HP\OneDrive\Desktop\Flood_AI_Dataset\05_S1GFloods\B\image_3797.png,c:\Users\HP\OneDrive\Desktop\Flood_AI_Dataset\05_S1GFloods\Label\image_3797.png,58.078,2
image_61.png,c:\Users\HP\OneDrive\Desktop\Flood_AI_Dataset\05_S1GFloods\A\image_61.png,c:\Users\HP\OneDrive\Desktop\Flood_AI_Dataset\05_S1GFloods\B\image_61.png,c:\Users\HP\OneDrive\Desktop\Flood_AI_Dataset\05_S1GFloods\Label\image_61.png,7.4875,1
image_4429.png,c:\Users\HP\OneDrive\Desktop\Flood_AI_Dataset\05_S1GFloods\A\image_4429.png,c:\Users\HP\OneDrive\Desktop\Flood_AI_Dataset\05_S1GFloods\B\image_4429.png,c:\Users\HP\OneDrive\Desktop\Flood_AI_Dataset\05_S1GFloods\Label\image_4429.png,8.9706,1
image_3120.png,c:\Users\HP\OneDrive\Desktop\Flood_AI_Dataset\05_S1GFloods\A\image_3120.png,c:\Users\HP\OneDrive\Desktop\Flood_AI_Dataset\05_S1GFloods\B\image_3120.png,c:\Users\HP\OneDrive\Desktop\Flood_AI_Dataset\05_S1GFloods\Label\image_3120.png,57.9544,2
image_3559.png,c:\Users\HP\OneDrive\Desktop\Flood_AI_Dataset\05_S1GFloods\A\image_3559.png,c:\Users\HP\OneDrive\Desktop\Flood_AI_Dataset\05_S1GFloods\B\image_3559.png,c:\Users\HP\OneDrive\Desktop\Flood_AI_Dataset\05_S1GFloods\Label\image_3559.png,10.3287,2
image_5160.png,c:\Users\HP\OneDrive\Desktop\Flood_AI_Dataset\05_S1GFloods\A\image_5160.png,c:\Users\HP\OneDrive\Desktop\Flood_AI_Dataset\05_S1GFloods\B\image_5160.png,c:\Users\HP\OneDrive\Desktop\Flood_AI_Dataset\05_S1GFloods\Label\image_5160.png,8.9325,1
image_4390.png,c:\Users\HP\OneDrive\Desktop\Flood_AI_Dataset\05_S1GFloods\A\image_4390.png,c:\Users\HP\OneDrive\Desktop\Flood_AI_Dataset\05_S1GFloods\B\image_4390.png,c:\Users\HP\OneDrive\Desktop\Flood_AI_Dataset\05_S1GFloods\Label\image_4390.png,32.4631,2
image_3371.png,c:\Users\HP\OneDrive\Desktop\Flood_AI_Dataset\05_S1GFloods\A\image_3371.png,c:\Users\HP\OneDrive\Desktop\Flood_AI_Dataset\05_S1GFloods\B\image_3371.png,c:\Users\HP\OneDrive\Desktop\Flood_AI_Dataset\05_S1GFloods\Label\image_3371.png,24.4354,2
image_2142.png,c:\Users\HP\OneDrive\Desktop\Flood_AI_Dataset\05_S1GFloods\A\image_2142.png,c:\Users\HP\OneDrive\Desktop\Flood_AI_Dataset\05_S1GFloods\B\image_2142.png,c:\Users\HP\OneDrive\Desktop\Flood_AI_Dataset\05_S1GFloods\Label\image_2142.png,9.7397,1
image_3854.png,c:\Users\HP\OneDrive\Desktop\Flood_AI_Dataset\05_S1GFloods\A\image_3854.png,c:\Users\HP\OneDrive\Desktop\Flood_AI_Dataset\05_S1GFloods\B\image_3854.png,c:\Users\HP\OneDrive\Desktop\Flood_AI_Dataset\05_S1GFloods\Label\image_3854.png,78.9948,2
image_5303.png,c:\Users\HP\OneDrive\Desktop\Flood_AI_Dataset\05_S1GFloods\A\image_5303.png,c:\Users\HP\OneDrive\Desktop\Flood_AI_Dataset\05_S1GFloods\B\image_5303.png,c:\Users\HP\OneDrive\Desktop\Flood_AI_Dataset\05_S1GFloods\Label\image_5303.png,20.1462,2
image_1490.png,c:\Users\HP\OneDrive\Desktop\Flood_AI_Dataset\05_S1GFloods\A\image_1490.png,c:\Users\HP\OneDrive\Desktop\Flood_AI_Dataset\05_S1GFloods\B\image_1490.png,c:\Users\HP\OneDrive\Desktop\Flood_AI_Dataset\05_S1GFloods\Label\image_1490.png,31.5674,2
image_2716.png,c:\Users\HP\OneDrive\Desktop\Flood_AI_Dataset\05_S1GFloods\A\image_2716.png,c:\Users\HP\OneDrive\Desktop\Flood_AI_Dataset\05_S1GFloods\B\image_2716.png,c:\Users\HP\OneDrive\Desktop\Flood_AI_Dataset\05_S1GFloods\Label\image_2716.png,33.6014,2
image_5222.png,c:\Users\HP\OneDrive\Desktop\Flood_AI_Dataset\05_S1GFloods\A\image_5222.png,c:\Users\HP\OneDrive\Desktop\Flood_AI_Dataset\05_S1GFloods\B\image_5222.png,c:\Users\HP\OneDrive\Desktop\Flood_AI_Dataset\05_S1GFloods\Label\image_5222.png,29.9973,2
image_803.png,c:\Users\HP\OneDrive\Desktop\Flood_AI_Dataset\05_S1GFloods\A\image_803.png,c:\Users\HP\OneDrive\Desktop\Flood_AI_Dataset\05_S1GFloods\B\image_803.png,c:\Users\HP\OneDrive\Desktop\Flood_AI_Dataset\05_S1GFloods\Label\image_803.png,76.1169,2
image_374.png,c:\Users\HP\OneDrive\Desktop\Flood_AI_Dataset\05_S1GFloods\A\image_374.png,c:\Users\HP\OneDrive\Desktop\Flood_AI_Dataset\05_S1GFloods\B\image_374.png,c:\Users\HP\OneDrive\Desktop\Flood_AI_Dataset\05_S1GFloods\Label\image_374.png,63.4857,2
image_269.png,c:\Users\HP\OneDrive\Desktop\Flood_AI_Dataset\05_S1GFloods\A\image_269.png,c:\Users\HP\OneDrive\Desktop\Flood_AI_Dataset\05_S1GFloods\B\image_269.png,c:\Users\HP\OneDrive\Desktop\Flood_AI_Dataset\05_S1GFloods\Label\image_269.png,36.4883,2
image_2499.png,c:\Users\HP\OneDrive\Desktop\Flood_AI_Dataset\05_S1GFloods\A\image_2499.png,c:\Users\HP\OneDrive\Desktop\Flood_AI_Dataset\05_S1GFloods\B\image_2499.png,c:\Users\HP\OneDrive\Desktop\Flood_AI_Dataset\05_S1GFloods\Label\image_2499.png,6.5414,1
image_3696.png,c:\Users\HP\OneDrive\Desktop\Flood_AI_Dataset\05_S1GFloods\A\image_3696.png,c:\Users\HP\OneDrive\Desktop\Flood_AI_Dataset\05_S1GFloods\B\image_3696.png,c:\Users\HP\OneDrive\Desktop\Flood_AI_Dataset\05_S1GFloods\Label\image_3696.png,6.7047,1
image_2122.png,c:\Users\HP\OneDrive\Desktop\Flood_AI_Dataset\05_S1GFloods\A\image_2122.png,c:\Users\HP\OneDrive\Desktop\Flood_AI_Dataset\05_S1GFloods\B\image_2122.png,c:\Users\HP\OneDrive\Desktop\Flood_AI_Dataset\05_S1GFloods\Label\image_2122.png,22.5708,2
image_4527.png,c:\Users\HP\OneDrive\Desktop\Flood_AI_Dataset\05_S1GFloods\A\image_4527.png,c:\Users\HP\OneDrive\Desktop\Flood_AI_Dataset\05_S1GFloods\B\image_4527.png,c:\Users\HP\OneDrive\Desktop\Flood_AI_Dataset\05_S1GFloods\Label\image_4527.png,14.447,2
image_4497.png,c:\Users\HP\OneDrive\Desktop\Flood_AI_Dataset\05_S1GFloods\A\image_4497.png,c:\Users\HP\OneDrive\Desktop\Flood_AI_Dataset\05_S1GFloods\B\image_4497.png,c:\Users\HP\OneDrive\Desktop\Flood_AI_Dataset\05_S1GFloods\Label\image_4497.png,10.405,2
image_338.png,c:\Users\HP\OneDrive\Desktop\Flood_AI_Dataset\05_S1GFloods\A\image_338.png,c:\Users\HP\OneDrive\Desktop\Flood_AI_Dataset\05_S1GFloods\B\image_338.png,c:\Users\HP\OneDrive\Desktop\Flood_AI_Dataset\05_S1GFloods\Label\image_338.png,77.5818,2
image_2487.png,c:\Users\HP\OneDrive\Desktop\Flood_AI_Dataset\05_S1GFloods\A\image_2487.png,c:\Users\HP\OneDrive\Desktop\Flood_AI_Dataset\05_S1GFloods\B\image_2487.png,c:\Users\HP\OneDrive\Desktop\Flood_AI_Dataset\05_S1GFloods\Label\image_2487.png,23.3215,2
image_4748.png,c:\Users\HP\OneDrive\Desktop\Flood_AI_Dataset\05_S1GFloods\A\image_4748.png,c:\Users\HP\OneDrive\Desktop\Flood_AI_Dataset\05_S1GFloods\B\image_4748.png,c:\Users\HP\OneDrive\Desktop\Flood_AI_Dataset\05_S1GFloods\Label\image_4748.png,56.0577,2
image_4445.png,c:\Users\HP\OneDrive\Desktop\Flood_AI_Dataset\05_S1GFloods\A\image_4445.png,c:\Users\HP\OneDrive\Desktop\Flood_AI_Dataset\05_S1GFloods\B\image_4445.png,c:\Users\HP\OneDrive\Desktop\Flood_AI_Dataset\05_S1GFloods\Label\image_4445.png,5.864,1
image_4856.png,c:\Users\HP\OneDrive\Desktop\Flood_AI_Dataset\05_S1GFloods\A\image_4856.png,c:\Users\HP\OneDrive\Desktop\Flood_AI_Dataset\05_S1GFloods\B\image_4856.png,c:\Users\HP\OneDrive\Desktop\Flood_AI_Dataset\05_S1GFloods\Label\image_4856.png,6.3812,1
image_4377.png,c:\Users\HP\OneDrive\Desktop\Flood_AI_Dataset\05_S1GFloods\A\image_4377.png,c:\Users\HP\OneDrive\Desktop\Flood_AI_Dataset\05_S1GFloods\B\image_4377.png,c:\Users\HP\OneDrive\Desktop\Flood_AI_Dataset\05_S1GFloods\Label\image_4377.png,11.0245,2
image_2311.png,c:\Users\HP\OneDrive\Desktop\Flood_AI_Dataset\05_S1GFloods\A\image_2311.png,c:\Users\HP\OneDrive\Desktop\Flood_AI_Dataset\05_S1GFloods\B\image_2311.png,c:\Users\HP\OneDrive\Desktop\Flood_AI_Dataset\05_S1GFloods\Label\image_2311.png,49.7208,2
image_3195.png,c:\Users\HP\OneDrive\Desktop\Flood_AI_Dataset\05_S1GFloods\A\image_3195.png,c:\Users\HP\OneDrive\Desktop\Flood_AI_Dataset\05_S1GFloods\B\image_3195.png,c:\Users\HP\OneDrive\Desktop\Flood_AI_Dataset\05_S1GFloods\Label\image_3195.png,78.3417,2
image_3115.png,c:\Users\HP\OneDrive\Desktop\Flood_AI_Dataset\05_S1GFloods\A\image_3115.png,c:\Users\HP\OneDrive\Desktop\Flood_AI_Dataset\05_S1GFloods\B\image_3115.png,c:\Users\HP\OneDrive\Desktop\Flood_AI_Dataset\05_S1GFloods\Label\image_3115.png,14.7583,2
image_2102.png,c:\Users\HP\OneDrive\Desktop\Flood_AI_Dataset\05_S1GFloods\A\image_2102.png,c:\Users\HP\OneDrive\Desktop\Flood_AI_Dataset\05_S1GFloods\B\image_2102.png,c:\Users\HP\OneDrive\Desktop\Flood_AI_Dataset\05_S1GFloods\Label\image_2102.png,9.7778,1
image_4403.png,c:\Users\HP\OneDrive\Desktop\Flood_AI_Dataset\05_S1GFloods\A\image_4403.png,c:\Users\HP\OneDrive\Desktop\Flood_AI_Dataset\05_S1GFloods\B\image_4403.png,c:\Users\HP\OneDrive\Desktop\Flood_AI_Dataset\05_S1GFloods\Label\image_4403.png,81.1707,2
image_289.png,c:\Users\HP\OneDrive\Desktop\Flood_AI_Dataset\05_S1GFloods\A\image_289.png,c:\Users\HP\OneDrive\Desktop\Flood_AI_Dataset\05_S1GFloods\B\image_289.png,c:\Users\HP\OneDrive\Desktop\Flood_AI_Dataset\05_S1GFloods\Label\image_289.png,6.6574,1
image_1182.png,c:\Users\HP\OneDrive\Desktop\Flood_AI_Dataset\05_S1GFloods\A\image_1182.png,c:\Users\HP\OneDrive\Desktop\Flood_AI_Dataset\05_S1GFloods\B\image_1182.png,c:\Users\HP\OneDrive\Desktop\Flood_AI_Dataset\05_S1GFloods\Label\image_1182.png,75.853,2
image_1063.png,c:\Users\HP\OneDrive\Desktop\Flood_AI_Dataset\05_S1GFloods\A\image_1063.png,c:\Users\HP\OneDrive\Desktop\Flood_AI_Dataset\05_S1GFloods\B\image_1063.png,c:\Users\HP\OneDrive\Desktop\Flood_AI_Dataset\05_S1GFloods\Label\image_1063.png,15.0513,2
image_3088.png,c:\Users\HP\OneDrive\Desktop\Flood_AI_Dataset\05_S1GFloods\A\image_3088.png,c:\Users\HP\OneDrive\Desktop\Flood_AI_Dataset\05_S1GFloods\B\image_3088.png,c:\Users\HP\OneDrive\Desktop\Flood_AI_Dataset\05_S1GFloods\Label\image_3088.png,72.2046,2
image_651.png,c:\Users\HP\OneDrive\Desktop\Flood_AI_Dataset\05_S1GFloods\A\image_651.png,c:\Users\HP\OneDrive\Desktop\Flood_AI_Dataset\05_S1GFloods\B\image_651.png,c:\Users\HP\OneDrive\Desktop\Flood_AI_Dataset\05_S1GFloods\Label\image_651.png,8.226,1
image_5159.png,c:\Users\HP\OneDrive\Desktop\Flood_AI_Dataset\05_S1GFloods\A\image_5159.png,c:\Users\HP\OneDrive\Desktop\Flood_AI_Dataset\05_S1GFloods\B\image_5159.png,c:\Users\HP\OneDrive\Desktop\Flood_AI_Dataset\05_S1GFloods\Label\image_5159.png,14.6484,2
image_3103.png,c:\Users\HP\OneDrive\Desktop\Flood_AI_Dataset\05_S1GFloods\A\image_3103.png,c:\Users\HP\OneDrive\Desktop\Flood_AI_Dataset\05_S1GFloods\B\image_3103.png,c:\Users\HP\OneDrive\Desktop\Flood_AI_Dataset\05_S1GFloods\Label\image_3103.png,15.7028,2
image_1927.png,c:\Users\HP\OneDrive\Desktop\Flood_AI_Dataset\05_S1GFloods\A\image_1927.png,c:\Users\HP\OneDrive\Desktop\Flood_AI_Dataset\05_S1GFloods\B\image_1927.png,c:\Users\HP\OneDrive\Desktop\Flood_AI_Dataset\05_S1GFloods\Label\image_1927.png,16.7145,2
image_5006.png,c:\Users\HP\OneDrive\Desktop\Flood_AI_Dataset\05_S1GFloods\A\image_5006.png,c:\Users\HP\OneDrive\Desktop\Flood_AI_Dataset\05_S1GFloods\B\image_5006.png,c:\Users\HP\OneDrive\Desktop\Flood_AI_Dataset\05_S1GFloods\Label\image_5006.png,28.746,2
image_589.png,c:\Users\HP\OneDrive\Desktop\Flood_AI_Dataset\05_S1GFloods\A\image_589.png,c:\Users\HP\OneDrive\Desktop\Flood_AI_Dataset\05_S1GFloods\B\image_589.png,c:\Users\HP\OneDrive\Desktop\Flood_AI_Dataset\05_S1GFloods\Label\image_589.png,15.657,2
image_3706.png,c:\Users\HP\OneDrive\Desktop\Flood_AI_Dataset\05_S1GFloods\A\image_3706.png,c:\Users\HP\OneDrive\Desktop\Flood_AI_Dataset\05_S1GFloods\B\image_3706.png,c:\Users\HP\OneDrive\Desktop\Flood_AI_Dataset\05_S1GFloods\Label\image_3706.png,7.0038,1
image_3757.png,c:\Users\HP\OneDrive\Desktop\Flood_AI_Dataset\05_S1GFloods\A\image_3757.png,c:\Users\HP\OneDrive\Desktop\Flood_AI_Dataset\05_S1GFloods\B\image_3757.png,c:\Users\HP\OneDrive\Desktop\Flood_AI_Dataset\05_S1GFloods\Label\image_3757.png,6.5781,1
image_210.png,c:\Users\HP\OneDrive\Desktop\Flood_AI_Dataset\05_S1GFloods\A\image_210.png,c:\Users\HP\OneDrive\Desktop\Flood_AI_Dataset\05_S1GFloods\B\image_210.png,c:\Users\HP\OneDrive\Desktop\Flood_AI_Dataset\05_S1GFloods\Label\image_210.png,21.6904,2
image_5031.png,c:\Users\HP\OneDrive\Desktop\Flood_AI_Dataset\05_S1GFloods\A\image_5031.png,c:\Users\HP\OneDrive\Desktop\Flood_AI_Dataset\05_S1GFloods\B\image_5031.png,c:\Users\HP\OneDrive\Desktop\Flood_AI_Dataset\05_S1GFloods\Label\image_5031.png,6.6177,1
image_2598.png,c:\Users\HP\OneDrive\Desktop\Flood_AI_Dataset\05_S1GFloods\A\image_2598.png,c:\Users\HP\OneDrive\Desktop\Flood_AI_Dataset\05_S1GFloods\B\image_2598.png,c:\Users\HP\OneDrive\Desktop\Flood_AI_Dataset\05_S1GFloods\Label\image_2598.png,55.1514,2
image_5195.png,c:\Users\HP\OneDrive\Desktop\Flood_AI_Dataset\05_S1GFloods\A\image_5195.png,c:\Users\HP\OneDrive\Desktop\Flood_AI_Dataset\05_S1GFloods\B\image_5195.png,c:\Users\HP\OneDrive\Desktop\Flood_AI_Dataset\05_S1GFloods\Label\image_5195.png,5.2704,1
image_3252.png,c:\Users\HP\OneDrive\Desktop\Flood_AI_Dataset\05_S1GFloods\A\image_3252.png,c:\Users\HP\OneDrive\Desktop\Flood_AI_Dataset\05_S1GFloods\B\image_3252.png,c:\Users\HP\OneDrive\Desktop\Flood_AI_Dataset\05_S1GFloods\Label\image_3252.png,17.6605,2
image_2151.png,c:\Users\HP\OneDrive\Desktop\Flood_AI_Dataset\05_S1GFloods\A\image_2151.png,c:\Users\HP\OneDrive\Desktop\Flood_AI_Dataset\05_S1GFloods\B\image_2151.png,c:\Users\HP\OneDrive\Desktop\Flood_AI_Dataset\05_S1GFloods\Label\image_2151.png,6.2744,1
image_5155.png,c:\Users\HP\OneDrive\Desktop\Flood_AI_Dataset\05_S1GFloods\A\image_5155.png,c:\Users\HP\OneDrive\Desktop\Flood_AI_Dataset\05_S1GFloods\B\image_5155.png,c:\Users\HP\OneDrive\Desktop\Flood_AI_Dataset\05_S1GFloods\Label\image_5155.png,5.1361,1
image_4157.png,c:\Users\HP\OneDrive\Desktop\Flood_AI_Dataset\05_S1GFloods\A\image_4157.png,c:\Users\HP\OneDrive\Desktop\Flood_AI_Dataset\05_S1GFloods\B\image_4157.png,c:\Users\HP\OneDrive\Desktop\Flood_AI_Dataset\05_S1GFloods\Label\image_4157.png,95.6604,2
image_1828.png,c:\Users\HP\OneDrive\Desktop\Flood_AI_Dataset\05_S1GFloods\A\image_1828.png,c:\Users\HP\OneDrive\Desktop\Flood_AI_Dataset\05_S1GFloods\B\image_1828.png,c:\Users\HP\OneDrive\Desktop\Flood_AI_Dataset\05_S1GFloods\Label\image_1828.png,6.3751,1
image_3410.png,c:\Users\HP\OneDrive\Desktop\Flood_AI_Dataset\05_S1GFloods\A\image_3410.png,c:\Users\HP\OneDrive\Desktop\Flood_AI_Dataset\05_S1GFloods\B\image_3410.png,c:\Users\HP\OneDrive\Desktop\Flood_AI_Dataset\05_S1GFloods\Label\image_3410.png,31.0745,2
image_2078.png,c:\Users\HP\OneDrive\Desktop\Flood_AI_Dataset\05_S1GFloods\A\image_2078.png,c:\Users\HP\OneDrive\Desktop\Flood_AI_Dataset\05_S1GFloods\B\image_2078.png,c:\Users\HP\OneDrive\Desktop\Flood_AI_Dataset\05_S1GFloods\Label\image_2078.png,10.437,2
image_4676.png,c:\Users\HP\OneDrive\Desktop\Flood_AI_Dataset\05_S1GFloods\A\image_4676.png,c:\Users\HP\OneDrive\Desktop\Flood_AI_Dataset\05_S1GFloods\B\image_4676.png,c:\Users\HP\OneDrive\Desktop\Flood_AI_Dataset\05_S1GFloods\Label\image_4676.png,12.2208,2
image_2059.png,c:\Users\HP\OneDrive\Desktop\Flood_AI_Dataset\05_S1GFloods\A\image_2059.png,c:\Users\HP\OneDrive\Desktop\Flood_AI_Dataset\05_S1GFloods\B\image_2059.png,c:\Users\HP\OneDrive\Desktop\Flood_AI_Dataset\05_S1GFloods\Label\image_2059.png,24.8825,2
image_577.png,c:\Users\HP\OneDrive\Desktop\Flood_AI_Dataset\05_S1GFloods\A\image_577.png,c:\Users\HP\OneDrive\Desktop\Flood_AI_Dataset\05_S1GFloods\B\image_577.png,c:\Users\HP\OneDrive\Desktop\Flood_AI_Dataset\05_S1GFloods\Label\image_577.png,92.511,2
image_878.png,c:\Users\HP\OneDrive\Desktop\Flood_AI_Dataset\05_S1GFloods\A\image_878.png,c:\Users\HP\OneDrive\Desktop\Flood_AI_Dataset\05_S1GFloods\B\image_878.png,c:\Users\HP\OneDrive\Desktop\Flood_AI_Dataset\05_S1GFloods\Label\image_878.png,83.7769,2
image_4170.png,c:\Users\HP\OneDrive\Desktop\Flood_AI_Dataset\05_S1GFloods\A\image_4170.png,c:\Users\HP\OneDrive\Desktop\Flood_AI_Dataset\05_S1GFloods\B\image_4170.png,c:\Users\HP\OneDrive\Desktop\Flood_AI_Dataset\05_S1GFloods\Label\image_4170.png,64.1327,2
image_3850.png,c:\Users\HP\OneDrive\Desktop\Flood_AI_Dataset\05_S1GFloods\A\image_3850.png,c:\Users\HP\OneDrive\Desktop\Flood_AI_Dataset\05_S1GFloods\B\image_3850.png,c:\Users\HP\OneDrive\Desktop\Flood_AI_Dataset\05_S1GFloods\Label\image_3850.png,68.9941,2
image_4915.png,c:\Users\HP\OneDrive\Desktop\Flood_AI_Dataset\05_S1GFloods\A\image_4915.png,c:\Users\HP\OneDrive\Desktop\Flood_AI_Dataset\05_S1GFloods\B\image_4915.png,c:\Users\HP\OneDrive\Desktop\Flood_AI_Dataset\05_S1GFloods\Label\image_4915.png,6.9138,1
image_5130.png,c:\Users\HP\OneDrive\Desktop\Flood_AI_Dataset\05_S1GFloods\A\image_5130.png,c:\Users\HP\OneDrive\Desktop\Flood_AI_Dataset\05_S1GFloods\B\image_5130.png,c:\Users\HP\OneDrive\Desktop\Flood_AI_Dataset\05_S1GFloods\Label\image_5130.png,17.2134,2
image_5070.png,c:\Users\HP\OneDrive\Desktop\Flood_AI_Dataset\05_S1GFloods\A\image_5070.png,c:\Users\HP\OneDrive\Desktop\Flood_AI_Dataset\05_S1GFloods\B\image_5070.png,c:\Users\HP\OneDrive\Desktop\Flood_AI_Dataset\05_S1GFloods\Label\image_5070.png,11.1404,2
image_5095.png,c:\Users\HP\OneDrive\Desktop\Flood_AI_Dataset\05_S1GFloods\A\image_5095.png,c:\Users\HP\OneDrive\Desktop\Flood_AI_Dataset\05_S1GFloods\B\image_5095.png,c:\Users\HP\OneDrive\Desktop\Flood_AI_Dataset\05_S1GFloods\Label\image_5095.png,30.7678,2
image_4330.png,c:\Users\HP\OneDrive\Desktop\Flood_AI_Dataset\05_S1GFloods\A\image_4330.png,c:\Users\HP\OneDrive\Desktop\Flood_AI_Dataset\05_S1GFloods\B\image_4330.png,c:\Users\HP\OneDrive\Desktop\Flood_AI_Dataset\05_S1GFloods\Label\image_4330.png,70.5109,2
image_1264.png,c:\Users\HP\OneDrive\Desktop\Flood_AI_Dataset\05_S1GFloods\A\image_1264.png,c:\Users\HP\OneDrive\Desktop\Flood_AI_Dataset\05_S1GFloods\B\image_1264.png,c:\Users\HP\OneDrive\Desktop\Flood_AI_Dataset\05_S1GFloods\Label\image_1264.png,59.3262,2
image_4956.png,c:\Users\HP\OneDrive\Desktop\Flood_AI_Dataset\05_S1GFloods\A\image_4956.png,c:\Users\HP\OneDrive\Desktop\Flood_AI_Dataset\05_S1GFloods\B\image_4956.png,c:\Users\HP\OneDrive\Desktop\Flood_AI_Dataset\05_S1GFloods\Label\image_4956.png,17.7216,2
image_2452.png,c:\Users\HP\OneDrive\Desktop\Flood_AI_Dataset\05_S1GFloods\A\image_2452.png,c:\Users\HP\OneDrive\Desktop\Flood_AI_Dataset\05_S1GFloods\B\image_2452.png,c:\Users\HP\OneDrive\Desktop\Flood_AI_Dataset\05_S1GFloods\Label\image_2452.png,20.636,2
image_5253.png,c:\Users\HP\OneDrive\Desktop\Flood_AI_Dataset\05_S1GFloods\A\image_5253.png,c:\Users\HP\OneDrive\Desktop\Flood_AI_Dataset\05_S1GFloods\B\image_5253.png,c:\Users\HP\OneDrive\Desktop\Flood_AI_Dataset\05_S1GFloods\Label\image_5253.png,33.3313,2
image_1688.png,c:\Users\HP\OneDrive\Desktop\Flood_AI_Dataset\05_S1GFloods\A\image_1688.png,c:\Users\HP\OneDrive\Desktop\Flood_AI_Dataset\05_S1GFloods\B\image_1688.png,c:\Users\HP\OneDrive\Desktop\Flood_AI_Dataset\05_S1GFloods\Label\image_1688.png,23.1979,2
image_2808.png,c:\Users\HP\OneDrive\Desktop\Flood_AI_Dataset\05_S1GFloods\A\image_2808.png,c:\Users\HP\OneDrive\Desktop\Flood_AI_Dataset\05_S1GFloods\B\image_2808.png,c:\Users\HP\OneDrive\Desktop\Flood_AI_Dataset\05_S1GFloods\Label\image_2808.png,48.0255,2
image_718.png,c:\Users\HP\OneDrive\Desktop\Flood_AI_Dataset\05_S1GFloods\A\image_718.png,c:\Users\HP\OneDrive\Desktop\Flood_AI_Dataset\05_S1GFloods\B\image_718.png,c:\Users\HP\OneDrive\Desktop\Flood_AI_Dataset\05_S1GFloods\Label\image_718.png,22.6913,2
image_1594.png,c:\Users\HP\OneDrive\Desktop\Flood_AI_Dataset\05_S1GFloods\A\image_1594.png,c:\Users\HP\OneDrive\Desktop\Flood_AI_Dataset\05_S1GFloods\B\image_1594.png,c:\Users\HP\OneDrive\Desktop\Flood_AI_Dataset\05_S1GFloods\Label\image_1594.png,30.4581,2
image_4639.png,c:\Users\HP\OneDrive\Desktop\Flood_AI_Dataset\05_S1GFloods\A\image_4639.png,c:\Users\HP\OneDrive\Desktop\Flood_AI_Dataset\05_S1GFloods\B\image_4639.png,c:\Users\HP\OneDrive\Desktop\Flood_AI_Dataset\05_S1GFloods\Label\image_4639.png,12.7716,2
image_2902.png,c:\Users\HP\OneDrive\Desktop\Flood_AI_Dataset\05_S1GFloods\A\image_2902.png,c:\Users\HP\OneDrive\Desktop\Flood_AI_Dataset\05_S1GFloods\B\image_2902.png,c:\Users\HP\OneDrive\Desktop\Flood_AI_Dataset\05_S1GFloods\Label\image_2902.png,20.2881,2
image_4893.png,c:\Users\HP\OneDrive\Desktop\Flood_AI_Dataset\05_S1GFloods\A\image_4893.png,c:\Users\HP\OneDrive\Desktop\Flood_AI_Dataset\05_S1GFloods\B\image_4893.png,c:\Users\HP\OneDrive\Desktop\Flood_AI_Dataset\05_S1GFloods\Label\image_4893.png,15.0696,2
image_3937.png,c:\Users\HP\OneDrive\Desktop\Flood_AI_Dataset\05_S1GFloods\A\image_3937.png,c:\Users\HP\OneDrive\Desktop\Flood_AI_Dataset\05_S1GFloods\B\image_3937.png,c:\Users\HP\OneDrive\Desktop\Flood_AI_Dataset\05_S1GFloods\Label\image_3937.png,91.153,2
image_617.png,c:\Users\HP\OneDrive\Desktop\Flood_AI_Dataset\05_S1GFloods\A\image_617.png,c:\Users\HP\OneDrive\Desktop\Flood_AI_Dataset\05_S1GFloods\B\image_617.png,c:\Users\HP\OneDrive\Desktop\Flood_AI_Dataset\05_S1GFloods\Label\image_617.png,82.7713,2
image_271.png,c:\Users\HP\OneDrive\Desktop\Flood_AI_Dataset\05_S1GFloods\A\image_271.png,c:\Users\HP\OneDrive\Desktop\Flood_AI_Dataset\05_S1GFloods\B\image_271.png,c:\Users\HP\OneDrive\Desktop\Flood_AI_Dataset\05_S1GFloods\Label\image_271.png,70.9671,2
image_1926.png,c:\Users\HP\OneDrive\Desktop\Flood_AI_Dataset\05_S1GFloods\A\image_1926.png,c:\Users\HP\OneDrive\Desktop\Flood_AI_Dataset\05_S1GFloods\B\image_1926.png,c:\Users\HP\OneDrive\Desktop\Flood_AI_Dataset\05_S1GFloods\Label\image_1926.png,13.9023,2
image_3384.png,c:\Users\HP\OneDrive\Desktop\Flood_AI_Dataset\05_S1GFloods\A\image_3384.png,c:\Users\HP\OneDrive\Desktop\Flood_AI_Dataset\05_S1GFloods\B\image_3384.png,c:\Users\HP\OneDrive\Desktop\Flood_AI_Dataset\05_S1GFloods\Label\image_3384.png,25.7141,2
image_22.png,c:\Users\HP\OneDrive\Desktop\Flood_AI_Dataset\05_S1GFloods\A\image_22.png,c:\Users\HP\OneDrive\Desktop\Flood_AI_Dataset\05_S1GFloods\B\image_22.png,c:\Users\HP\OneDrive\Desktop\Flood_AI_Dataset\05_S1GFloods\Label\image_22.png,9.2209,1
image_4943.png,c:\Users\HP\OneDrive\Desktop\Flood_AI_Dataset\05_S1GFloods\A\image_4943.png,c:\Users\HP\OneDrive\Desktop\Flood_AI_Dataset\05_S1GFloods\B\image_4943.png,c:\Users\HP\OneDrive\Desktop\Flood_AI_Dataset\05_S1GFloods\Label\image_4943.png,71.814,2
image_399.png,c:\Users\HP\OneDrive\Desktop\Flood_AI_Dataset\05_S1GFloods\A\image_399.png,c:\Users\HP\OneDrive\Desktop\Flood_AI_Dataset\05_S1GFloods\B\image_399.png,c:\Users\HP\OneDrive\Desktop\Flood_AI_Dataset\05_S1GFloods\Label\image_399.png,15.0543,2
image_2340.png,c:\Users\HP\OneDrive\Desktop\Flood_AI_Dataset\05_S1GFloods\A\image_2340.png,c:\Users\HP\OneDrive\Desktop\Flood_AI_Dataset\05_S1GFloods\B\image_2340.png,c:\Users\HP\OneDrive\Desktop\Flood_AI_Dataset\05_S1GFloods\Label\image_2340.png,22.4167,2
image_535.png,c:\Users\HP\OneDrive\Desktop\Flood_AI_Dataset\05_S1GFloods\A\image_535.png,c:\Users\HP\OneDrive\Desktop\Flood_AI_Dataset\05_S1GFloods\B\image_535.png,c:\Users\HP\OneDrive\Desktop\Flood_AI_Dataset\05_S1GFloods\Label\image_535.png,85.0113,2
image_1634.png,c:\Users\HP\OneDrive\Desktop\Flood_AI_Dataset\05_S1GFloods\A\image_1634.png,c:\Users\HP\OneDrive\Desktop\Flood_AI_Dataset\05_S1GFloods\B\image_1634.png,c:\Users\HP\OneDrive\Desktop\Flood_AI_Dataset\05_S1GFloods\Label\image_1634.png,18.6462,2
image_2992.png,c:\Users\HP\OneDrive\Desktop\Flood_AI_Dataset\05_S1GFloods\A\image_2992.png,c:\Users\HP\OneDrive\Desktop\Flood_AI_Dataset\05_S1GFloods\B\image_2992.png,c:\Users\HP\OneDrive\Desktop\Flood_AI_Dataset\05_S1GFloods\Label\image_2992.png,36.2488,2
image_2685.png,c:\Users\HP\OneDrive\Desktop\Flood_AI_Dataset\05_S1GFloods\A\image_2685.png,c:\Users\HP\OneDrive\Desktop\Flood_AI_Dataset\05_S1GFloods\B\image_2685.png,c:\Users\HP\OneDrive\Desktop\Flood_AI_Dataset\05_S1GFloods\Label\image_2685.png,54.1733,2
image_5280.png,c:\Users\HP\OneDrive\Desktop\Flood_AI_Dataset\05_S1GFloods\A\image_5280.png,c:\Users\HP\OneDrive\Desktop\Flood_AI_Dataset\05_S1GFloods\B\image_5280.png,c:\Users\HP\OneDrive\Desktop\Flood_AI_Dataset\05_S1GFloods\Label\image_5280.png,14.595,2
image_4828.png,c:\Users\HP\OneDrive\Desktop\Flood_AI_Dataset\05_S1GFloods\A\image_4828.png,c:\Users\HP\OneDrive\Desktop\Flood_AI_Dataset\05_S1GFloods\B\image_4828.png,c:\Users\HP\OneDrive\Desktop\Flood_AI_Dataset\05_S1GFloods\Label\image_4828.png,6.3416,1
image_1482.png,c:\Users\HP\OneDrive\Desktop\Flood_AI_Dataset\05_S1GFloods\A\image_1482.png,c:\Users\HP\OneDrive\Desktop\Flood_AI_Dataset\05_S1GFloods\B\image_1482.png,c:\Users\HP\OneDrive\Desktop\Flood_AI_Dataset\05_S1GFloods\Label\image_1482.png,20.9137,2
image_2425.png,c:\Users\HP\OneDrive\Desktop\Flood_AI_Dataset\05_S1GFloods\A\image_2425.png,c:\Users\HP\OneDrive\Desktop\Flood_AI_Dataset\05_S1GFloods\B\image_2425.png,c:\Users\HP\OneDrive\Desktop\Flood_AI_Dataset\05_S1GFloods\Label\image_2425.png,21.2601,2
image_5088.png,c:\Users\HP\OneDrive\Desktop\Flood_AI_Dataset\05_S1GFloods\A\image_5088.png,c:\Users\HP\OneDrive\Desktop\Flood_AI_Dataset\05_S1GFloods\B\image_5088.png,c:\Users\HP\OneDrive\Desktop\Flood_AI_Dataset\05_S1GFloods\Label\image_5088.png,22.2107,2
image_1904.png,c:\Users\HP\OneDrive\Desktop\Flood_AI_Dataset\05_S1GFloods\A\image_1904.png,c:\Users\HP\OneDrive\Desktop\Flood_AI_Dataset\05_S1GFloods\B\image_1904.png,c:\Users\HP\OneDrive\Desktop\Flood_AI_Dataset\05_S1GFloods\Label\image_1904.png,6.5231,1
image_5245.png,c:\Users\HP\OneDrive\Desktop\Flood_AI_Dataset\05_S1GFloods\A\image_5245.png,c:\Users\HP\OneDrive\Desktop\Flood_AI_Dataset\05_S1GFloods\B\image_5245.png,c:\Users\HP\OneDrive\Desktop\Flood_AI_Dataset\05_S1GFloods\Label\image_5245.png,42.8101,2
image_1528.png,c:\Users\HP\OneDrive\Desktop\Flood_AI_Dataset\05_S1GFloods\A\image_1528.png,c:\Users\HP\OneDrive\Desktop\Flood_AI_Dataset\05_S1GFloods\B\image_1528.png,c:\Users\HP\OneDrive\Desktop\Flood_AI_Dataset\05_S1GFloods\Label\image_1528.png,9.4788,1
image_2985.png,c:\Users\HP\OneDrive\Desktop\Flood_AI_Dataset\05_S1GFloods\A\image_2985.png,c:\Users\HP\OneDrive\Desktop\Flood_AI_Dataset\05_S1GFloods\B\image_2985.png,c:\Users\HP\OneDrive\Desktop\Flood_AI_Dataset\05_S1GFloods\Label\image_2985.png,74.2737,2
image_4963.png,c:\Users\HP\OneDrive\Desktop\Flood_AI_Dataset\05_S1GFloods\A\image_4963.png,c:\Users\HP\OneDrive\Desktop\Flood_AI_Dataset\05_S1GFloods\B\image_4963.png,c:\Users\HP\OneDrive\Desktop\Flood_AI_Dataset\05_S1GFloods\Label\image_4963.png,14.8422,2
image_599.png,c:\Users\HP\OneDrive\Desktop\Flood_AI_Dataset\05_S1GFloods\A\image_599.png,c:\Users\HP\OneDrive\Desktop\Flood_AI_Dataset\05_S1GFloods\B\image_599.png,c:\Users\HP\OneDrive\Desktop\Flood_AI_Dataset\05_S1GFloods\Label\image_599.png,86.8469,2
image_836.png,c:\Users\HP\OneDrive\Desktop\Flood_AI_Dataset\05_S1GFloods\A\image_836.png,c:\Users\HP\OneDrive\Desktop\Flood_AI_Dataset\05_S1GFloods\B\image_836.png,c:\Users\HP\OneDrive\Desktop\Flood_AI_Dataset\05_S1GFloods\Label\image_836.png,83.989,2
image_5055.png,c:\Users\HP\OneDrive\Desktop\Flood_AI_Dataset\05_S1GFloods\A\image_5055.png,c:\Users\HP\OneDrive\Desktop\Flood_AI_Dataset\05_S1GFloods\B\image_5055.png,c:\Users\HP\OneDrive\Desktop\Flood_AI_Dataset\05_S1GFloods\Label\image_5055.png,24.1669,2
image_1188.png,c:\Users\HP\OneDrive\Desktop\Flood_AI_Dataset\05_S1GFloods\A\image_1188.png,c:\Users\HP\OneDrive\Desktop\Flood_AI_Dataset\05_S1GFloods\B\image_1188.png,c:\Users\HP\OneDrive\Desktop\Flood_AI_Dataset\05_S1GFloods\Label\image_1188.png,59.491,2
image_985.png,c:\Users\HP\OneDrive\Desktop\Flood_AI_Dataset\05_S1GFloods\A\image_985.png,c:\Users\HP\OneDrive\Desktop\Flood_AI_Dataset\05_S1GFloods\B\image_985.png,c:\Users\HP\OneDrive\Desktop\Flood_AI_Dataset\05_S1GFloods\Label\image_985.png,61.6486,2
image_3634.png,c:\Users\HP\OneDrive\Desktop\Flood_AI_Dataset\05_S1GFloods\A\image_3634.png,c:\Users\HP\OneDrive\Desktop\Flood_AI_Dataset\05_S1GFloods\B\image_3634.png,c:\Users\HP\OneDrive\Desktop\Flood_AI_Dataset\05_S1GFloods\Label\image_3634.png,44.4275,2
image_1206.png,c:\Users\HP\OneDrive\Desktop\Flood_AI_Dataset\05_S1GFloods\A\image_1206.png,c:\Users\HP\OneDrive\Desktop\Flood_AI_Dataset\05_S1GFloods\B\image_1206.png,c:\Users\HP\OneDrive\Desktop\Flood_AI_Dataset\05_S1GFloods\Label\image_1206.png,82.1182,2
image_2711.png,c:\Users\HP\OneDrive\Desktop\Flood_AI_Dataset\05_S1GFloods\A\image_2711.png,c:\Users\HP\OneDrive\Desktop\Flood_AI_Dataset\05_S1GFloods\B\image_2711.png,c:\Users\HP\OneDrive\Desktop\Flood_AI_Dataset\05_S1GFloods\Label\image_2711.png,70.4254,2
image_412.png,c:\Users\HP\OneDrive\Desktop\Flood_AI_Dataset\05_S1GFloods\A\image_412.png,c:\Users\HP\OneDrive\Desktop\Flood_AI_Dataset\05_S1GFloods\B\image_412.png,c:\Users\HP\OneDrive\Desktop\Flood_AI_Dataset\05_S1GFloods\Label\image_412.png,80.4382,2
image_4113.png,c:\Users\HP\OneDrive\Desktop\Flood_AI_Dataset\05_S1GFloods\A\image_4113.png,c:\Users\HP\OneDrive\Desktop\Flood_AI_Dataset\05_S1GFloods\B\image_4113.png,c:\Users\HP\OneDrive\Desktop\Flood_AI_Dataset\05_S1GFloods\Label\image_4113.png,9.6863,1
image_2253.png,c:\Users\HP\OneDrive\Desktop\Flood_AI_Dataset\05_S1GFloods\A\image_2253.png,c:\Users\HP\OneDrive\Desktop\Flood_AI_Dataset\05_S1GFloods\B\image_2253.png,c:\Users\HP\OneDrive\Desktop\Flood_AI_Dataset\05_S1GFloods\Label\image_2253.png,9.9731,1
image_2770.png,c:\Users\HP\OneDrive\Desktop\Flood_AI_Dataset\05_S1GFloods\A\image_2770.png,c:\Users\HP\OneDrive\Desktop\Flood_AI_Dataset\05_S1GFloods\B\image_2770.png,c:\Users\HP\OneDrive\Desktop\Flood_AI_Dataset\05_S1GFloods\Label\image_2770.png,44.6106,2
image_4133.png,c:\Users\HP\OneDrive\Desktop\Flood_AI_Dataset\05_S1GFloods\A\image_4133.png,c:\Users\HP\OneDrive\Desktop\Flood_AI_Dataset\05_S1GFloods\B\image_4133.png,c:\Users\HP\OneDrive\Desktop\Flood_AI_Dataset\05_S1GFloods\Label\image_4133.png,5.7114,1
image_328.png,c:\Users\HP\OneDrive\Desktop\Flood_AI_Dataset\05_S1GFloods\A\image_328.png,c:\Users\HP\OneDrive\Desktop\Flood_AI_Dataset\05_S1GFloods\B\image_328.png,c:\Users\HP\OneDrive\Desktop\Flood_AI_Dataset\05_S1GFloods\Label\image_328.png,76.0498,2
image_5171.png,c:\Users\HP\OneDrive\Desktop\Flood_AI_Dataset\05_S1GFloods\A\image_5171.png,c:\Users\HP\OneDrive\Desktop\Flood_AI_Dataset\05_S1GFloods\B\image_5171.png,c:\Users\HP\OneDrive\Desktop\Flood_AI_Dataset\05_S1GFloods\Label\image_5171.png,37.4023,2
image_4305.png,c:\Users\HP\OneDrive\Desktop\Flood_AI_Dataset\05_S1GFloods\A\image_4305.png,c:\Users\HP\OneDrive\Desktop\Flood_AI_Dataset\05_S1GFloods\B\image_4305.png,c:\Users\HP\OneDrive\Desktop\Flood_AI_Dataset\05_S1GFloods\Label\image_4305.png,34.2026,2
image_2442.png,c:\Users\HP\OneDrive\Desktop\Flood_AI_Dataset\05_S1GFloods\A\image_2442.png,c:\Users\HP\OneDrive\Desktop\Flood_AI_Dataset\05_S1GFloods\B\image_2442.png,c:\Users\HP\OneDrive\Desktop\Flood_AI_Dataset\05_S1GFloods\Label\image_2442.png,19.075,2
image_3736.png,c:\Users\HP\OneDrive\Desktop\Flood_AI_Dataset\05_S1GFloods\A\image_3736.png,c:\Users\HP\OneDrive\Desktop\Flood_AI_Dataset\05_S1GFloods\B\image_3736.png,c:\Users\HP\OneDrive\Desktop\Flood_AI_Dataset\05_S1GFloods\Label\image_3736.png,83.1375,2
image_569.png,c:\Users\HP\OneDrive\Desktop\Flood_AI_Dataset\05_S1GFloods\A\image_569.png,c:\Users\HP\OneDrive\Desktop\Flood_AI_Dataset\05_S1GFloods\B\image_569.png,c:\Users\HP\OneDrive\Desktop\Flood_AI_Dataset\05_S1GFloods\Label\image_569.png,88.7604,2
image_1356.png,c:\Users\HP\OneDrive\Desktop\Flood_AI_Dataset\05_S1GFloods\A\image_1356.png,c:\Users\HP\OneDrive\Desktop\Flood_AI_Dataset\05_S1GFloods\B\image_1356.png,c:\Users\HP\OneDrive\Desktop\Flood_AI_Dataset\05_S1GFloods\Label\image_1356.png,34.2438,2
image_778.png,c:\Users\HP\OneDrive\Desktop\Flood_AI_Dataset\05_S1GFloods\A\image_778.png,c:\Users\HP\OneDrive\Desktop\Flood_AI_Dataset\05_S1GFloods\B\image_778.png,c:\Users\HP\OneDrive\Desktop\Flood_AI_Dataset\05_S1GFloods\Label\image_778.png,85.6598,2
image_5133.png,c:\Users\HP\OneDrive\Desktop\Flood_AI_Dataset\05_S1GFloods\A\image_5133.png,c:\Users\HP\OneDrive\Desktop\Flood_AI_Dataset\05_S1GFloods\B\image_5133.png,c:\Users\HP\OneDrive\Desktop\Flood_AI_Dataset\05_S1GFloods\Label\image_5133.png,12.2055,2
image_664.png,c:\Users\HP\OneDrive\Desktop\Flood_AI_Dataset\05_S1GFloods\A\image_664.png,c:\Users\HP\OneDrive\Desktop\Flood_AI_Dataset\05_S1GFloods\B\image_664.png,c:\Users\HP\OneDrive\Desktop\Flood_AI_Dataset\05_S1GFloods\Label\image_664.png,6.5811,1
image_1322.png,c:\Users\HP\OneDrive\Desktop\Flood_AI_Dataset\05_S1GFloods\A\image_1322.png,c:\Users\HP\OneDrive\Desktop\Flood_AI_Dataset\05_S1GFloods\B\image_1322.png,c:\Users\HP\OneDrive\Desktop\Flood_AI_Dataset\05_S1GFloods\Label\image_1322.png,5.9769,1
image_1532.png,c:\Users\HP\OneDrive\Desktop\Flood_AI_Dataset\05_S1GFloods\A\image_1532.png,c:\Users\HP\OneDrive\Desktop\Flood_AI_Dataset\05_S1GFloods\B\image_1532.png,c:\Users\HP\OneDrive\Desktop\Flood_AI_Dataset\05_S1GFloods\Label\image_1532.png,10.463,2
image_165.png,c:\Users\HP\OneDrive\Desktop\Flood_AI_Dataset\05_S1GFloods\A\image_165.png,c:\Users\HP\OneDrive\Desktop\Flood_AI_Dataset\05_S1GFloods\B\image_165.png,c:\Users\HP\OneDrive\Desktop\Flood_AI_Dataset\05_S1GFloods\Label\image_165.png,51.0773,2
image_4419.png,c:\Users\HP\OneDrive\Desktop\Flood_AI_Dataset\05_S1GFloods\A\image_4419.png,c:\Users\HP\OneDrive\Desktop\Flood_AI_Dataset\05_S1GFloods\B\image_4419.png,c:\Users\HP\OneDrive\Desktop\Flood_AI_Dataset\05_S1GFloods\Label\image_4419.png,98.0896,2
image_2004.png,c:\Users\HP\OneDrive\Desktop\Flood_AI_Dataset\05_S1GFloods\A\image_2004.png,c:\Users\HP\OneDrive\Desktop\Flood_AI_Dataset\05_S1GFloods\B\image_2004.png,c:\Users\HP\OneDrive\Desktop\Flood_AI_Dataset\05_S1GFloods\Label\image_2004.png,36.441,2
image_3034.png,c:\Users\HP\OneDrive\Desktop\Flood_AI_Dataset\05_S1GFloods\A\image_3034.png,c:\Users\HP\OneDrive\Desktop\Flood_AI_Dataset\05_S1GFloods\B\image_3034.png,c:\Users\HP\OneDrive\Desktop\Flood_AI_Dataset\05_S1GFloods\Label\image_3034.png,19.9936,2
image_4531.png,c:\Users\HP\OneDrive\Desktop\Flood_AI_Dataset\05_S1GFloods\A\image_4531.png,c:\Users\HP\OneDrive\Desktop\Flood_AI_Dataset\05_S1GFloods\B\image_4531.png,c:\Users\HP\OneDrive\Desktop\Flood_AI_Dataset\05_S1GFloods\Label\image_4531.png,7.9269,1
image_3280.png,c:\Users\HP\OneDrive\Desktop\Flood_AI_Dataset\05_S1GFloods\A\image_3280.png,c:\Users\HP\OneDrive\Desktop\Flood_AI_Dataset\05_S1GFloods\B\image_3280.png,c:\Users\HP\OneDrive\Desktop\Flood_AI_Dataset\05_S1GFloods\Label\image_3280.png,13.4277,2
image_4210.png,c:\Users\HP\OneDrive\Desktop\Flood_AI_Dataset\05_S1GFloods\A\image_4210.png,c:\Users\HP\OneDrive\Desktop\Flood_AI_Dataset\05_S1GFloods\B\image_4210.png,c:\Users\HP\OneDrive\Desktop\Flood_AI_Dataset\05_S1GFloods\Label\image_4210.png,20.7733,2
image_5084.png,c:\Users\HP\OneDrive\Desktop\Flood_AI_Dataset\05_S1GFloods\A\image_5084.png,c:\Users\HP\OneDrive\Desktop\Flood_AI_Dataset\05_S1GFloods\B\image_5084.png,c:\Users\HP\OneDrive\Desktop\Flood_AI_Dataset\05_S1GFloods\Label\image_5084.png,8.0521,1
image_3471.png,c:\Users\HP\OneDrive\Desktop\Flood_AI_Dataset\05_S1GFloods\A\image_3471.png,c:\Users\HP\OneDrive\Desktop\Flood_AI_Dataset\05_S1GFloods\B\image_3471.png,c:\Users\HP\OneDrive\Desktop\Flood_AI_Dataset\05_S1GFloods\Label\image_3471.png,13.1073,2
image_1536.png,c:\Users\HP\OneDrive\Desktop\Flood_AI_Dataset\05_S1GFloods\A\image_1536.png,c:\Users\HP\OneDrive\Desktop\Flood_AI_Dataset\05_S1GFloods\B\image_1536.png,c:\Users\HP\OneDrive\Desktop\Flood_AI_Dataset\05_S1GFloods\Label\image_1536.png,42.6971,2
image_1467.png,c:\Users\HP\OneDrive\Desktop\Flood_AI_Dataset\05_S1GFloods\A\image_1467.png,c:\Users\HP\OneDrive\Desktop\Flood_AI_Dataset\05_S1GFloods\B\image_1467.png,c:\Users\HP\OneDrive\Desktop\Flood_AI_Dataset\05_S1GFloods\Label\image_1467.png,12.6785,2
image_1199.png,c:\Users\HP\OneDrive\Desktop\Flood_AI_Dataset\05_S1GFloods\A\image_1199.png,c:\Users\HP\OneDrive\Desktop\Flood_AI_Dataset\05_S1GFloods\B\image_1199.png,c:\Users\HP\OneDrive\Desktop\Flood_AI_Dataset\05_S1GFloods\Label\image_1199.png,6.8756,1
image_1855.png,c:\Users\HP\OneDrive\Desktop\Flood_AI_Dataset\05_S1GFloods\A\image_1855.png,c:\Users\HP\OneDrive\Desktop\Flood_AI_Dataset\05_S1GFloods\B\image_1855.png,c:\Users\HP\OneDrive\Desktop\Flood_AI_Dataset\05_S1GFloods\Label\image_1855.png,20.195,2
image_1376.png,c:\Users\HP\OneDrive\Desktop\Flood_AI_Dataset\05_S1GFloods\A\image_1376.png,c:\Users\HP\OneDrive\Desktop\Flood_AI_Dataset\05_S1GFloods\B\image_1376.png,c:\Users\HP\OneDrive\Desktop\Flood_AI_Dataset\05_S1GFloods\Label\image_1376.png,60.9177,2
image_693.png,c:\Users\HP\OneDrive\Desktop\Flood_AI_Dataset\05_S1GFloods\A\image_693.png,c:\Users\HP\OneDrive\Desktop\Flood_AI_Dataset\05_S1GFloods\B\image_693.png,c:\Users\HP\OneDrive\Desktop\Flood_AI_Dataset\05_S1GFloods\Label\image_693.png,25.3616,2
image_2411.png,c:\Users\HP\OneDrive\Desktop\Flood_AI_Dataset\05_S1GFloods\A\image_2411.png,c:\Users\HP\OneDrive\Desktop\Flood_AI_Dataset\05_S1GFloods\B\image_2411.png,c:\Users\HP\OneDrive\Desktop\Flood_AI_Dataset\05_S1GFloods\Label\image_2411.png,7.1075,1
image_2662.png,c:\Users\HP\OneDrive\Desktop\Flood_AI_Dataset\05_S1GFloods\A\image_2662.png,c:\Users\HP\OneDrive\Desktop\Flood_AI_Dataset\05_S1GFloods\B\image_2662.png,c:\Users\HP\OneDrive\Desktop\Flood_AI_Dataset\05_S1GFloods\Label\image_2662.png,7.9758,1
image_1612.png,c:\Users\HP\OneDrive\Desktop\Flood_AI_Dataset\05_S1GFloods\A\image_1612.png,c:\Users\HP\OneDrive\Desktop\Flood_AI_Dataset\05_S1GFloods\B\image_1612.png,c:\Users\HP\OneDrive\Desktop\Flood_AI_Dataset\05_S1GFloods\Label\image_1612.png,24.3195,2
image_1959.png,c:\Users\HP\OneDrive\Desktop\Flood_AI_Dataset\05_S1GFloods\A\image_1959.png,c:\Users\HP\OneDrive\Desktop\Flood_AI_Dataset\05_S1GFloods\B\image_1959.png,c:\Users\HP\OneDrive\Desktop\Flood_AI_Dataset\05_S1GFloods\Label\image_1959.png,29.9484,2
image_4248.png,c:\Users\HP\OneDrive\Desktop\Flood_AI_Dataset\05_S1GFloods\A\image_4248.png,c:\Users\HP\OneDrive\Desktop\Flood_AI_Dataset\05_S1GFloods\B\image_4248.png,c:\Users\HP\OneDrive\Desktop\Flood_AI_Dataset\05_S1GFloods\Label\image_4248.png,15.5502,2
image_356.png,c:\Users\HP\OneDrive\Desktop\Flood_AI_Dataset\05_S1GFloods\A\image_356.png,c:\Users\HP\OneDrive\Desktop\Flood_AI_Dataset\05_S1GFloods\B\image_356.png,c:\Users\HP\OneDrive\Desktop\Flood_AI_Dataset\05_S1GFloods\Label\image_356.png,36.1176,2
image_4546.png,c:\Users\HP\OneDrive\Desktop\Flood_AI_Dataset\05_S1GFloods\A\image_4546.png,c:\Users\HP\OneDrive\Desktop\Flood_AI_Dataset\05_S1GFloods\B\image_4546.png,c:\Users\HP\OneDrive\Desktop\Flood_AI_Dataset\05_S1GFloods\Label\image_4546.png,19.3192,2
image_5218.png,c:\Users\HP\OneDrive\Desktop\Flood_AI_Dataset\05_S1GFloods\A\image_5218.png,c:\Users\HP\OneDrive\Desktop\Flood_AI_Dataset\05_S1GFloods\B\image_5218.png,c:\Users\HP\OneDrive\Desktop\Flood_AI_Dataset\05_S1GFloods\Label\image_5218.png,9.3338,1
image_187.png,c:\Users\HP\OneDrive\Desktop\Flood_AI_Dataset\05_S1GFloods\A\image_187.png,c:\Users\HP\OneDrive\Desktop\Flood_AI_Dataset\05_S1GFloods\B\image_187.png,c:\Users\HP\OneDrive\Desktop\Flood_AI_Dataset\05_S1GFloods\Label\image_187.png,5.22,1
image_323.png,c:\Users\HP\OneDrive\Desktop\Flood_AI_Dataset\05_S1GFloods\A\image_323.png,c:\Users\HP\OneDrive\Desktop\Flood_AI_Dataset\05_S1GFloods\B\image_323.png,c:\Users\HP\OneDrive\Desktop\Flood_AI_Dataset\05_S1GFloods\Label\image_323.png,13.1531,2
image_3290.png,c:\Users\HP\OneDrive\Desktop\Flood_AI_Dataset\05_S1GFloods\A\image_3290.png,c:\Users\HP\OneDrive\Desktop\Flood_AI_Dataset\05_S1GFloods\B\image_3290.png,c:\Users\HP\OneDrive\Desktop\Flood_AI_Dataset\05_S1GFloods\Label\image_3290.png,19.0506,2
image_4481.png,c:\Users\HP\OneDrive\Desktop\Flood_AI_Dataset\05_S1GFloods\A\image_4481.png,c:\Users\HP\OneDrive\Desktop\Flood_AI_Dataset\05_S1GFloods\B\image_4481.png,c:\Users\HP\OneDrive\Desktop\Flood_AI_Dataset\05_S1GFloods\Label\image_4481.png,32.1243,2
image_1213.png,c:\Users\HP\OneDrive\Desktop\Flood_AI_Dataset\05_S1GFloods\A\image_1213.png,c:\Users\HP\OneDrive\Desktop\Flood_AI_Dataset\05_S1GFloods\B\image_1213.png,c:\Users\HP\OneDrive\Desktop\Flood_AI_Dataset\05_S1GFloods\Label\image_1213.png,47.2961,2
image_27.png,c:\Users\HP\OneDrive\Desktop\Flood_AI_Dataset\05_S1GFloods\A\image_27.png,c:\Users\HP\OneDrive\Desktop\Flood_AI_Dataset\05_S1GFloods\B\image_27.png,c:\Users\HP\OneDrive\Desktop\Flood_AI_Dataset\05_S1GFloods\Label\image_27.png,47.0078,2
image_372.png,c:\Users\HP\OneDrive\Desktop\Flood_AI_Dataset\05_S1GFloods\A\image_372.png,c:\Users\HP\OneDrive\Desktop\Flood_AI_Dataset\05_S1GFloods\B\image_372.png,c:\Users\HP\OneDrive\Desktop\Flood_AI_Dataset\05_S1GFloods\Label\image_372.png,96.637,2
image_2946.png,c:\Users\HP\OneDrive\Desktop\Flood_AI_Dataset\05_S1GFloods\A\image_2946.png,c:\Users\HP\OneDrive\Desktop\Flood_AI_Dataset\05_S1GFloods\B\image_2946.png,c:\Users\HP\OneDrive\Desktop\Flood_AI_Dataset\05_S1GFloods\Label\image_2946.png,46.0495,2
image_3916.png,c:\Users\HP\OneDrive\Desktop\Flood_AI_Dataset\05_S1GFloods\A\image_3916.png,c:\Users\HP\OneDrive\Desktop\Flood_AI_Dataset\05_S1GFloods\B\image_3916.png,c:\Users\HP\OneDrive\Desktop\Flood_AI_Dataset\05_S1GFloods\Label\image_3916.png,18.8217,2
image_3988.png,c:\Users\HP\OneDrive\Desktop\Flood_AI_Dataset\05_S1GFloods\A\image_3988.png,c:\Users\HP\OneDrive\Desktop\Flood_AI_Dataset\05_S1GFloods\B\image_3988.png,c:\Users\HP\OneDrive\Desktop\Flood_AI_Dataset\05_S1GFloods\Label\image_3988.png,10.9299,2
image_1507.png,c:\Users\HP\OneDrive\Desktop\Flood_AI_Dataset\05_S1GFloods\A\image_1507.png,c:\Users\HP\OneDrive\Desktop\Flood_AI_Dataset\05_S1GFloods\B\image_1507.png,c:\Users\HP\OneDrive\Desktop\Flood_AI_Dataset\05_S1GFloods\Label\image_1507.png,5.2322,1
image_4063.png,c:\Users\HP\OneDrive\Desktop\Flood_AI_Dataset\05_S1GFloods\A\image_4063.png,c:\Users\HP\OneDrive\Desktop\Flood_AI_Dataset\05_S1GFloods\B\image_4063.png,c:\Users\HP\OneDrive\Desktop\Flood_AI_Dataset\05_S1GFloods\Label\image_4063.png,49.8657,2
image_4731.png,c:\Users\HP\OneDrive\Desktop\Flood_AI_Dataset\05_S1GFloods\A\image_4731.png,c:\Users\HP\OneDrive\Desktop\Flood_AI_Dataset\05_S1GFloods\B\image_4731.png,c:\Users\HP\OneDrive\Desktop\Flood_AI_Dataset\05_S1GFloods\Label\image_4731.png,7.3013,1
image_2159.png,c:\Users\HP\OneDrive\Desktop\Flood_AI_Dataset\05_S1GFloods\A\image_2159.png,c:\Users\HP\OneDrive\Desktop\Flood_AI_Dataset\05_S1GFloods\B\image_2159.png,c:\Users\HP\OneDrive\Desktop\Flood_AI_Dataset\05_S1GFloods\Label\image_2159.png,10.2386,2
image_1876.png,c:\Users\HP\OneDrive\Desktop\Flood_AI_Dataset\05_S1GFloods\A\image_1876.png,c:\Users\HP\OneDrive\Desktop\Flood_AI_Dataset\05_S1GFloods\B\image_1876.png,c:\Users\HP\OneDrive\Desktop\Flood_AI_Dataset\05_S1GFloods\Label\image_1876.png,12.2955,2
image_1802.png,c:\Users\HP\OneDrive\Desktop\Flood_AI_Dataset\05_S1GFloods\A\image_1802.png,c:\Users\HP\OneDrive\Desktop\Flood_AI_Dataset\05_S1GFloods\B\image_1802.png,c:\Users\HP\OneDrive\Desktop\Flood_AI_Dataset\05_S1GFloods\Label\image_1802.png,7.4173,1
image_3336.png,c:\Users\HP\OneDrive\Desktop\Flood_AI_Dataset\05_S1GFloods\A\image_3336.png,c:\Users\HP\OneDrive\Desktop\Flood_AI_Dataset\05_S1GFloods\B\image_3336.png,c:\Users\HP\OneDrive\Desktop\Flood_AI_Dataset\05_S1GFloods\Label\image_3336.png,5.4611,1
image_1731.png,c:\Users\HP\OneDrive\Desktop\Flood_AI_Dataset\05_S1GFloods\A\image_1731.png,c:\Users\HP\OneDrive\Desktop\Flood_AI_Dataset\05_S1GFloods\B\image_1731.png,c:\Users\HP\OneDrive\Desktop\Flood_AI_Dataset\05_S1GFloods\Label\image_1731.png,13.6383,2
image_3945.png,c:\Users\HP\OneDrive\Desktop\Flood_AI_Dataset\05_S1GFloods\A\image_3945.png,c:\Users\HP\OneDrive\Desktop\Flood_AI_Dataset\05_S1GFloods\B\image_3945.png,c:\Users\HP\OneDrive\Desktop\Flood_AI_Dataset\05_S1GFloods\Label\image_3945.png,14.4699,2
image_1849.png,c:\Users\HP\OneDrive\Desktop\Flood_AI_Dataset\05_S1GFloods\A\image_1849.png,c:\Users\HP\OneDrive\Desktop\Flood_AI_Dataset\05_S1GFloods\B\image_1849.png,c:\Users\HP\OneDrive\Desktop\Flood_AI_Dataset\05_S1GFloods\Label\image_1849.png,9.2331,1
image_3354.png,c:\Users\HP\OneDrive\Desktop\Flood_AI_Dataset\05_S1GFloods\A\image_3354.png,c:\Users\HP\OneDrive\Desktop\Flood_AI_Dataset\05_S1GFloods\B\image_3354.png,c:\Users\HP\OneDrive\Desktop\Flood_AI_Dataset\05_S1GFloods\Label\image_3354.png,16.3361,2
image_1535.png,c:\Users\HP\OneDrive\Desktop\Flood_AI_Dataset\05_S1GFloods\A\image_1535.png,c:\Users\HP\OneDrive\Desktop\Flood_AI_Dataset\05_S1GFloods\B\image_1535.png,c:\Users\HP\OneDrive\Desktop\Flood_AI_Dataset\05_S1GFloods\Label\image_1535.png,57.251,2
image_4154.png,c:\Users\HP\OneDrive\Desktop\Flood_AI_Dataset\05_S1GFloods\A\image_4154.png,c:\Users\HP\OneDrive\Desktop\Flood_AI_Dataset\05_S1GFloods\B\image_4154.png,c:\Users\HP\OneDrive\Desktop\Flood_AI_Dataset\05_S1GFloods\Label\image_4154.png,54.8203,2
image_2430.png,c:\Users\HP\OneDrive\Desktop\Flood_AI_Dataset\05_S1GFloods\A\image_2430.png,c:\Users\HP\OneDrive\Desktop\Flood_AI_Dataset\05_S1GFloods\B\image_2430.png,c:\Users\HP\OneDrive\Desktop\Flood_AI_Dataset\05_S1GFloods\Label\image_2430.png,5.7007,1
image_553.png,c:\Users\HP\OneDrive\Desktop\Flood_AI_Dataset\05_S1GFloods\A\image_553.png,c:\Users\HP\OneDrive\Desktop\Flood_AI_Dataset\05_S1GFloods\B\image_553.png,c:\Users\HP\OneDrive\Desktop\Flood_AI_Dataset\05_S1GFloods\Label\image_553.png,15.5426,2
image_229.png,c:\Users\HP\OneDrive\Desktop\Flood_AI_Dataset\05_S1GFloods\A\image_229.png,c:\Users\HP\OneDrive\Desktop\Flood_AI_Dataset\05_S1GFloods\B\image_229.png,c:\Users\HP\OneDrive\Desktop\Flood_AI_Dataset\05_S1GFloods\Label\image_229.png,64.9384,2
image_4829.png,c:\Users\HP\OneDrive\Desktop\Flood_AI_Dataset\05_S1GFloods\A\image_4829.png,c:\Users\HP\OneDrive\Desktop\Flood_AI_Dataset\05_S1GFloods\B\image_4829.png,c:\Users\HP\OneDrive\Desktop\Flood_AI_Dataset\05_S1GFloods\Label\image_4829.png,27.1835,2
image_2448.png,c:\Users\HP\OneDrive\Desktop\Flood_AI_Dataset\05_S1GFloods\A\image_2448.png,c:\Users\HP\OneDrive\Desktop\Flood_AI_Dataset\05_S1GFloods\B\image_2448.png,c:\Users\HP\OneDrive\Desktop\Flood_AI_Dataset\05_S1GFloods\Label\image_2448.png,11.0977,2
image_790.png,c:\Users\HP\OneDrive\Desktop\Flood_AI_Dataset\05_S1GFloods\A\image_790.png,c:\Users\HP\OneDrive\Desktop\Flood_AI_Dataset\05_S1GFloods\B\image_790.png,c:\Users\HP\OneDrive\Desktop\Flood_AI_Dataset\05_S1GFloods\Label\image_790.png,62.7701,2
image_2708.png,c:\Users\HP\OneDrive\Desktop\Flood_AI_Dataset\05_S1GFloods\A\image_2708.png,c:\Users\HP\OneDrive\Desktop\Flood_AI_Dataset\05_S1GFloods\B\image_2708.png,c:\Users\HP\OneDrive\Desktop\Flood_AI_Dataset\05_S1GFloods\Label\image_2708.png,75.1282,2
image_2401.png,c:\Users\HP\OneDrive\Desktop\Flood_AI_Dataset\05_S1GFloods\A\image_2401.png,c:\Users\HP\OneDrive\Desktop\Flood_AI_Dataset\05_S1GFloods\B\image_2401.png,c:\Users\HP\OneDrive\Desktop\Flood_AI_Dataset\05_S1GFloods\Label\image_2401.png,15.2008,2
image_1522.png,c:\Users\HP\OneDrive\Desktop\Flood_AI_Dataset\05_S1GFloods\A\image_1522.png,c:\Users\HP\OneDrive\Desktop\Flood_AI_Dataset\05_S1GFloods\B\image_1522.png,c:\Users\HP\OneDrive\Desktop\Flood_AI_Dataset\05_S1GFloods\Label\image_1522.png,68.8232,2
image_1411.png,c:\Users\HP\OneDrive\Desktop\Flood_AI_Dataset\05_S1GFloods\A\image_1411.png,c:\Users\HP\OneDrive\Desktop\Flood_AI_Dataset\05_S1GFloods\B\image_1411.png,c:\Users\HP\OneDrive\Desktop\Flood_AI_Dataset\05_S1GFloods\Label\image_1411.png,11.8454,2
image_1890.png,c:\Users\HP\OneDrive\Desktop\Flood_AI_Dataset\05_S1GFloods\A\image_1890.png,c:\Users\HP\OneDrive\Desktop\Flood_AI_Dataset\05_S1GFloods\B\image_1890.png,c:\Users\HP\OneDrive\Desktop\Flood_AI_Dataset\05_S1GFloods\Label\image_1890.png,6.218,1
image_3831.png,c:\Users\HP\OneDrive\Desktop\Flood_AI_Dataset\05_S1GFloods\A\image_3831.png,c:\Users\HP\OneDrive\Desktop\Flood_AI_Dataset\05_S1GFloods\B\image_3831.png,c:\Users\HP\OneDrive\Desktop\Flood_AI_Dataset\05_S1GFloods\Label\image_3831.png,66.0538,2
image_3810.png,c:\Users\HP\OneDrive\Desktop\Flood_AI_Dataset\05_S1GFloods\A\image_3810.png,c:\Users\HP\OneDrive\Desktop\Flood_AI_Dataset\05_S1GFloods\B\image_3810.png,c:\Users\HP\OneDrive\Desktop\Flood_AI_Dataset\05_S1GFloods\Label\image_3810.png,73.7411,2
image_3253.png,c:\Users\HP\OneDrive\Desktop\Flood_AI_Dataset\05_S1GFloods\A\image_3253.png,c:\Users\HP\OneDrive\Desktop\Flood_AI_Dataset\05_S1GFloods\B\image_3253.png,c:\Users\HP\OneDrive\Desktop\Flood_AI_Dataset\05_S1GFloods\Label\image_3253.png,7.3288,1
image_1754.png,c:\Users\HP\OneDrive\Desktop\Flood_AI_Dataset\05_S1GFloods\A\image_1754.png,c:\Users\HP\OneDrive\Desktop\Flood_AI_Dataset\05_S1GFloods\B\image_1754.png,c:\Users\HP\OneDrive\Desktop\Flood_AI_Dataset\05_S1GFloods\Label\image_1754.png,6.4865,1
image_479.png,c:\Users\HP\OneDrive\Desktop\Flood_AI_Dataset\05_S1GFloods\A\image_479.png,c:\Users\HP\OneDrive\Desktop\Flood_AI_Dataset\05_S1GFloods\B\image_479.png,c:\Users\HP\OneDrive\Desktop\Flood_AI_Dataset\05_S1GFloods\Label\image_479.png,25.7751,2
image_2917.png,c:\Users\HP\OneDrive\Desktop\Flood_AI_Dataset\05_S1GFloods\A\image_2917.png,c:\Users\HP\OneDrive\Desktop\Flood_AI_Dataset\05_S1GFloods\B\image_2917.png,c:\Users\HP\OneDrive\Desktop\Flood_AI_Dataset\05_S1GFloods\Label\image_2917.png,62.7975,2
image_4846.png,c:\Users\HP\OneDrive\Desktop\Flood_AI_Dataset\05_S1GFloods\A\image_4846.png,c:\Users\HP\OneDrive\Desktop\Flood_AI_Dataset\05_S1GFloods\B\image_4846.png,c:\Users\HP\OneDrive\Desktop\Flood_AI_Dataset\05_S1GFloods\Label\image_4846.png,24.0753,2
image_2877.png,c:\Users\HP\OneDrive\Desktop\Flood_AI_Dataset\05_S1GFloods\A\image_2877.png,c:\Users\HP\OneDrive\Desktop\Flood_AI_Dataset\05_S1GFloods\B\image_2877.png,c:\Users\HP\OneDrive\Desktop\Flood_AI_Dataset\05_S1GFloods\Label\image_2877.png,79.8737,2
image_1764.png,c:\Users\HP\OneDrive\Desktop\Flood_AI_Dataset\05_S1GFloods\A\image_1764.png,c:\Users\HP\OneDrive\Desktop\Flood_AI_Dataset\05_S1GFloods\B\image_1764.png,c:\Users\HP\OneDrive\Desktop\Flood_AI_Dataset\05_S1GFloods\Label\image_1764.png,5.4199,1
image_3949.png,c:\Users\HP\OneDrive\Desktop\Flood_AI_Dataset\05_S1GFloods\A\image_3949.png,c:\Users\HP\OneDrive\Desktop\Flood_AI_Dataset\05_S1GFloods\B\image_3949.png,c:\Users\HP\OneDrive\Desktop\Flood_AI_Dataset\05_S1GFloods\Label\image_3949.png,30.8029,2
image_1218.png,c:\Users\HP\OneDrive\Desktop\Flood_AI_Dataset\05_S1GFloods\A\image_1218.png,c:\Users\HP\OneDrive\Desktop\Flood_AI_Dataset\05_S1GFloods\B\image_1218.png,c:\Users\HP\OneDrive\Desktop\Flood_AI_Dataset\05_S1GFloods\Label\image_1218.png,14.2975,2
image_3514.png,c:\Users\HP\OneDrive\Desktop\Flood_AI_Dataset\05_S1GFloods\A\image_3514.png,c:\Users\HP\OneDrive\Desktop\Flood_AI_Dataset\05_S1GFloods\B\image_3514.png,c:\Users\HP\OneDrive\Desktop\Flood_AI_Dataset\05_S1GFloods\Label\image_3514.png,5.9341,1
image_650.png,c:\Users\HP\OneDrive\Desktop\Flood_AI_Dataset\05_S1GFloods\A\image_650.png,c:\Users\HP\OneDrive\Desktop\Flood_AI_Dataset\05_S1GFloods\B\image_650.png,c:\Users\HP\OneDrive\Desktop\Flood_AI_Dataset\05_S1GFloods\Label\image_650.png,9.8206,1
image_2276.png,c:\Users\HP\OneDrive\Desktop\Flood_AI_Dataset\05_S1GFloods\A\image_2276.png,c:\Users\HP\OneDrive\Desktop\Flood_AI_Dataset\05_S1GFloods\B\image_2276.png,c:\Users\HP\OneDrive\Desktop\Flood_AI_Dataset\05_S1GFloods\Label\image_2276.png,38.1622,2
image_3677.png,c:\Users\HP\OneDrive\Desktop\Flood_AI_Dataset\05_S1GFloods\A\image_3677.png,c:\Users\HP\OneDrive\Desktop\Flood_AI_Dataset\05_S1GFloods\B\image_3677.png,c:\Users\HP\OneDrive\Desktop\Flood_AI_Dataset\05_S1GFloods\Label\image_3677.png,5.6305,1
image_2075.png,c:\Users\HP\OneDrive\Desktop\Flood_AI_Dataset\05_S1GFloods\A\image_2075.png,c:\Users\HP\OneDrive\Desktop\Flood_AI_Dataset\05_S1GFloods\B\image_2075.png,c:\Users\HP\OneDrive\Desktop\Flood_AI_Dataset\05_S1GFloods\Label\image_2075.png,13.8092,2
image_1747.png,c:\Users\HP\OneDrive\Desktop\Flood_AI_Dataset\05_S1GFloods\A\image_1747.png,c:\Users\HP\OneDrive\Desktop\Flood_AI_Dataset\05_S1GFloods\B\image_1747.png,c:\Users\HP\OneDrive\Desktop\Flood_AI_Dataset\05_S1GFloods\Label\image_1747.png,5.2856,1
image_4262.png,c:\Users\HP\OneDrive\Desktop\Flood_AI_Dataset\05_S1GFloods\A\image_4262.png,c:\Users\HP\OneDrive\Desktop\Flood_AI_Dataset\05_S1GFloods\B\image_4262.png,c:\Users\HP\OneDrive\Desktop\Flood_AI_Dataset\05_S1GFloods\Label\image_4262.png,6.5231,1
image_5036.png,c:\Users\HP\OneDrive\Desktop\Flood_AI_Dataset\05_S1GFloods\A\image_5036.png,c:\Users\HP\OneDrive\Desktop\Flood_AI_Dataset\05_S1GFloods\B\image_5036.png,c:\Users\HP\OneDrive\Desktop\Flood_AI_Dataset\05_S1GFloods\Label\image_5036.png,49.0051,2
image_2889.png,c:\Users\HP\OneDrive\Desktop\Flood_AI_Dataset\05_S1GFloods\A\image_2889.png,c:\Users\HP\OneDrive\Desktop\Flood_AI_Dataset\05_S1GFloods\B\image_2889.png,c:\Users\HP\OneDrive\Desktop\Flood_AI_Dataset\05_S1GFloods\Label\image_2889.png,8.3694,1
image_4718.png,c:\Users\HP\OneDrive\Desktop\Flood_AI_Dataset\05_S1GFloods\A\image_4718.png,c:\Users\HP\OneDrive\Desktop\Flood_AI_Dataset\05_S1GFloods\B\image_4718.png,c:\Users\HP\OneDrive\Desktop\Flood_AI_Dataset\05_S1GFloods\Label\image_4718.png,5.3528,1
image_2120.png,c:\Users\HP\OneDrive\Desktop\Flood_AI_Dataset\05_S1GFloods\A\image_2120.png,c:\Users\HP\OneDrive\Desktop\Flood_AI_Dataset\05_S1GFloods\B\image_2120.png,c:\Users\HP\OneDrive\Desktop\Flood_AI_Dataset\05_S1GFloods\Label\image_2120.png,6.1584,1
image_5323.png,c:\Users\HP\OneDrive\Desktop\Flood_AI_Dataset\05_S1GFloods\A\image_5323.png,c:\Users\HP\OneDrive\Desktop\Flood_AI_Dataset\05_S1GFloods\B\image_5323.png,c:\Users\HP\OneDrive\Desktop\Flood_AI_Dataset\05_S1GFloods\Label\image_5323.png,15.3702,2
image_2978.png,c:\Users\HP\OneDrive\Desktop\Flood_AI_Dataset\05_S1GFloods\A\image_2978.png,c:\Users\HP\OneDrive\Desktop\Flood_AI_Dataset\05_S1GFloods\B\image_2978.png,c:\Users\HP\OneDrive\Desktop\Flood_AI_Dataset\05_S1GFloods\Label\image_2978.png,72.139,2
image_2349.png,c:\Users\HP\OneDrive\Desktop\Flood_AI_Dataset\05_S1GFloods\A\image_2349.png,c:\Users\HP\OneDrive\Desktop\Flood_AI_Dataset\05_S1GFloods\B\image_2349.png,c:\Users\HP\OneDrive\Desktop\Flood_AI_Dataset\05_S1GFloods\Label\image_2349.png,9.8251,1
image_1377.png,c:\Users\HP\OneDrive\Desktop\Flood_AI_Dataset\05_S1GFloods\A\image_1377.png,c:\Users\HP\OneDrive\Desktop\Flood_AI_Dataset\05_S1GFloods\B\image_1377.png,c:\Users\HP\OneDrive\Desktop\Flood_AI_Dataset\05_S1GFloods\Label\image_1377.png,5.7312,1
image_2007.png,c:\Users\HP\OneDrive\Desktop\Flood_AI_Dataset\05_S1GFloods\A\image_2007.png,c:\Users\HP\OneDrive\Desktop\Flood_AI_Dataset\05_S1GFloods\B\image_2007.png,c:\Users\HP\OneDrive\Desktop\Flood_AI_Dataset\05_S1GFloods\Label\image_2007.png,8.67,1
image_1919.png,c:\Users\HP\OneDrive\Desktop\Flood_AI_Dataset\05_S1GFloods\A\image_1919.png,c:\Users\HP\OneDrive\Desktop\Flood_AI_Dataset\05_S1GFloods\B\image_1919.png,c:\Users\HP\OneDrive\Desktop\Flood_AI_Dataset\05_S1GFloods\Label\image_1919.png,8.4808,1
image_4974.png,c:\Users\HP\OneDrive\Desktop\Flood_AI_Dataset\05_S1GFloods\A\image_4974.png,c:\Users\HP\OneDrive\Desktop\Flood_AI_Dataset\05_S1GFloods\B\image_4974.png,c:\Users\HP\OneDrive\Desktop\Flood_AI_Dataset\05_S1GFloods\Label\image_4974.png,15.4022,2
image_5263.png,c:\Users\HP\OneDrive\Desktop\Flood_AI_Dataset\05_S1GFloods\A\image_5263.png,c:\Users\HP\OneDrive\Desktop\Flood_AI_Dataset\05_S1GFloods\B\image_5263.png,c:\Users\HP\OneDrive\Desktop\Flood_AI_Dataset\05_S1GFloods\Label\image_5263.png,44.046,2
image_3019.png,c:\Users\HP\OneDrive\Desktop\Flood_AI_Dataset\05_S1GFloods\A\image_3019.png,c:\Users\HP\OneDrive\Desktop\Flood_AI_Dataset\05_S1GFloods\B\image_3019.png,c:\Users\HP\OneDrive\Desktop\Flood_AI_Dataset\05_S1GFloods\Label\image_3019.png,25.6439,2
image_1239.png,c:\Users\HP\OneDrive\Desktop\Flood_AI_Dataset\05_S1GFloods\A\image_1239.png,c:\Users\HP\OneDrive\Desktop\Flood_AI_Dataset\05_S1GFloods\B\image_1239.png,c:\Users\HP\OneDrive\Desktop\Flood_AI_Dataset\05_S1GFloods\Label\image_1239.png,5.9235,1
image_3421.png,c:\Users\HP\OneDrive\Desktop\Flood_AI_Dataset\05_S1GFloods\A\image_3421.png,c:\Users\HP\OneDrive\Desktop\Flood_AI_Dataset\05_S1GFloods\B\image_3421.png,c:\Users\HP\OneDrive\Desktop\Flood_AI_Dataset\05_S1GFloods\Label\image_3421.png,29.9835,2
image_1319.png,c:\Users\HP\OneDrive\Desktop\Flood_AI_Dataset\05_S1GFloods\A\image_1319.png,c:\Users\HP\OneDrive\Desktop\Flood_AI_Dataset\05_S1GFloods\B\image_1319.png,c:\Users\HP\OneDrive\Desktop\Flood_AI_Dataset\05_S1GFloods\Label\image_1319.png,7.2372,1
image_532.png,c:\Users\HP\OneDrive\Desktop\Flood_AI_Dataset\05_S1GFloods\A\image_532.png,c:\Users\HP\OneDrive\Desktop\Flood_AI_Dataset\05_S1GFloods\B\image_532.png,c:\Users\HP\OneDrive\Desktop\Flood_AI_Dataset\05_S1GFloods\Label\image_532.png,5.04,1
image_3007.png,c:\Users\HP\OneDrive\Desktop\Flood_AI_Dataset\05_S1GFloods\A\image_3007.png,c:\Users\HP\OneDrive\Desktop\Flood_AI_Dataset\05_S1GFloods\B\image_3007.png,c:\Users\HP\OneDrive\Desktop\Flood_AI_Dataset\05_S1GFloods\Label\image_3007.png,15.9073,2
image_4283.png,c:\Users\HP\OneDrive\Desktop\Flood_AI_Dataset\05_S1GFloods\A\image_4283.png,c:\Users\HP\OneDrive\Desktop\Flood_AI_Dataset\05_S1GFloods\B\image_4283.png,c:\Users\HP\OneDrive\Desktop\Flood_AI_Dataset\05_S1GFloods\Label\image_4283.png,96.5576,2
image_1421.png,c:\Users\HP\OneDrive\Desktop\Flood_AI_Dataset\05_S1GFloods\A\image_1421.png,c:\Users\HP\OneDrive\Desktop\Flood_AI_Dataset\05_S1GFloods\B\image_1421.png,c:\Users\HP\OneDrive\Desktop\Flood_AI_Dataset\05_S1GFloods\Label\image_1421.png,7.3715,1
image_404.png,c:\Users\HP\OneDrive\Desktop\Flood_AI_Dataset\05_S1GFloods\A\image_404.png,c:\Users\HP\OneDrive\Desktop\Flood_AI_Dataset\05_S1GFloods\B\image_404.png,c:\Users\HP\OneDrive\Desktop\Flood_AI_Dataset\05_S1GFloods\Label\image_404.png,21.9254,2
image_86.png,c:\Users\HP\OneDrive\Desktop\Flood_AI_Dataset\05_S1GFloods\A\image_86.png,c:\Users\HP\OneDrive\Desktop\Flood_AI_Dataset\05_S1GFloods\B\image_86.png,c:\Users\HP\OneDrive\Desktop\Flood_AI_Dataset\05_S1GFloods\Label\image_86.png,44.6747,2
image_4115.png,c:\Users\HP\OneDrive\Desktop\Flood_AI_Dataset\05_S1GFloods\A\image_4115.png,c:\Users\HP\OneDrive\Desktop\Flood_AI_Dataset\05_S1GFloods\B\image_4115.png,c:\Users\HP\OneDrive\Desktop\Flood_AI_Dataset\05_S1GFloods\Label\image_4115.png,14.4409,2
image_4883.png,c:\Users\HP\OneDrive\Desktop\Flood_AI_Dataset\05_S1GFloods\A\image_4883.png,c:\Users\HP\OneDrive\Desktop\Flood_AI_Dataset\05_S1GFloods\B\image_4883.png,c:\Users\HP\OneDrive\Desktop\Flood_AI_Dataset\05_S1GFloods\Label\image_4883.png,28.5095,2
image_1404.png,c:\Users\HP\OneDrive\Desktop\Flood_AI_Dataset\05_S1GFloods\A\image_1404.png,c:\Users\HP\OneDrive\Desktop\Flood_AI_Dataset\05_S1GFloods\B\image_1404.png,c:\Users\HP\OneDrive\Desktop\Flood_AI_Dataset\05_S1GFloods\Label\image_1404.png,53.9963,2
image_3176.png,c:\Users\HP\OneDrive\Desktop\Flood_AI_Dataset\05_S1GFloods\A\image_3176.png,c:\Users\HP\OneDrive\Desktop\Flood_AI_Dataset\05_S1GFloods\B\image_3176.png,c:\Users\HP\OneDrive\Desktop\Flood_AI_Dataset\05_S1GFloods\Label\image_3176.png,23.6725,2
image_5094.png,c:\Users\HP\OneDrive\Desktop\Flood_AI_Dataset\05_S1GFloods\A\image_5094.png,c:\Users\HP\OneDrive\Desktop\Flood_AI_Dataset\05_S1GFloods\B\image_5094.png,c:\Users\HP\OneDrive\Desktop\Flood_AI_Dataset\05_S1GFloods\Label\image_5094.png,16.8579,2
image_91.png,c:\Users\HP\OneDrive\Desktop\Flood_AI_Dataset\05_S1GFloods\A\image_91.png,c:\Users\HP\OneDrive\Desktop\Flood_AI_Dataset\05_S1GFloods\B\image_91.png,c:\Users\HP\OneDrive\Desktop\Flood_AI_Dataset\05_S1GFloods\Label\image_91.png,99.8596,2
image_1010.png,c:\Users\HP\OneDrive\Desktop\Flood_AI_Dataset\05_S1GFloods\A\image_1010.png,c:\Users\HP\OneDrive\Desktop\Flood_AI_Dataset\05_S1GFloods\B\image_1010.png,c:\Users\HP\OneDrive\Desktop\Flood_AI_Dataset\05_S1GFloods\Label\image_1010.png,77.8473,2
image_1918.png,c:\Users\HP\OneDrive\Desktop\Flood_AI_Dataset\05_S1GFloods\A\image_1918.png,c:\Users\HP\OneDrive\Desktop\Flood_AI_Dataset\05_S1GFloods\B\image_1918.png,c:\Users\HP\OneDrive\Desktop\Flood_AI_Dataset\05_S1GFloods\Label\image_1918.png,8.9722,1
image_4458.png,c:\Users\HP\OneDrive\Desktop\Flood_AI_Dataset\05_S1GFloods\A\image_4458.png,c:\Users\HP\OneDrive\Desktop\Flood_AI_Dataset\05_S1GFloods\B\image_4458.png,c:\Users\HP\OneDrive\Desktop\Flood_AI_Dataset\05_S1GFloods\Label\image_4458.png,70.3995,2
image_1987.png,c:\Users\HP\OneDrive\Desktop\Flood_AI_Dataset\05_S1GFloods\A\image_1987.png,c:\Users\HP\OneDrive\Desktop\Flood_AI_Dataset\05_S1GFloods\B\image_1987.png,c:\Users\HP\OneDrive\Desktop\Flood_AI_Dataset\05_S1GFloods\Label\image_1987.png,27.861,2
image_2922.png,c:\Users\HP\OneDrive\Desktop\Flood_AI_Dataset\05_S1GFloods\A\image_2922.png,c:\Users\HP\OneDrive\Desktop\Flood_AI_Dataset\05_S1GFloods\B\image_2922.png,c:\Users\HP\OneDrive\Desktop\Flood_AI_Dataset\05_S1GFloods\Label\image_2922.png,32.1396,2
image_4093.png,c:\Users\HP\OneDrive\Desktop\Flood_AI_Dataset\05_S1GFloods\A\image_4093.png,c:\Users\HP\OneDrive\Desktop\Flood_AI_Dataset\05_S1GFloods\B\image_4093.png,c:\Users\HP\OneDrive\Desktop\Flood_AI_Dataset\05_S1GFloods\Label\image_4093.png,56.601,2
image_4361.png,c:\Users\HP\OneDrive\Desktop\Flood_AI_Dataset\05_S1GFloods\A\image_4361.png,c:\Users\HP\OneDrive\Desktop\Flood_AI_Dataset\05_S1GFloods\B\image_4361.png,c:\Users\HP\OneDrive\Desktop\Flood_AI_Dataset\05_S1GFloods\Label\image_4361.png,32.6874,2
image_849.png,c:\Users\HP\OneDrive\Desktop\Flood_AI_Dataset\05_S1GFloods\A\image_849.png,c:\Users\HP\OneDrive\Desktop\Flood_AI_Dataset\05_S1GFloods\B\image_849.png,c:\Users\HP\OneDrive\Desktop\Flood_AI_Dataset\05_S1GFloods\Label\image_849.png,49.7498,2
image_122.png,c:\Users\HP\OneDrive\Desktop\Flood_AI_Dataset\05_S1GFloods\A\image_122.png,c:\Users\HP\OneDrive\Desktop\Flood_AI_Dataset\05_S1GFloods\B\image_122.png,c:\Users\HP\OneDrive\Desktop\Flood_AI_Dataset\05_S1GFloods\Label\image_122.png,12.2223,2
image_4480.png,c:\Users\HP\OneDrive\Desktop\Flood_AI_Dataset\05_S1GFloods\A\image_4480.png,c:\Users\HP\OneDrive\Desktop\Flood_AI_Dataset\05_S1GFloods\B\image_4480.png,c:\Users\HP\OneDrive\Desktop\Flood_AI_Dataset\05_S1GFloods\Label\image_4480.png,27.1286,2
image_1351.png,c:\Users\HP\OneDrive\Desktop\Flood_AI_Dataset\05_S1GFloods\A\image_1351.png,c:\Users\HP\OneDrive\Desktop\Flood_AI_Dataset\05_S1GFloods\B\image_1351.png,c:\Users\HP\OneDrive\Desktop\Flood_AI_Dataset\05_S1GFloods\Label\image_1351.png,30.1834,2
image_2451.png,c:\Users\HP\OneDrive\Desktop\Flood_AI_Dataset\05_S1GFloods\A\image_2451.png,c:\Users\HP\OneDrive\Desktop\Flood_AI_Dataset\05_S1GFloods\B\image_2451.png,c:\Users\HP\OneDrive\Desktop\Flood_AI_Dataset\05_S1GFloods\Label\image_2451.png,5.6335,1
image_4348.png,c:\Users\HP\OneDrive\Desktop\Flood_AI_Dataset\05_S1GFloods\A\image_4348.png,c:\Users\HP\OneDrive\Desktop\Flood_AI_Dataset\05_S1GFloods\B\image_4348.png,c:\Users\HP\OneDrive\Desktop\Flood_AI_Dataset\05_S1GFloods\Label\image_4348.png,58.3771,2
image_582.png,c:\Users\HP\OneDrive\Desktop\Flood_AI_Dataset\05_S1GFloods\A\image_582.png,c:\Users\HP\OneDrive\Desktop\Flood_AI_Dataset\05_S1GFloods\B\image_582.png,c:\Users\HP\OneDrive\Desktop\Flood_AI_Dataset\05_S1GFloods\Label\image_582.png,83.9493,2
image_3750.png,c:\Users\HP\OneDrive\Desktop\Flood_AI_Dataset\05_S1GFloods\A\image_3750.png,c:\Users\HP\OneDrive\Desktop\Flood_AI_Dataset\05_S1GFloods\B\image_3750.png,c:\Users\HP\OneDrive\Desktop\Flood_AI_Dataset\05_S1GFloods\Label\image_3750.png,5.722,1
image_1839.png,c:\Users\HP\OneDrive\Desktop\Flood_AI_Dataset\05_S1GFloods\A\image_1839.png,c:\Users\HP\OneDrive\Desktop\Flood_AI_Dataset\05_S1GFloods\B\image_1839.png,c:\Users\HP\OneDrive\Desktop\Flood_AI_Dataset\05_S1GFloods\Label\image_1839.png,10.6659,2
image_2434.png,c:\Users\HP\OneDrive\Desktop\Flood_AI_Dataset\05_S1GFloods\A\image_2434.png,c:\Users\HP\OneDrive\Desktop\Flood_AI_Dataset\05_S1GFloods\B\image_2434.png,c:\Users\HP\OneDrive\Desktop\Flood_AI_Dataset\05_S1GFloods\Label\image_2434.png,6.1432,1
image_4554.png,c:\Users\HP\OneDrive\Desktop\Flood_AI_Dataset\05_S1GFloods\A\image_4554.png,c:\Users\HP\OneDrive\Desktop\Flood_AI_Dataset\05_S1GFloods\B\image_4554.png,c:\Users\HP\OneDrive\Desktop\Flood_AI_Dataset\05_S1GFloods\Label\image_4554.png,12.6709,2
image_1936.png,c:\Users\HP\OneDrive\Desktop\Flood_AI_Dataset\05_S1GFloods\A\image_1936.png,c:\Users\HP\OneDrive\Desktop\Flood_AI_Dataset\05_S1GFloods\B\image_1936.png,c:\Users\HP\OneDrive\Desktop\Flood_AI_Dataset\05_S1GFloods\Label\image_1936.png,5.8273,1
image_4000.png,c:\Users\HP\OneDrive\Desktop\Flood_AI_Dataset\05_S1GFloods\A\image_4000.png,c:\Users\HP\OneDrive\Desktop\Flood_AI_Dataset\05_S1GFloods\B\image_4000.png,c:\Users\HP\OneDrive\Desktop\Flood_AI_Dataset\05_S1GFloods\Label\image_4000.png,6.8466,1
image_815.png,c:\Users\HP\OneDrive\Desktop\Flood_AI_Dataset\05_S1GFloods\A\image_815.png,c:\Users\HP\OneDrive\Desktop\Flood_AI_Dataset\05_S1GFloods\B\image_815.png,c:\Users\HP\OneDrive\Desktop\Flood_AI_Dataset\05_S1GFloods\Label\image_815.png,25.3036,2
image_4200.png,c:\Users\HP\OneDrive\Desktop\Flood_AI_Dataset\05_S1GFloods\A\image_4200.png,c:\Users\HP\OneDrive\Desktop\Flood_AI_Dataset\05_S1GFloods\B\image_4200.png,c:\Users\HP\OneDrive\Desktop\Flood_AI_Dataset\05_S1GFloods\Label\image_4200.png,10.8032,2
image_5061.png,c:\Users\HP\OneDrive\Desktop\Flood_AI_Dataset\05_S1GFloods\A\image_5061.png,c:\Users\HP\OneDrive\Desktop\Flood_AI_Dataset\05_S1GFloods\B\image_5061.png,c:\Users\HP\OneDrive\Desktop\Flood_AI_Dataset\05_S1GFloods\Label\image_5061.png,27.5208,2
image_1881.png,c:\Users\HP\OneDrive\Desktop\Flood_AI_Dataset\05_S1GFloods\A\image_1881.png,c:\Users\HP\OneDrive\Desktop\Flood_AI_Dataset\05_S1GFloods\B\image_1881.png,c:\Users\HP\OneDrive\Desktop\Flood_AI_Dataset\05_S1GFloods\Label\image_1881.png,8.5297,1
image_1029.png,c:\Users\HP\OneDrive\Desktop\Flood_AI_Dataset\05_S1GFloods\A\image_1029.png,c:\Users\HP\OneDrive\Desktop\Flood_AI_Dataset\05_S1GFloods\B\image_1029.png,c:\Users\HP\OneDrive\Desktop\Flood_AI_Dataset\05_S1GFloods\Label\image_1029.png,57.6477,2
image_5219.png,c:\Users\HP\OneDrive\Desktop\Flood_AI_Dataset\05_S1GFloods\A\image_5219.png,c:\Users\HP\OneDrive\Desktop\Flood_AI_Dataset\05_S1GFloods\B\image_5219.png,c:\Users\HP\OneDrive\Desktop\Flood_AI_Dataset\05_S1GFloods\Label\image_5219.png,28.0701,2
image_5007.png,c:\Users\HP\OneDrive\Desktop\Flood_AI_Dataset\05_S1GFloods\A\image_5007.png,c:\Users\HP\OneDrive\Desktop\Flood_AI_Dataset\05_S1GFloods\B\image_5007.png,c:\Users\HP\OneDrive\Desktop\Flood_AI_Dataset\05_S1GFloods\Label\image_5007.png,11.2289,2
image_505.png,c:\Users\HP\OneDrive\Desktop\Flood_AI_Dataset\05_S1GFloods\A\image_505.png,c:\Users\HP\OneDrive\Desktop\Flood_AI_Dataset\05_S1GFloods\B\image_505.png,c:\Users\HP\OneDrive\Desktop\Flood_AI_Dataset\05_S1GFloods\Label\image_505.png,28.6957,2
image_4903.png,c:\Users\HP\OneDrive\Desktop\Flood_AI_Dataset\05_S1GFloods\A\image_4903.png,c:\Users\HP\OneDrive\Desktop\Flood_AI_Dataset\05_S1GFloods\B\image_4903.png,c:\Users\HP\OneDrive\Desktop\Flood_AI_Dataset\05_S1GFloods\Label\image_4903.png,55.0919,2
image_2118.png,c:\Users\HP\OneDrive\Desktop\Flood_AI_Dataset\05_S1GFloods\A\image_2118.png,c:\Users\HP\OneDrive\Desktop\Flood_AI_Dataset\05_S1GFloods\B\image_2118.png,c:\Users\HP\OneDrive\Desktop\Flood_AI_Dataset\05_S1GFloods\Label\image_2118.png,7.3166,1
image_1559.png,c:\Users\HP\OneDrive\Desktop\Flood_AI_Dataset\05_S1GFloods\A\image_1559.png,c:\Users\HP\OneDrive\Desktop\Flood_AI_Dataset\05_S1GFloods\B\image_1559.png,c:\Users\HP\OneDrive\Desktop\Flood_AI_Dataset\05_S1GFloods\Label\image_1559.png,14.9612,2
image_4669.png,c:\Users\HP\OneDrive\Desktop\Flood_AI_Dataset\05_S1GFloods\A\image_4669.png,c:\Users\HP\OneDrive\Desktop\Flood_AI_Dataset\05_S1GFloods\B\image_4669.png,c:\Users\HP\OneDrive\Desktop\Flood_AI_Dataset\05_S1GFloods\Label\image_4669.png,22.5922,2
image_4020.png,c:\Users\HP\OneDrive\Desktop\Flood_AI_Dataset\05_S1GFloods\A\image_4020.png,c:\Users\HP\OneDrive\Desktop\Flood_AI_Dataset\05_S1GFloods\B\image_4020.png,c:\Users\HP\OneDrive\Desktop\Flood_AI_Dataset\05_S1GFloods\Label\image_4020.png,34.4742,2
image_1450.png,c:\Users\HP\OneDrive\Desktop\Flood_AI_Dataset\05_S1GFloods\A\image_1450.png,c:\Users\HP\OneDrive\Desktop\Flood_AI_Dataset\05_S1GFloods\B\image_1450.png,c:\Users\HP\OneDrive\Desktop\Flood_AI_Dataset\05_S1GFloods\Label\image_1450.png,34.0958,2
image_2637.png,c:\Users\HP\OneDrive\Desktop\Flood_AI_Dataset\05_S1GFloods\A\image_2637.png,c:\Users\HP\OneDrive\Desktop\Flood_AI_Dataset\05_S1GFloods\B\image_2637.png,c:\Users\HP\OneDrive\Desktop\Flood_AI_Dataset\05_S1GFloods\Label\image_2637.png,64.9277,2
image_2042.png,c:\Users\HP\OneDrive\Desktop\Flood_AI_Dataset\05_S1GFloods\A\image_2042.png,c:\Users\HP\OneDrive\Desktop\Flood_AI_Dataset\05_S1GFloods\B\image_2042.png,c:\Users\HP\OneDrive\Desktop\Flood_AI_Dataset\05_S1GFloods\Label\image_2042.png,15.0726,2
image_2080.png,c:\Users\HP\OneDrive\Desktop\Flood_AI_Dataset\05_S1GFloods\A\image_2080.png,c:\Users\HP\OneDrive\Desktop\Flood_AI_Dataset\05_S1GFloods\B\image_2080.png,c:\Users\HP\OneDrive\Desktop\Flood_AI_Dataset\05_S1GFloods\Label\image_2080.png,5.04,1
image_4208.png,c:\Users\HP\OneDrive\Desktop\Flood_AI_Dataset\05_S1GFloods\A\image_4208.png,c:\Users\HP\OneDrive\Desktop\Flood_AI_Dataset\05_S1GFloods\B\image_4208.png,c:\Users\HP\OneDrive\Desktop\Flood_AI_Dataset\05_S1GFloods\Label\image_4208.png,96.2982,2
image_4354.png,c:\Users\HP\OneDrive\Desktop\Flood_AI_Dataset\05_S1GFloods\A\image_4354.png,c:\Users\HP\OneDrive\Desktop\Flood_AI_Dataset\05_S1GFloods\B\image_4354.png,c:\Users\HP\OneDrive\Desktop\Flood_AI_Dataset\05_S1GFloods\Label\image_4354.png,99.6094,2
image_5024.png,c:\Users\HP\OneDrive\Desktop\Flood_AI_Dataset\05_S1GFloods\A\image_5024.png,c:\Users\HP\OneDrive\Desktop\Flood_AI_Dataset\05_S1GFloods\B\image_5024.png,c:\Users\HP\OneDrive\Desktop\Flood_AI_Dataset\05_S1GFloods\Label\image_5024.png,9.7229,1
image_2505.png,c:\Users\HP\OneDrive\Desktop\Flood_AI_Dataset\05_S1GFloods\A\image_2505.png,c:\Users\HP\OneDrive\Desktop\Flood_AI_Dataset\05_S1GFloods\B\image_2505.png,c:\Users\HP\OneDrive\Desktop\Flood_AI_Dataset\05_S1GFloods\Label\image_2505.png,21.9955,2
image_1186.png,c:\Users\HP\OneDrive\Desktop\Flood_AI_Dataset\05_S1GFloods\A\image_1186.png,c:\Users\HP\OneDrive\Desktop\Flood_AI_Dataset\05_S1GFloods\B\image_1186.png,c:\Users\HP\OneDrive\Desktop\Flood_AI_Dataset\05_S1GFloods\Label\image_1186.png,79.7729,2
image_533.png,c:\Users\HP\OneDrive\Desktop\Flood_AI_Dataset\05_S1GFloods\A\image_533.png,c:\Users\HP\OneDrive\Desktop\Flood_AI_Dataset\05_S1GFloods\B\image_533.png,c:\Users\HP\OneDrive\Desktop\Flood_AI_Dataset\05_S1GFloods\Label\image_533.png,84.2819,2
image_4520.png,c:\Users\HP\OneDrive\Desktop\Flood_AI_Dataset\05_S1GFloods\A\image_4520.png,c:\Users\HP\OneDrive\Desktop\Flood_AI_Dataset\05_S1GFloods\B\image_4520.png,c:\Users\HP\OneDrive\Desktop\Flood_AI_Dataset\05_S1GFloods\Label\image_4520.png,25.8362,2
image_4040.png,c:\Users\HP\OneDrive\Desktop\Flood_AI_Dataset\05_S1GFloods\A\image_4040.png,c:\Users\HP\OneDrive\Desktop\Flood_AI_Dataset\05_S1GFloods\B\image_4040.png,c:\Users\HP\OneDrive\Desktop\Flood_AI_Dataset\05_S1GFloods\Label\image_4040.png,7.9361,1
image_2950.png,c:\Users\HP\OneDrive\Desktop\Flood_AI_Dataset\05_S1GFloods\A\image_2950.png,c:\Users\HP\OneDrive\Desktop\Flood_AI_Dataset\05_S1GFloods\B\image_2950.png,c:\Users\HP\OneDrive\Desktop\Flood_AI_Dataset\05_S1GFloods\Label\image_2950.png,46.3089,2
image_3466.png,c:\Users\HP\OneDrive\Desktop\Flood_AI_Dataset\05_S1GFloods\A\image_3466.png,c:\Users\HP\OneDrive\Desktop\Flood_AI_Dataset\05_S1GFloods\B\image_3466.png,c:\Users\HP\OneDrive\Desktop\Flood_AI_Dataset\05_S1GFloods\Label\image_3466.png,6.7688,1
image_3573.png,c:\Users\HP\OneDrive\Desktop\Flood_AI_Dataset\05_S1GFloods\A\image_3573.png,c:\Users\HP\OneDrive\Desktop\Flood_AI_Dataset\05_S1GFloods\B\image_3573.png,c:\Users\HP\OneDrive\Desktop\Flood_AI_Dataset\05_S1GFloods\Label\image_3573.png,12.056,2
image_4510.png,c:\Users\HP\OneDrive\Desktop\Flood_AI_Dataset\05_S1GFloods\A\image_4510.png,c:\Users\HP\OneDrive\Desktop\Flood_AI_Dataset\05_S1GFloods\B\image_4510.png,c:\Users\HP\OneDrive\Desktop\Flood_AI_Dataset\05_S1GFloods\Label\image_4510.png,26.2756,2
image_2930.png,c:\Users\HP\OneDrive\Desktop\Flood_AI_Dataset\05_S1GFloods\A\image_2930.png,c:\Users\HP\OneDrive\Desktop\Flood_AI_Dataset\05_S1GFloods\B\image_2930.png,c:\Users\HP\OneDrive\Desktop\Flood_AI_Dataset\05_S1GFloods\Label\image_2930.png,49.1882,2
image_4411.png,c:\Users\HP\OneDrive\Desktop\Flood_AI_Dataset\05_S1GFloods\A\image_4411.png,c:\Users\HP\OneDrive\Desktop\Flood_AI_Dataset\05_S1GFloods\B\image_4411.png,c:\Users\HP\OneDrive\Desktop\Flood_AI_Dataset\05_S1GFloods\Label\image_4411.png,39.0121,2
image_2976.png,c:\Users\HP\OneDrive\Desktop\Flood_AI_Dataset\05_S1GFloods\A\image_2976.png,c:\Users\HP\OneDrive\Desktop\Flood_AI_Dataset\05_S1GFloods\B\image_2976.png,c:\Users\HP\OneDrive\Desktop\Flood_AI_Dataset\05_S1GFloods\Label\image_2976.png,77.1515,2
image_1568.png,c:\Users\HP\OneDrive\Desktop\Flood_AI_Dataset\05_S1GFloods\A\image_1568.png,c:\Users\HP\OneDrive\Desktop\Flood_AI_Dataset\05_S1GFloods\B\image_1568.png,c:\Users\HP\OneDrive\Desktop\Flood_AI_Dataset\05_S1GFloods\Label\image_1568.png,12.8738,2
image_2718.png,c:\Users\HP\OneDrive\Desktop\Flood_AI_Dataset\05_S1GFloods\A\image_2718.png,c:\Users\HP\OneDrive\Desktop\Flood_AI_Dataset\05_S1GFloods\B\image_2718.png,c:\Users\HP\OneDrive\Desktop\Flood_AI_Dataset\05_S1GFloods\Label\image_2718.png,24.3805,2
image_4440.png,c:\Users\HP\OneDrive\Desktop\Flood_AI_Dataset\05_S1GFloods\A\image_4440.png,c:\Users\HP\OneDrive\Desktop\Flood_AI_Dataset\05_S1GFloods\B\image_4440.png,c:\Users\HP\OneDrive\Desktop\Flood_AI_Dataset\05_S1GFloods\Label\image_4440.png,68.0527,2
image_848.png,c:\Users\HP\OneDrive\Desktop\Flood_AI_Dataset\05_S1GFloods\A\image_848.png,c:\Users\HP\OneDrive\Desktop\Flood_AI_Dataset\05_S1GFloods\B\image_848.png,c:\Users\HP\OneDrive\Desktop\Flood_AI_Dataset\05_S1GFloods\Label\image_848.png,32.8461,2
image_2055.png,c:\Users\HP\OneDrive\Desktop\Flood_AI_Dataset\05_S1GFloods\A\image_2055.png,c:\Users\HP\OneDrive\Desktop\Flood_AI_Dataset\05_S1GFloods\B\image_2055.png,c:\Users\HP\OneDrive\Desktop\Flood_AI_Dataset\05_S1GFloods\Label\image_2055.png,17.3996,2
image_5188.png,c:\Users\HP\OneDrive\Desktop\Flood_AI_Dataset\05_S1GFloods\A\image_5188.png,c:\Users\HP\OneDrive\Desktop\Flood_AI_Dataset\05_S1GFloods\B\image_5188.png,c:\Users\HP\OneDrive\Desktop\Flood_AI_Dataset\05_S1GFloods\Label\image_5188.png,11.9812,2
image_2991.png,c:\Users\HP\OneDrive\Desktop\Flood_AI_Dataset\05_S1GFloods\A\image_2991.png,c:\Users\HP\OneDrive\Desktop\Flood_AI_Dataset\05_S1GFloods\B\image_2991.png,c:\Users\HP\OneDrive\Desktop\Flood_AI_Dataset\05_S1GFloods\Label\image_2991.png,19.7601,2
image_5147.png,c:\Users\HP\OneDrive\Desktop\Flood_AI_Dataset\05_S1GFloods\A\image_5147.png,c:\Users\HP\OneDrive\Desktop\Flood_AI_Dataset\05_S1GFloods\B\image_5147.png,c:\Users\HP\OneDrive\Desktop\Flood_AI_Dataset\05_S1GFloods\Label\image_5147.png,8.6761,1
image_3794.png,c:\Users\HP\OneDrive\Desktop\Flood_AI_Dataset\05_S1GFloods\A\image_3794.png,c:\Users\HP\OneDrive\Desktop\Flood_AI_Dataset\05_S1GFloods\B\image_3794.png,c:\Users\HP\OneDrive\Desktop\Flood_AI_Dataset\05_S1GFloods\Label\image_3794.png,30.4016,2
image_4575.png,c:\Users\HP\OneDrive\Desktop\Flood_AI_Dataset\05_S1GFloods\A\image_4575.png,c:\Users\HP\OneDrive\Desktop\Flood_AI_Dataset\05_S1GFloods\B\image_4575.png,c:\Users\HP\OneDrive\Desktop\Flood_AI_Dataset\05_S1GFloods\Label\image_4575.png,5.0049,1
image_4994.png,c:\Users\HP\OneDrive\Desktop\Flood_AI_Dataset\05_S1GFloods\A\image_4994.png,c:\Users\HP\OneDrive\Desktop\Flood_AI_Dataset\05_S1GFloods\B\image_4994.png,c:\Users\HP\OneDrive\Desktop\Flood_AI_Dataset\05_S1GFloods\Label\image_4994.png,10.376,2
image_4313.png,c:\Users\HP\OneDrive\Desktop\Flood_AI_Dataset\05_S1GFloods\A\image_4313.png,c:\Users\HP\OneDrive\Desktop\Flood_AI_Dataset\05_S1GFloods\B\image_4313.png,c:\Users\HP\OneDrive\Desktop\Flood_AI_Dataset\05_S1GFloods\Label\image_4313.png,13.3591,2
image_934.png,c:\Users\HP\OneDrive\Desktop\Flood_AI_Dataset\05_S1GFloods\A\image_934.png,c:\Users\HP\OneDrive\Desktop\Flood_AI_Dataset\05_S1GFloods\B\image_934.png,c:\Users\HP\OneDrive\Desktop\Flood_AI_Dataset\05_S1GFloods\Label\image_934.png,31.2988,2
image_1332.png,c:\Users\HP\OneDrive\Desktop\Flood_AI_Dataset\05_S1GFloods\A\image_1332.png,c:\Users\HP\OneDrive\Desktop\Flood_AI_Dataset\05_S1GFloods\B\image_1332.png,c:\Users\HP\OneDrive\Desktop\Flood_AI_Dataset\05_S1GFloods\Label\image_1332.png,32.0404,2
image_3956.png,c:\Users\HP\OneDrive\Desktop\Flood_AI_Dataset\05_S1GFloods\A\image_3956.png,c:\Users\HP\OneDrive\Desktop\Flood_AI_Dataset\05_S1GFloods\B\image_3956.png,c:\Users\HP\OneDrive\Desktop\Flood_AI_Dataset\05_S1GFloods\Label\image_3956.png,85.5286,2
image_2572.png,c:\Users\HP\OneDrive\Desktop\Flood_AI_Dataset\05_S1GFloods\A\image_2572.png,c:\Users\HP\OneDrive\Desktop\Flood_AI_Dataset\05_S1GFloods\B\image_2572.png,c:\Users\HP\OneDrive\Desktop\Flood_AI_Dataset\05_S1GFloods\Label\image_2572.png,49.7452,2
image_4167.png,c:\Users\HP\OneDrive\Desktop\Flood_AI_Dataset\05_S1GFloods\A\image_4167.png,c:\Users\HP\OneDrive\Desktop\Flood_AI_Dataset\05_S1GFloods\B\image_4167.png,c:\Users\HP\OneDrive\Desktop\Flood_AI_Dataset\05_S1GFloods\Label\image_4167.png,39.4058,2
image_2532.png,c:\Users\HP\OneDrive\Desktop\Flood_AI_Dataset\05_S1GFloods\A\image_2532.png,c:\Users\HP\OneDrive\Desktop\Flood_AI_Dataset\05_S1GFloods\B\image_2532.png,c:\Users\HP\OneDrive\Desktop\Flood_AI_Dataset\05_S1GFloods\Label\image_2532.png,10.8032,2
image_1080.png,c:\Users\HP\OneDrive\Desktop\Flood_AI_Dataset\05_S1GFloods\A\image_1080.png,c:\Users\HP\OneDrive\Desktop\Flood_AI_Dataset\05_S1GFloods\B\image_1080.png,c:\Users\HP\OneDrive\Desktop\Flood_AI_Dataset\05_S1GFloods\Label\image_1080.png,70.0684,2
image_4364.png,c:\Users\HP\OneDrive\Desktop\Flood_AI_Dataset\05_S1GFloods\A\image_4364.png,c:\Users\HP\OneDrive\Desktop\Flood_AI_Dataset\05_S1GFloods\B\image_4364.png,c:\Users\HP\OneDrive\Desktop\Flood_AI_Dataset\05_S1GFloods\Label\image_4364.png,7.756,1
image_1930.png,c:\Users\HP\OneDrive\Desktop\Flood_AI_Dataset\05_S1GFloods\A\image_1930.png,c:\Users\HP\OneDrive\Desktop\Flood_AI_Dataset\05_S1GFloods\B\image_1930.png,c:\Users\HP\OneDrive\Desktop\Flood_AI_Dataset\05_S1GFloods\Label\image_1930.png,6.5308,1
image_1655.png,c:\Users\HP\OneDrive\Desktop\Flood_AI_Dataset\05_S1GFloods\A\image_1655.png,c:\Users\HP\OneDrive\Desktop\Flood_AI_Dataset\05_S1GFloods\B\image_1655.png,c:\Users\HP\OneDrive\Desktop\Flood_AI_Dataset\05_S1GFloods\Label\image_1655.png,30.4276,2
image_2546.png,c:\Users\HP\OneDrive\Desktop\Flood_AI_Dataset\05_S1GFloods\A\image_2546.png,c:\Users\HP\OneDrive\Desktop\Flood_AI_Dataset\05_S1GFloods\B\image_2546.png,c:\Users\HP\OneDrive\Desktop\Flood_AI_Dataset\05_S1GFloods\Label\image_2546.png,24.3591,2
image_331.png,c:\Users\HP\OneDrive\Desktop\Flood_AI_Dataset\05_S1GFloods\A\image_331.png,c:\Users\HP\OneDrive\Desktop\Flood_AI_Dataset\05_S1GFloods\B\image_331.png,c:\Users\HP\OneDrive\Desktop\Flood_AI_Dataset\05_S1GFloods\Label\image_331.png,45.2942,2
image_3894.png,c:\Users\HP\OneDrive\Desktop\Flood_AI_Dataset\05_S1GFloods\A\image_3894.png,c:\Users\HP\OneDrive\Desktop\Flood_AI_Dataset\05_S1GFloods\B\image_3894.png,c:\Users\HP\OneDrive\Desktop\Flood_AI_Dataset\05_S1GFloods\Label\image_3894.png,5.0308,1
image_1630.png,c:\Users\HP\OneDrive\Desktop\Flood_AI_Dataset\05_S1GFloods\A\image_1630.png,c:\Users\HP\OneDrive\Desktop\Flood_AI_Dataset\05_S1GFloods\B\image_1630.png,c:\Users\HP\OneDrive\Desktop\Flood_AI_Dataset\05_S1GFloods\Label\image_1630.png,6.3675,1
image_4747.png,c:\Users\HP\OneDrive\Desktop\Flood_AI_Dataset\05_S1GFloods\A\image_4747.png,c:\Users\HP\OneDrive\Desktop\Flood_AI_Dataset\05_S1GFloods\B\image_4747.png,c:\Users\HP\OneDrive\Desktop\Flood_AI_Dataset\05_S1GFloods\Label\image_4747.png,8.9966,1
image_5241.png,c:\Users\HP\OneDrive\Desktop\Flood_AI_Dataset\05_S1GFloods\A\image_5241.png,c:\Users\HP\OneDrive\Desktop\Flood_AI_Dataset\05_S1GFloods\B\image_5241.png,c:\Users\HP\OneDrive\Desktop\Flood_AI_Dataset\05_S1GFloods\Label\image_5241.png,53.0014,2
image_1300.png,c:\Users\HP\OneDrive\Desktop\Flood_AI_Dataset\05_S1GFloods\A\image_1300.png,c:\Users\HP\OneDrive\Desktop\Flood_AI_Dataset\05_S1GFloods\B\image_1300.png,c:\Users\HP\OneDrive\Desktop\Flood_AI_Dataset\05_S1GFloods\Label\image_1300.png,35.1059,2
image_3764.png,c:\Users\HP\OneDrive\Desktop\Flood_AI_Dataset\05_S1GFloods\A\image_3764.png,c:\Users\HP\OneDrive\Desktop\Flood_AI_Dataset\05_S1GFloods\B\image_3764.png,c:\Users\HP\OneDrive\Desktop\Flood_AI_Dataset\05_S1GFloods\Label\image_3764.png,6.9962,1
image_1659.png,c:\Users\HP\OneDrive\Desktop\Flood_AI_Dataset\05_S1GFloods\A\image_1659.png,c:\Users\HP\OneDrive\Desktop\Flood_AI_Dataset\05_S1GFloods\B\image_1659.png,c:\Users\HP\OneDrive\Desktop\Flood_AI_Dataset\05_S1GFloods\Label\image_1659.png,7.9361,1
image_2712.png,c:\Users\HP\OneDrive\Desktop\Flood_AI_Dataset\05_S1GFloods\A\image_2712.png,c:\Users\HP\OneDrive\Desktop\Flood_AI_Dataset\05_S1GFloods\B\image_2712.png,c:\Users\HP\OneDrive\Desktop\Flood_AI_Dataset\05_S1GFloods\Label\image_2712.png,82.6843,2
image_5311.png,c:\Users\HP\OneDrive\Desktop\Flood_AI_Dataset\05_S1GFloods\A\image_5311.png,c:\Users\HP\OneDrive\Desktop\Flood_AI_Dataset\05_S1GFloods\B\image_5311.png,c:\Users\HP\OneDrive\Desktop\Flood_AI_Dataset\05_S1GFloods\Label\image_5311.png,33.2825,2
image_1394.png,c:\Users\HP\OneDrive\Desktop\Flood_AI_Dataset\05_S1GFloods\A\image_1394.png,c:\Users\HP\OneDrive\Desktop\Flood_AI_Dataset\05_S1GFloods\B\image_1394.png,c:\Users\HP\OneDrive\Desktop\Flood_AI_Dataset\05_S1GFloods\Label\image_1394.png,85.6934,2
image_3858.png,c:\Users\HP\OneDrive\Desktop\Flood_AI_Dataset\05_S1GFloods\A\image_3858.png,c:\Users\HP\OneDrive\Desktop\Flood_AI_Dataset\05_S1GFloods\B\image_3858.png,c:\Users\HP\OneDrive\Desktop\Flood_AI_Dataset\05_S1GFloods\Label\image_3858.png,82.0572,2
image_2035.png,c:\Users\HP\OneDrive\Desktop\Flood_AI_Dataset\05_S1GFloods\A\image_2035.png,c:\Users\HP\OneDrive\Desktop\Flood_AI_Dataset\05_S1GFloods\B\image_2035.png,c:\Users\HP\OneDrive\Desktop\Flood_AI_Dataset\05_S1GFloods\Label\image_2035.png,8.0261,1
image_317.png,c:\Users\HP\OneDrive\Desktop\Flood_AI_Dataset\05_S1GFloods\A\image_317.png,c:\Users\HP\OneDrive\Desktop\Flood_AI_Dataset\05_S1GFloods\B\image_317.png,c:\Users\HP\OneDrive\Desktop\Flood_AI_Dataset\05_S1GFloods\Label\image_317.png,9.9213,1
image_2589.png,c:\Users\HP\OneDrive\Desktop\Flood_AI_Dataset\05_S1GFloods\A\image_2589.png,c:\Users\HP\OneDrive\Desktop\Flood_AI_Dataset\05_S1GFloods\B\image_2589.png,c:\Users\HP\OneDrive\Desktop\Flood_AI_Dataset\05_S1GFloods\Label\image_2589.png,14.7522,2
image_3835.png,c:\Users\HP\OneDrive\Desktop\Flood_AI_Dataset\05_S1GFloods\A\image_3835.png,c:\Users\HP\OneDrive\Desktop\Flood_AI_Dataset\05_S1GFloods\B\image_3835.png,c:\Users\HP\OneDrive\Desktop\Flood_AI_Dataset\05_S1GFloods\Label\image_3835.png,59.4254,2
image_895.png,c:\Users\HP\OneDrive\Desktop\Flood_AI_Dataset\05_S1GFloods\A\image_895.png,c:\Users\HP\OneDrive\Desktop\Flood_AI_Dataset\05_S1GFloods\B\image_895.png,c:\Users\HP\OneDrive\Desktop\Flood_AI_Dataset\05_S1GFloods\Label\image_895.png,16.6992,2
image_4412.png,c:\Users\HP\OneDrive\Desktop\Flood_AI_Dataset\05_S1GFloods\A\image_4412.png,c:\Users\HP\OneDrive\Desktop\Flood_AI_Dataset\05_S1GFloods\B\image_4412.png,c:\Users\HP\OneDrive\Desktop\Flood_AI_Dataset\05_S1GFloods\Label\image_4412.png,8.4244,1
image_525.png,c:\Users\HP\OneDrive\Desktop\Flood_AI_Dataset\05_S1GFloods\A\image_525.png,c:\Users\HP\OneDrive\Desktop\Flood_AI_Dataset\05_S1GFloods\B\image_525.png,c:\Users\HP\OneDrive\Desktop\Flood_AI_Dataset\05_S1GFloods\Label\image_525.png,34.1095,2
image_2975.png,c:\Users\HP\OneDrive\Desktop\Flood_AI_Dataset\05_S1GFloods\A\image_2975.png,c:\Users\HP\OneDrive\Desktop\Flood_AI_Dataset\05_S1GFloods\B\image_2975.png,c:\Users\HP\OneDrive\Desktop\Flood_AI_Dataset\05_S1GFloods\Label\image_2975.png,84.5291,2
image_723.png,c:\Users\HP\OneDrive\Desktop\Flood_AI_Dataset\05_S1GFloods\A\image_723.png,c:\Users\HP\OneDrive\Desktop\Flood_AI_Dataset\05_S1GFloods\B\image_723.png,c:\Users\HP\OneDrive\Desktop\Flood_AI_Dataset\05_S1GFloods\Label\image_723.png,34.1797,2
image_4768.png,c:\Users\HP\OneDrive\Desktop\Flood_AI_Dataset\05_S1GFloods\A\image_4768.png,c:\Users\HP\OneDrive\Desktop\Flood_AI_Dataset\05_S1GFloods\B\image_4768.png,c:\Users\HP\OneDrive\Desktop\Flood_AI_Dataset\05_S1GFloods\Label\image_4768.png,5.8319,1
image_4221.png,c:\Users\HP\OneDrive\Desktop\Flood_AI_Dataset\05_S1GFloods\A\image_4221.png,c:\Users\HP\OneDrive\Desktop\Flood_AI_Dataset\05_S1GFloods\B\image_4221.png,c:\Users\HP\OneDrive\Desktop\Flood_AI_Dataset\05_S1GFloods\Label\image_4221.png,62.8174,2
image_3168.png,c:\Users\HP\OneDrive\Desktop\Flood_AI_Dataset\05_S1GFloods\A\image_3168.png,c:\Users\HP\OneDrive\Desktop\Flood_AI_Dataset\05_S1GFloods\B\image_3168.png,c:\Users\HP\OneDrive\Desktop\Flood_AI_Dataset\05_S1GFloods\Label\image_3168.png,15.5029,2
image_960.png,c:\Users\HP\OneDrive\Desktop\Flood_AI_Dataset\05_S1GFloods\A\image_960.png,c:\Users\HP\OneDrive\Desktop\Flood_AI_Dataset\05_S1GFloods\B\image_960.png,c:\Users\HP\OneDrive\Desktop\Flood_AI_Dataset\05_S1GFloods\Label\image_960.png,77.8214,2
image_1513.png,c:\Users\HP\OneDrive\Desktop\Flood_AI_Dataset\05_S1GFloods\A\image_1513.png,c:\Users\HP\OneDrive\Desktop\Flood_AI_Dataset\05_S1GFloods\B\image_1513.png,c:\Users\HP\OneDrive\Desktop\Flood_AI_Dataset\05_S1GFloods\Label\image_1513.png,17.186,2
image_3586.png,c:\Users\HP\OneDrive\Desktop\Flood_AI_Dataset\05_S1GFloods\A\image_3586.png,c:\Users\HP\OneDrive\Desktop\Flood_AI_Dataset\05_S1GFloods\B\image_3586.png,c:\Users\HP\OneDrive\Desktop\Flood_AI_Dataset\05_S1GFloods\Label\image_3586.png,99.8291,2
image_1748.png,c:\Users\HP\OneDrive\Desktop\Flood_AI_Dataset\05_S1GFloods\A\image_1748.png,c:\Users\HP\OneDrive\Desktop\Flood_AI_Dataset\05_S1GFloods\B\image_1748.png,c:\Users\HP\OneDrive\Desktop\Flood_AI_Dataset\05_S1GFloods\Label\image_1748.png,9.7534,1
image_3315.png,c:\Users\HP\OneDrive\Desktop\Flood_AI_Dataset\05_S1GFloods\A\image_3315.png,c:\Users\HP\OneDrive\Desktop\Flood_AI_Dataset\05_S1GFloods\B\image_3315.png,c:\Users\HP\OneDrive\Desktop\Flood_AI_Dataset\05_S1GFloods\Label\image_3315.png,25.5661,2
image_242.png,c:\Users\HP\OneDrive\Desktop\Flood_AI_Dataset\05_S1GFloods\A\image_242.png,c:\Users\HP\OneDrive\Desktop\Flood_AI_Dataset\05_S1GFloods\B\image_242.png,c:\Users\HP\OneDrive\Desktop\Flood_AI_Dataset\05_S1GFloods\Label\image_242.png,62.9684,2
image_4232.png,c:\Users\HP\OneDrive\Desktop\Flood_AI_Dataset\05_S1GFloods\A\image_4232.png,c:\Users\HP\OneDrive\Desktop\Flood_AI_Dataset\05_S1GFloods\B\image_4232.png,c:\Users\HP\OneDrive\Desktop\Flood_AI_Dataset\05_S1GFloods\Label\image_4232.png,33.7845,2
image_2049.png,c:\Users\HP\OneDrive\Desktop\Flood_AI_Dataset\05_S1GFloods\A\image_2049.png,c:\Users\HP\OneDrive\Desktop\Flood_AI_Dataset\05_S1GFloods\B\image_2049.png,c:\Users\HP\OneDrive\Desktop\Flood_AI_Dataset\05_S1GFloods\Label\image_2049.png,18.3395,2
image_2368.png,c:\Users\HP\OneDrive\Desktop\Flood_AI_Dataset\05_S1GFloods\A\image_2368.png,c:\Users\HP\OneDrive\Desktop\Flood_AI_Dataset\05_S1GFloods\B\image_2368.png,c:\Users\HP\OneDrive\Desktop\Flood_AI_Dataset\05_S1GFloods\Label\image_2368.png,5.9006,1
image_894.png,c:\Users\HP\OneDrive\Desktop\Flood_AI_Dataset\05_S1GFloods\A\image_894.png,c:\Users\HP\OneDrive\Desktop\Flood_AI_Dataset\05_S1GFloods\B\image_894.png,c:\Users\HP\OneDrive\Desktop\Flood_AI_Dataset\05_S1GFloods\Label\image_894.png,24.2126,2
image_2192.png,c:\Users\HP\OneDrive\Desktop\Flood_AI_Dataset\05_S1GFloods\A\image_2192.png,c:\Users\HP\OneDrive\Desktop\Flood_AI_Dataset\05_S1GFloods\B\image_2192.png,c:\Users\HP\OneDrive\Desktop\Flood_AI_Dataset\05_S1GFloods\Label\image_2192.png,11.6013,2
image_2218.png,c:\Users\HP\OneDrive\Desktop\Flood_AI_Dataset\05_S1GFloods\A\image_2218.png,c:\Users\HP\OneDrive\Desktop\Flood_AI_Dataset\05_S1GFloods\B\image_2218.png,c:\Users\HP\OneDrive\Desktop\Flood_AI_Dataset\05_S1GFloods\Label\image_2218.png,6.2103,1
image_521.png,c:\Users\HP\OneDrive\Desktop\Flood_AI_Dataset\05_S1GFloods\A\image_521.png,c:\Users\HP\OneDrive\Desktop\Flood_AI_Dataset\05_S1GFloods\B\image_521.png,c:\Users\HP\OneDrive\Desktop\Flood_AI_Dataset\05_S1GFloods\Label\image_521.png,7.4173,1
image_3023.png,c:\Users\HP\OneDrive\Desktop\Flood_AI_Dataset\05_S1GFloods\A\image_3023.png,c:\Users\HP\OneDrive\Desktop\Flood_AI_Dataset\05_S1GFloods\B\image_3023.png,c:\Users\HP\OneDrive\Desktop\Flood_AI_Dataset\05_S1GFloods\Label\image_3023.png,28.5172,2
image_4152.png,c:\Users\HP\OneDrive\Desktop\Flood_AI_Dataset\05_S1GFloods\A\image_4152.png,c:\Users\HP\OneDrive\Desktop\Flood_AI_Dataset\05_S1GFloods\B\image_4152.png,c:\Users\HP\OneDrive\Desktop\Flood_AI_Dataset\05_S1GFloods\Label\image_4152.png,21.1884,2
image_1512.png,c:\Users\HP\OneDrive\Desktop\Flood_AI_Dataset\05_S1GFloods\A\image_1512.png,c:\Users\HP\OneDrive\Desktop\Flood_AI_Dataset\05_S1GFloods\B\image_1512.png,c:\Users\HP\OneDrive\Desktop\Flood_AI_Dataset\05_S1GFloods\Label\image_1512.png,12.764,2
image_2853.png,c:\Users\HP\OneDrive\Desktop\Flood_AI_Dataset\05_S1GFloods\A\image_2853.png,c:\Users\HP\OneDrive\Desktop\Flood_AI_Dataset\05_S1GFloods\B\image_2853.png,c:\Users\HP\OneDrive\Desktop\Flood_AI_Dataset\05_S1GFloods\Label\image_2853.png,5.4245,1
image_1949.png,c:\Users\HP\OneDrive\Desktop\Flood_AI_Dataset\05_S1GFloods\A\image_1949.png,c:\Users\HP\OneDrive\Desktop\Flood_AI_Dataset\05_S1GFloods\B\image_1949.png,c:\Users\HP\OneDrive\Desktop\Flood_AI_Dataset\05_S1GFloods\Label\image_1949.png,6.1111,1
image_450.png,c:\Users\HP\OneDrive\Desktop\Flood_AI_Dataset\05_S1GFloods\A\image_450.png,c:\Users\HP\OneDrive\Desktop\Flood_AI_Dataset\05_S1GFloods\B\image_450.png,c:\Users\HP\OneDrive\Desktop\Flood_AI_Dataset\05_S1GFloods\Label\image_450.png,21.9284,2
image_2921.png,c:\Users\HP\OneDrive\Desktop\Flood_AI_Dataset\05_S1GFloods\A\image_2921.png,c:\Users\HP\OneDrive\Desktop\Flood_AI_Dataset\05_S1GFloods\B\image_2921.png,c:\Users\HP\OneDrive\Desktop\Flood_AI_Dataset\05_S1GFloods\Label\image_2921.png,24.6262,2
image_2935.png,c:\Users\HP\OneDrive\Desktop\Flood_AI_Dataset\05_S1GFloods\A\image_2935.png,c:\Users\HP\OneDrive\Desktop\Flood_AI_Dataset\05_S1GFloods\B\image_2935.png,c:\Users\HP\OneDrive\Desktop\Flood_AI_Dataset\05_S1GFloods\Label\image_2935.png,21.8079,2
image_1934.png,c:\Users\HP\OneDrive\Desktop\Flood_AI_Dataset\05_S1GFloods\A\image_1934.png,c:\Users\HP\OneDrive\Desktop\Flood_AI_Dataset\05_S1GFloods\B\image_1934.png,c:\Users\HP\OneDrive\Desktop\Flood_AI_Dataset\05_S1GFloods\Label\image_1934.png,24.7742,2
image_484.png,c:\Users\HP\OneDrive\Desktop\Flood_AI_Dataset\05_S1GFloods\A\image_484.png,c:\Users\HP\OneDrive\Desktop\Flood_AI_Dataset\05_S1GFloods\B\image_484.png,c:\Users\HP\OneDrive\Desktop\Flood_AI_Dataset\05_S1GFloods\Label\image_484.png,59.8557,2
image_2826.png,c:\Users\HP\OneDrive\Desktop\Flood_AI_Dataset\05_S1GFloods\A\image_2826.png,c:\Users\HP\OneDrive\Desktop\Flood_AI_Dataset\05_S1GFloods\B\image_2826.png,c:\Users\HP\OneDrive\Desktop\Flood_AI_Dataset\05_S1GFloods\Label\image_2826.png,39.3417,2
image_4398.png,c:\Users\HP\OneDrive\Desktop\Flood_AI_Dataset\05_S1GFloods\A\image_4398.png,c:\Users\HP\OneDrive\Desktop\Flood_AI_Dataset\05_S1GFloods\B\image_4398.png,c:\Users\HP\OneDrive\Desktop\Flood_AI_Dataset\05_S1GFloods\Label\image_4398.png,8.8028,1
image_1945.png,c:\Users\HP\OneDrive\Desktop\Flood_AI_Dataset\05_S1GFloods\A\image_1945.png,c:\Users\HP\OneDrive\Desktop\Flood_AI_Dataset\05_S1GFloods\B\image_1945.png,c:\Users\HP\OneDrive\Desktop\Flood_AI_Dataset\05_S1GFloods\Label\image_1945.png,7.988,1
image_4333.png,c:\Users\HP\OneDrive\Desktop\Flood_AI_Dataset\05_S1GFloods\A\image_4333.png,c:\Users\HP\OneDrive\Desktop\Flood_AI_Dataset\05_S1GFloods\B\image_4333.png,c:\Users\HP\OneDrive\Desktop\Flood_AI_Dataset\05_S1GFloods\Label\image_4333.png,77.7374,2
image_5182.png,c:\Users\HP\OneDrive\Desktop\Flood_AI_Dataset\05_S1GFloods\A\image_5182.png,c:\Users\HP\OneDrive\Desktop\Flood_AI_Dataset\05_S1GFloods\B\image_5182.png,c:\Users\HP\OneDrive\Desktop\Flood_AI_Dataset\05_S1GFloods\Label\image_5182.png,9.1385,1
image_4947.png,c:\Users\HP\OneDrive\Desktop\Flood_AI_Dataset\05_S1GFloods\A\image_4947.png,c:\Users\HP\OneDrive\Desktop\Flood_AI_Dataset\05_S1GFloods\B\image_4947.png,c:\Users\HP\OneDrive\Desktop\Flood_AI_Dataset\05_S1GFloods\Label\image_4947.png,21.463,2
image_633.png,c:\Users\HP\OneDrive\Desktop\Flood_AI_Dataset\05_S1GFloods\A\image_633.png,c:\Users\HP\OneDrive\Desktop\Flood_AI_Dataset\05_S1GFloods\B\image_633.png,c:\Users\HP\OneDrive\Desktop\Flood_AI_Dataset\05_S1GFloods\Label\image_633.png,72.6517,2
image_3682.png,c:\Users\HP\OneDrive\Desktop\Flood_AI_Dataset\05_S1GFloods\A\image_3682.png,c:\Users\HP\OneDrive\Desktop\Flood_AI_Dataset\05_S1GFloods\B\image_3682.png,c:\Users\HP\OneDrive\Desktop\Flood_AI_Dataset\05_S1GFloods\Label\image_3682.png,8.4442,1
image_207.png,c:\Users\HP\OneDrive\Desktop\Flood_AI_Dataset\05_S1GFloods\A\image_207.png,c:\Users\HP\OneDrive\Desktop\Flood_AI_Dataset\05_S1GFloods\B\image_207.png,c:\Users\HP\OneDrive\Desktop\Flood_AI_Dataset\05_S1GFloods\Label\image_207.png,60.6888,2
image_1474.png,c:\Users\HP\OneDrive\Desktop\Flood_AI_Dataset\05_S1GFloods\A\image_1474.png,c:\Users\HP\OneDrive\Desktop\Flood_AI_Dataset\05_S1GFloods\B\image_1474.png,c:\Users\HP\OneDrive\Desktop\Flood_AI_Dataset\05_S1GFloods\Label\image_1474.png,7.8156,1
image_3492.png,c:\Users\HP\OneDrive\Desktop\Flood_AI_Dataset\05_S1GFloods\A\image_3492.png,c:\Users\HP\OneDrive\Desktop\Flood_AI_Dataset\05_S1GFloods\B\image_3492.png,c:\Users\HP\OneDrive\Desktop\Flood_AI_Dataset\05_S1GFloods\Label\image_3492.png,10.8871,2
image_4559.png,c:\Users\HP\OneDrive\Desktop\Flood_AI_Dataset\05_S1GFloods\A\image_4559.png,c:\Users\HP\OneDrive\Desktop\Flood_AI_Dataset\05_S1GFloods\B\image_4559.png,c:\Users\HP\OneDrive\Desktop\Flood_AI_Dataset\05_S1GFloods\Label\image_4559.png,9.2072,1
image_1145.png,c:\Users\HP\OneDrive\Desktop\Flood_AI_Dataset\05_S1GFloods\A\image_1145.png,c:\Users\HP\OneDrive\Desktop\Flood_AI_Dataset\05_S1GFloods\B\image_1145.png,c:\Users\HP\OneDrive\Desktop\Flood_AI_Dataset\05_S1GFloods\Label\image_1145.png,6.6833,1
image_2177.png,c:\Users\HP\OneDrive\Desktop\Flood_AI_Dataset\05_S1GFloods\A\image_2177.png,c:\Users\HP\OneDrive\Desktop\Flood_AI_Dataset\05_S1GFloods\B\image_2177.png,c:\Users\HP\OneDrive\Desktop\Flood_AI_Dataset\05_S1GFloods\Label\image_2177.png,5.3223,1
image_574.png,c:\Users\HP\OneDrive\Desktop\Flood_AI_Dataset\05_S1GFloods\A\image_574.png,c:\Users\HP\OneDrive\Desktop\Flood_AI_Dataset\05_S1GFloods\B\image_574.png,c:\Users\HP\OneDrive\Desktop\Flood_AI_Dataset\05_S1GFloods\Label\image_574.png,96.2219,2
image_1090.png,c:\Users\HP\OneDrive\Desktop\Flood_AI_Dataset\05_S1GFloods\A\image_1090.png,c:\Users\HP\OneDrive\Desktop\Flood_AI_Dataset\05_S1GFloods\B\image_1090.png,c:\Users\HP\OneDrive\Desktop\Flood_AI_Dataset\05_S1GFloods\Label\image_1090.png,44.0155,2
image_523.png,c:\Users\HP\OneDrive\Desktop\Flood_AI_Dataset\05_S1GFloods\A\image_523.png,c:\Users\HP\OneDrive\Desktop\Flood_AI_Dataset\05_S1GFloods\B\image_523.png,c:\Users\HP\OneDrive\Desktop\Flood_AI_Dataset\05_S1GFloods\Label\image_523.png,27.3987,2
image_763.png,c:\Users\HP\OneDrive\Desktop\Flood_AI_Dataset\05_S1GFloods\A\image_763.png,c:\Users\HP\OneDrive\Desktop\Flood_AI_Dataset\05_S1GFloods\B\image_763.png,c:\Users\HP\OneDrive\Desktop\Flood_AI_Dataset\05_S1GFloods\Label\image_763.png,81.2881,2
image_2223.png,c:\Users\HP\OneDrive\Desktop\Flood_AI_Dataset\05_S1GFloods\A\image_2223.png,c:\Users\HP\OneDrive\Desktop\Flood_AI_Dataset\05_S1GFloods\B\image_2223.png,c:\Users\HP\OneDrive\Desktop\Flood_AI_Dataset\05_S1GFloods\Label\image_2223.png,11.3876,2
image_1453.png,c:\Users\HP\OneDrive\Desktop\Flood_AI_Dataset\05_S1GFloods\A\image_1453.png,c:\Users\HP\OneDrive\Desktop\Flood_AI_Dataset\05_S1GFloods\B\image_1453.png,c:\Users\HP\OneDrive\Desktop\Flood_AI_Dataset\05_S1GFloods\Label\image_1453.png,55.2261,2
image_1265.png,c:\Users\HP\OneDrive\Desktop\Flood_AI_Dataset\05_S1GFloods\A\image_1265.png,c:\Users\HP\OneDrive\Desktop\Flood_AI_Dataset\05_S1GFloods\B\image_1265.png,c:\Users\HP\OneDrive\Desktop\Flood_AI_Dataset\05_S1GFloods\Label\image_1265.png,25.1877,2
image_2608.png,c:\Users\HP\OneDrive\Desktop\Flood_AI_Dataset\05_S1GFloods\A\image_2608.png,c:\Users\HP\OneDrive\Desktop\Flood_AI_Dataset\05_S1GFloods\B\image_2608.png,c:\Users\HP\OneDrive\Desktop\Flood_AI_Dataset\05_S1GFloods\Label\image_2608.png,55.3619,2
image_5104.png,c:\Users\HP\OneDrive\Desktop\Flood_AI_Dataset\05_S1GFloods\A\image_5104.png,c:\Users\HP\OneDrive\Desktop\Flood_AI_Dataset\05_S1GFloods\B\image_5104.png,c:\Users\HP\OneDrive\Desktop\Flood_AI_Dataset\05_S1GFloods\Label\image_5104.png,5.8701,1
image_3.png,c:\Users\HP\OneDrive\Desktop\Flood_AI_Dataset\05_S1GFloods\A\image_3.png,c:\Users\HP\OneDrive\Desktop\Flood_AI_Dataset\05_S1GFloods\B\image_3.png,c:\Users\HP\OneDrive\Desktop\Flood_AI_Dataset\05_S1GFloods\Label\image_3.png,17.4088,2
image_2695.png,c:\Users\HP\OneDrive\Desktop\Flood_AI_Dataset\05_S1GFloods\A\image_2695.png,c:\Users\HP\OneDrive\Desktop\Flood_AI_Dataset\05_S1GFloods\B\image_2695.png,c:\Users\HP\OneDrive\Desktop\Flood_AI_Dataset\05_S1GFloods\Label\image_2695.png,6.6986,1
image_5287.png,c:\Users\HP\OneDrive\Desktop\Flood_AI_Dataset\05_S1GFloods\A\image_5287.png,c:\Users\HP\OneDrive\Desktop\Flood_AI_Dataset\05_S1GFloods\B\image_5287.png,c:\Users\HP\OneDrive\Desktop\Flood_AI_Dataset\05_S1GFloods\Label\image_5287.png,47.7112,2
image_4868.png,c:\Users\HP\OneDrive\Desktop\Flood_AI_Dataset\05_S1GFloods\A\image_4868.png,c:\Users\HP\OneDrive\Desktop\Flood_AI_Dataset\05_S1GFloods\B\image_4868.png,c:\Users\HP\OneDrive\Desktop\Flood_AI_Dataset\05_S1GFloods\Label\image_4868.png,8.4015,1
image_850.png,c:\Users\HP\OneDrive\Desktop\Flood_AI_Dataset\05_S1GFloods\A\image_850.png,c:\Users\HP\OneDrive\Desktop\Flood_AI_Dataset\05_S1GFloods\B\image_850.png,c:\Users\HP\OneDrive\Desktop\Flood_AI_Dataset\05_S1GFloods\Label\image_850.png,16.951,2
image_1094.png,c:\Users\HP\OneDrive\Desktop\Flood_AI_Dataset\05_S1GFloods\A\image_1094.png,c:\Users\HP\OneDrive\Desktop\Flood_AI_Dataset\05_S1GFloods\B\image_1094.png,c:\Users\HP\OneDrive\Desktop\Flood_AI_Dataset\05_S1GFloods\Label\image_1094.png,54.0466,2
image_4449.png,c:\Users\HP\OneDrive\Desktop\Flood_AI_Dataset\05_S1GFloods\A\image_4449.png,c:\Users\HP\OneDrive\Desktop\Flood_AI_Dataset\05_S1GFloods\B\image_4449.png,c:\Users\HP\OneDrive\Desktop\Flood_AI_Dataset\05_S1GFloods\Label\image_4449.png,92.9199,2
image_2489.png,c:\Users\HP\OneDrive\Desktop\Flood_AI_Dataset\05_S1GFloods\A\image_2489.png,c:\Users\HP\OneDrive\Desktop\Flood_AI_Dataset\05_S1GFloods\B\image_2489.png,c:\Users\HP\OneDrive\Desktop\Flood_AI_Dataset\05_S1GFloods\Label\image_2489.png,9.137,1
image_1013.png,c:\Users\HP\OneDrive\Desktop\Flood_AI_Dataset\05_S1GFloods\A\image_1013.png,c:\Users\HP\OneDrive\Desktop\Flood_AI_Dataset\05_S1GFloods\B\image_1013.png,c:\Users\HP\OneDrive\Desktop\Flood_AI_Dataset\05_S1GFloods\Label\image_1013.png,38.7589,2
image_4682.png,c:\Users\HP\OneDrive\Desktop\Flood_AI_Dataset\05_S1GFloods\A\image_4682.png,c:\Users\HP\OneDrive\Desktop\Flood_AI_Dataset\05_S1GFloods\B\image_4682.png,c:\Users\HP\OneDrive\Desktop\Flood_AI_Dataset\05_S1GFloods\Label\image_4682.png,29.7119,2
image_608.png,c:\Users\HP\OneDrive\Desktop\Flood_AI_Dataset\05_S1GFloods\A\image_608.png,c:\Users\HP\OneDrive\Desktop\Flood_AI_Dataset\05_S1GFloods\B\image_608.png,c:\Users\HP\OneDrive\Desktop\Flood_AI_Dataset\05_S1GFloods\Label\image_608.png,81.311,2
image_4335.png,c:\Users\HP\OneDrive\Desktop\Flood_AI_Dataset\05_S1GFloods\A\image_4335.png,c:\Users\HP\OneDrive\Desktop\Flood_AI_Dataset\05_S1GFloods\B\image_4335.png,c:\Users\HP\OneDrive\Desktop\Flood_AI_Dataset\05_S1GFloods\Label\image_4335.png,5.6137,1
image_90.png,c:\Users\HP\OneDrive\Desktop\Flood_AI_Dataset\05_S1GFloods\A\image_90.png,c:\Users\HP\OneDrive\Desktop\Flood_AI_Dataset\05_S1GFloods\B\image_90.png,c:\Users\HP\OneDrive\Desktop\Flood_AI_Dataset\05_S1GFloods\Label\image_90.png,91.1819,2
image_2578.png,c:\Users\HP\OneDrive\Desktop\Flood_AI_Dataset\05_S1GFloods\A\image_2578.png,c:\Users\HP\OneDrive\Desktop\Flood_AI_Dataset\05_S1GFloods\B\image_2578.png,c:\Users\HP\OneDrive\Desktop\Flood_AI_Dataset\05_S1GFloods\Label\image_2578.png,83.0139,2
image_4033.png,c:\Users\HP\OneDrive\Desktop\Flood_AI_Dataset\05_S1GFloods\A\image_4033.png,c:\Users\HP\OneDrive\Desktop\Flood_AI_Dataset\05_S1GFloods\B\image_4033.png,c:\Users\HP\OneDrive\Desktop\Flood_AI_Dataset\05_S1GFloods\Label\image_4033.png,6.9031,1
image_15.png,c:\Users\HP\OneDrive\Desktop\Flood_AI_Dataset\05_S1GFloods\A\image_15.png,c:\Users\HP\OneDrive\Desktop\Flood_AI_Dataset\05_S1GFloods\B\image_15.png,c:\Users\HP\OneDrive\Desktop\Flood_AI_Dataset\05_S1GFloods\Label\image_15.png,15.2069,2
image_3838.png,c:\Users\HP\OneDrive\Desktop\Flood_AI_Dataset\05_S1GFloods\A\image_3838.png,c:\Users\HP\OneDrive\Desktop\Flood_AI_Dataset\05_S1GFloods\B\image_3838.png,c:\Users\HP\OneDrive\Desktop\Flood_AI_Dataset\05_S1GFloods\Label\image_3838.png,11.5662,2
image_3179.png,c:\Users\HP\OneDrive\Desktop\Flood_AI_Dataset\05_S1GFloods\A\image_3179.png,c:\Users\HP\OneDrive\Desktop\Flood_AI_Dataset\05_S1GFloods\B\image_3179.png,c:\Users\HP\OneDrive\Desktop\Flood_AI_Dataset\05_S1GFloods\Label\image_3179.png,27.7283,2
image_107.png,c:\Users\HP\OneDrive\Desktop\Flood_AI_Dataset\05_S1GFloods\A\image_107.png,c:\Users\HP\OneDrive\Desktop\Flood_AI_Dataset\05_S1GFloods\B\image_107.png,c:\Users\HP\OneDrive\Desktop\Flood_AI_Dataset\05_S1GFloods\Label\image_107.png,42.334,2
image_47.png,c:\Users\HP\OneDrive\Desktop\Flood_AI_Dataset\05_S1GFloods\A\image_47.png,c:\Users\HP\OneDrive\Desktop\Flood_AI_Dataset\05_S1GFloods\B\image_47.png,c:\Users\HP\OneDrive\Desktop\Flood_AI_Dataset\05_S1GFloods\Label\image_47.png,5.6671,1
image_615.png,c:\Users\HP\OneDrive\Desktop\Flood_AI_Dataset\05_S1GFloods\A\image_615.png,c:\Users\HP\OneDrive\Desktop\Flood_AI_Dataset\05_S1GFloods\B\image_615.png,c:\Users\HP\OneDrive\Desktop\Flood_AI_Dataset\05_S1GFloods\Label\image_615.png,86.8195,2
image_1564.png,c:\Users\HP\OneDrive\Desktop\Flood_AI_Dataset\05_S1GFloods\A\image_1564.png,c:\Users\HP\OneDrive\Desktop\Flood_AI_Dataset\05_S1GFloods\B\image_1564.png,c:\Users\HP\OneDrive\Desktop\Flood_AI_Dataset\05_S1GFloods\Label\image_1564.png,24.4568,2
image_1.png,c:\Users\HP\OneDrive\Desktop\Flood_AI_Dataset\05_S1GFloods\A\image_1.png,c:\Users\HP\OneDrive\Desktop\Flood_AI_Dataset\05_S1GFloods\B\image_1.png,c:\Users\HP\OneDrive\Desktop\Flood_AI_Dataset\05_S1GFloods\Label\image_1.png,26.889,2
image_2124.png,c:\Users\HP\OneDrive\Desktop\Flood_AI_Dataset\05_S1GFloods\A\image_2124.png,c:\Users\HP\OneDrive\Desktop\Flood_AI_Dataset\05_S1GFloods\B\image_2124.png,c:\Users\HP\OneDrive\Desktop\Flood_AI_Dataset\05_S1GFloods\Label\image_2124.png,5.4123,1
image_3735.png,c:\Users\HP\OneDrive\Desktop\Flood_AI_Dataset\05_S1GFloods\A\image_3735.png,c:\Users\HP\OneDrive\Desktop\Flood_AI_Dataset\05_S1GFloods\B\image_3735.png,c:\Users\HP\OneDrive\Desktop\Flood_AI_Dataset\05_S1GFloods\Label\image_3735.png,97.0032,2
image_352.png,c:\Users\HP\OneDrive\Desktop\Flood_AI_Dataset\05_S1GFloods\A\image_352.png,c:\Users\HP\OneDrive\Desktop\Flood_AI_Dataset\05_S1GFloods\B\image_352.png,c:\Users\HP\OneDrive\Desktop\Flood_AI_Dataset\05_S1GFloods\Label\image_352.png,25.8301,2
image_2214.png,c:\Users\HP\OneDrive\Desktop\Flood_AI_Dataset\05_S1GFloods\A\image_2214.png,c:\Users\HP\OneDrive\Desktop\Flood_AI_Dataset\05_S1GFloods\B\image_2214.png,c:\Users\HP\OneDrive\Desktop\Flood_AI_Dataset\05_S1GFloods\Label\image_2214.png,5.5984,1
image_4649.png,c:\Users\HP\OneDrive\Desktop\Flood_AI_Dataset\05_S1GFloods\A\image_4649.png,c:\Users\HP\OneDrive\Desktop\Flood_AI_Dataset\05_S1GFloods\B\image_4649.png,c:\Users\HP\OneDrive\Desktop\Flood_AI_Dataset\05_S1GFloods\Label\image_4649.png,6.6772,1
image_1545.png,c:\Users\HP\OneDrive\Desktop\Flood_AI_Dataset\05_S1GFloods\A\image_1545.png,c:\Users\HP\OneDrive\Desktop\Flood_AI_Dataset\05_S1GFloods\B\image_1545.png,c:\Users\HP\OneDrive\Desktop\Flood_AI_Dataset\05_S1GFloods\Label\image_1545.png,61.5326,2
image_2797.png,c:\Users\HP\OneDrive\Desktop\Flood_AI_Dataset\05_S1GFloods\A\image_2797.png,c:\Users\HP\OneDrive\Desktop\Flood_AI_Dataset\05_S1GFloods\B\image_2797.png,c:\Users\HP\OneDrive\Desktop\Flood_AI_Dataset\05_S1GFloods\Label\image_2797.png,44.6198,2
image_4935.png,c:\Users\HP\OneDrive\Desktop\Flood_AI_Dataset\05_S1GFloods\A\image_4935.png,c:\Users\HP\OneDrive\Desktop\Flood_AI_Dataset\05_S1GFloods\B\image_4935.png,c:\Users\HP\OneDrive\Desktop\Flood_AI_Dataset\05_S1GFloods\Label\image_4935.png,7.9132,1
image_881.png,c:\Users\HP\OneDrive\Desktop\Flood_AI_Dataset\05_S1GFloods\A\image_881.png,c:\Users\HP\OneDrive\Desktop\Flood_AI_Dataset\05_S1GFloods\B\image_881.png,c:\Users\HP\OneDrive\Desktop\Flood_AI_Dataset\05_S1GFloods\Label\image_881.png,91.5665,2
image_1964.png,c:\Users\HP\OneDrive\Desktop\Flood_AI_Dataset\05_S1GFloods\A\image_1964.png,c:\Users\HP\OneDrive\Desktop\Flood_AI_Dataset\05_S1GFloods\B\image_1964.png,c:\Users\HP\OneDrive\Desktop\Flood_AI_Dataset\05_S1GFloods\Label\image_1964.png,9.021,1
image_4771.png,c:\Users\HP\OneDrive\Desktop\Flood_AI_Dataset\05_S1GFloods\A\image_4771.png,c:\Users\HP\OneDrive\Desktop\Flood_AI_Dataset\05_S1GFloods\B\image_4771.png,c:\Users\HP\OneDrive\Desktop\Flood_AI_Dataset\05_S1GFloods\Label\image_4771.png,7.7698,1
image_476.png,c:\Users\HP\OneDrive\Desktop\Flood_AI_Dataset\05_S1GFloods\A\image_476.png,c:\Users\HP\OneDrive\Desktop\Flood_AI_Dataset\05_S1GFloods\B\image_476.png,c:\Users\HP\OneDrive\Desktop\Flood_AI_Dataset\05_S1GFloods\Label\image_476.png,14.7919,2
image_1347.png,c:\Users\HP\OneDrive\Desktop\Flood_AI_Dataset\05_S1GFloods\A\image_1347.png,c:\Users\HP\OneDrive\Desktop\Flood_AI_Dataset\05_S1GFloods\B\image_1347.png,c:\Users\HP\OneDrive\Desktop\Flood_AI_Dataset\05_S1GFloods\Label\image_1347.png,30.6503,2
image_509.png,c:\Users\HP\OneDrive\Desktop\Flood_AI_Dataset\05_S1GFloods\A\image_509.png,c:\Users\HP\OneDrive\Desktop\Flood_AI_Dataset\05_S1GFloods\B\image_509.png,c:\Users\HP\OneDrive\Desktop\Flood_AI_Dataset\05_S1GFloods\Label\image_509.png,21.0434,2
image_385.png,c:\Users\HP\OneDrive\Desktop\Flood_AI_Dataset\05_S1GFloods\A\image_385.png,c:\Users\HP\OneDrive\Desktop\Flood_AI_Dataset\05_S1GFloods\B\image_385.png,c:\Users\HP\OneDrive\Desktop\Flood_AI_Dataset\05_S1GFloods\Label\image_385.png,74.4583,2
image_2273.png,c:\Users\HP\OneDrive\Desktop\Flood_AI_Dataset\05_S1GFloods\A\image_2273.png,c:\Users\HP\OneDrive\Desktop\Flood_AI_Dataset\05_S1GFloods\B\image_2273.png,c:\Users\HP\OneDrive\Desktop\Flood_AI_Dataset\05_S1GFloods\Label\image_2273.png,44.2657,2
image_1814.png,c:\Users\HP\OneDrive\Desktop\Flood_AI_Dataset\05_S1GFloods\A\image_1814.png,c:\Users\HP\OneDrive\Desktop\Flood_AI_Dataset\05_S1GFloods\B\image_1814.png,c:\Users\HP\OneDrive\Desktop\Flood_AI_Dataset\05_S1GFloods\Label\image_1814.png,6.2225,1
image_697.png,c:\Users\HP\OneDrive\Desktop\Flood_AI_Dataset\05_S1GFloods\A\image_697.png,c:\Users\HP\OneDrive\Desktop\Flood_AI_Dataset\05_S1GFloods\B\image_697.png,c:\Users\HP\OneDrive\Desktop\Flood_AI_Dataset\05_S1GFloods\Label\image_697.png,26.7288,2
image_337.png,c:\Users\HP\OneDrive\Desktop\Flood_AI_Dataset\05_S1GFloods\A\image_337.png,c:\Users\HP\OneDrive\Desktop\Flood_AI_Dataset\05_S1GFloods\B\image_337.png,c:\Users\HP\OneDrive\Desktop\Flood_AI_Dataset\05_S1GFloods\Label\image_337.png,27.5986,2
image_5111.png,c:\Users\HP\OneDrive\Desktop\Flood_AI_Dataset\05_S1GFloods\A\image_5111.png,c:\Users\HP\OneDrive\Desktop\Flood_AI_Dataset\05_S1GFloods\B\image_5111.png,c:\Users\HP\OneDrive\Desktop\Flood_AI_Dataset\05_S1GFloods\Label\image_5111.png,19.9402,2
image_3840.png,c:\Users\HP\OneDrive\Desktop\Flood_AI_Dataset\05_S1GFloods\A\image_3840.png,c:\Users\HP\OneDrive\Desktop\Flood_AI_Dataset\05_S1GFloods\B\image_3840.png,c:\Users\HP\OneDrive\Desktop\Flood_AI_Dataset\05_S1GFloods\Label\image_3840.png,32.3792,2
image_891.png,c:\Users\HP\OneDrive\Desktop\Flood_AI_Dataset\05_S1GFloods\A\image_891.png,c:\Users\HP\OneDrive\Desktop\Flood_AI_Dataset\05_S1GFloods\B\image_891.png,c:\Users\HP\OneDrive\Desktop\Flood_AI_Dataset\05_S1GFloods\Label\image_891.png,49.5575,2
image_45.png,c:\Users\HP\OneDrive\Desktop\Flood_AI_Dataset\05_S1GFloods\A\image_45.png,c:\Users\HP\OneDrive\Desktop\Flood_AI_Dataset\05_S1GFloods\B\image_45.png,c:\Users\HP\OneDrive\Desktop\Flood_AI_Dataset\05_S1GFloods\Label\image_45.png,50.3494,2
image_3844.png,c:\Users\HP\OneDrive\Desktop\Flood_AI_Dataset\05_S1GFloods\A\image_3844.png,c:\Users\HP\OneDrive\Desktop\Flood_AI_Dataset\05_S1GFloods\B\image_3844.png,c:\Users\HP\OneDrive\Desktop\Flood_AI_Dataset\05_S1GFloods\Label\image_3844.png,90.5472,2
image_4582.png,c:\Users\HP\OneDrive\Desktop\Flood_AI_Dataset\05_S1GFloods\A\image_4582.png,c:\Users\HP\OneDrive\Desktop\Flood_AI_Dataset\05_S1GFloods\B\image_4582.png,c:\Users\HP\OneDrive\Desktop\Flood_AI_Dataset\05_S1GFloods\Label\image_4582.png,17.7124,2
image_2928.png,c:\Users\HP\OneDrive\Desktop\Flood_AI_Dataset\05_S1GFloods\A\image_2928.png,c:\Users\HP\OneDrive\Desktop\Flood_AI_Dataset\05_S1GFloods\B\image_2928.png,c:\Users\HP\OneDrive\Desktop\Flood_AI_Dataset\05_S1GFloods\Label\image_2928.png,46.1548,2
image_5167.png,c:\Users\HP\OneDrive\Desktop\Flood_AI_Dataset\05_S1GFloods\A\image_5167.png,c:\Users\HP\OneDrive\Desktop\Flood_AI_Dataset\05_S1GFloods\B\image_5167.png,c:\Users\HP\OneDrive\Desktop\Flood_AI_Dataset\05_S1GFloods\Label\image_5167.png,12.1002,2
image_2924.png,c:\Users\HP\OneDrive\Desktop\Flood_AI_Dataset\05_S1GFloods\A\image_2924.png,c:\Users\HP\OneDrive\Desktop\Flood_AI_Dataset\05_S1GFloods\B\image_2924.png,c:\Users\HP\OneDrive\Desktop\Flood_AI_Dataset\05_S1GFloods\Label\image_2924.png,10.9024,2
image_761.png,c:\Users\HP\OneDrive\Desktop\Flood_AI_Dataset\05_S1GFloods\A\image_761.png,c:\Users\HP\OneDrive\Desktop\Flood_AI_Dataset\05_S1GFloods\B\image_761.png,c:\Users\HP\OneDrive\Desktop\Flood_AI_Dataset\05_S1GFloods\Label\image_761.png,23.8647,2
image_3407.png,c:\Users\HP\OneDrive\Desktop\Flood_AI_Dataset\05_S1GFloods\A\image_3407.png,c:\Users\HP\OneDrive\Desktop\Flood_AI_Dataset\05_S1GFloods\B\image_3407.png,c:\Users\HP\OneDrive\Desktop\Flood_AI_Dataset\05_S1GFloods\Label\image_3407.png,17.4728,2
image_3826.png,c:\Users\HP\OneDrive\Desktop\Flood_AI_Dataset\05_S1GFloods\A\image_3826.png,c:\Users\HP\OneDrive\Desktop\Flood_AI_Dataset\05_S1GFloods\B\image_3826.png,c:\Users\HP\OneDrive\Desktop\Flood_AI_Dataset\05_S1GFloods\Label\image_3826.png,5.6229,1
image_621.png,c:\Users\HP\OneDrive\Desktop\Flood_AI_Dataset\05_S1GFloods\A\image_621.png,c:\Users\HP\OneDrive\Desktop\Flood_AI_Dataset\05_S1GFloods\B\image_621.png,c:\Users\HP\OneDrive\Desktop\Flood_AI_Dataset\05_S1GFloods\Label\image_621.png,11.9705,2
image_4127.png,c:\Users\HP\OneDrive\Desktop\Flood_AI_Dataset\05_S1GFloods\A\image_4127.png,c:\Users\HP\OneDrive\Desktop\Flood_AI_Dataset\05_S1GFloods\B\image_4127.png,c:\Users\HP\OneDrive\Desktop\Flood_AI_Dataset\05_S1GFloods\Label\image_4127.png,6.2347,1
image_4289.png,c:\Users\HP\OneDrive\Desktop\Flood_AI_Dataset\05_S1GFloods\A\image_4289.png,c:\Users\HP\OneDrive\Desktop\Flood_AI_Dataset\05_S1GFloods\B\image_4289.png,c:\Users\HP\OneDrive\Desktop\Flood_AI_Dataset\05_S1GFloods\Label\image_4289.png,47.2733,2
image_5051.png,c:\Users\HP\OneDrive\Desktop\Flood_AI_Dataset\05_S1GFloods\A\image_5051.png,c:\Users\HP\OneDrive\Desktop\Flood_AI_Dataset\05_S1GFloods\B\image_5051.png,c:\Users\HP\OneDrive\Desktop\Flood_AI_Dataset\05_S1GFloods\Label\image_5051.png,18.1534,2
image_373.png,c:\Users\HP\OneDrive\Desktop\Flood_AI_Dataset\05_S1GFloods\A\image_373.png,c:\Users\HP\OneDrive\Desktop\Flood_AI_Dataset\05_S1GFloods\B\image_373.png,c:\Users\HP\OneDrive\Desktop\Flood_AI_Dataset\05_S1GFloods\Label\image_373.png,89.8026,2
image_4727.png,c:\Users\HP\OneDrive\Desktop\Flood_AI_Dataset\05_S1GFloods\A\image_4727.png,c:\Users\HP\OneDrive\Desktop\Flood_AI_Dataset\05_S1GFloods\B\image_4727.png,c:\Users\HP\OneDrive\Desktop\Flood_AI_Dataset\05_S1GFloods\Label\image_4727.png,8.3496,1
image_2584.png,c:\Users\HP\OneDrive\Desktop\Flood_AI_Dataset\05_S1GFloods\A\image_2584.png,c:\Users\HP\OneDrive\Desktop\Flood_AI_Dataset\05_S1GFloods\B\image_2584.png,c:\Users\HP\OneDrive\Desktop\Flood_AI_Dataset\05_S1GFloods\Label\image_2584.png,29.9362,2
image_2267.png,c:\Users\HP\OneDrive\Desktop\Flood_AI_Dataset\05_S1GFloods\A\image_2267.png,c:\Users\HP\OneDrive\Desktop\Flood_AI_Dataset\05_S1GFloods\B\image_2267.png,c:\Users\HP\OneDrive\Desktop\Flood_AI_Dataset\05_S1GFloods\Label\image_2267.png,8.2596,1
image_3811.png,c:\Users\HP\OneDrive\Desktop\Flood_AI_Dataset\05_S1GFloods\A\image_3811.png,c:\Users\HP\OneDrive\Desktop\Flood_AI_Dataset\05_S1GFloods\B\image_3811.png,c:\Users\HP\OneDrive\Desktop\Flood_AI_Dataset\05_S1GFloods\Label\image_3811.png,28.7231,2
image_3163.png,c:\Users\HP\OneDrive\Desktop\Flood_AI_Dataset\05_S1GFloods\A\image_3163.png,c:\Users\HP\OneDrive\Desktop\Flood_AI_Dataset\05_S1GFloods\B\image_3163.png,c:\Users\HP\OneDrive\Desktop\Flood_AI_Dataset\05_S1GFloods\Label\image_3163.png,13.8153,2
image_2357.png,c:\Users\HP\OneDrive\Desktop\Flood_AI_Dataset\05_S1GFloods\A\image_2357.png,c:\Users\HP\OneDrive\Desktop\Flood_AI_Dataset\05_S1GFloods\B\image_2357.png,c:\Users\HP\OneDrive\Desktop\Flood_AI_Dataset\05_S1GFloods\Label\image_2357.png,8.371,1
image_420.png,c:\Users\HP\OneDrive\Desktop\Flood_AI_Dataset\05_S1GFloods\A\image_420.png,c:\Users\HP\OneDrive\Desktop\Flood_AI_Dataset\05_S1GFloods\B\image_420.png,c:\Users\HP\OneDrive\Desktop\Flood_AI_Dataset\05_S1GFloods\Label\image_420.png,25.5524,2
image_5118.png,c:\Users\HP\OneDrive\Desktop\Flood_AI_Dataset\05_S1GFloods\A\image_5118.png,c:\Users\HP\OneDrive\Desktop\Flood_AI_Dataset\05_S1GFloods\B\image_5118.png,c:\Users\HP\OneDrive\Desktop\Flood_AI_Dataset\05_S1GFloods\Label\image_5118.png,37.9166,2
image_3815.png,c:\Users\HP\OneDrive\Desktop\Flood_AI_Dataset\05_S1GFloods\A\image_3815.png,c:\Users\HP\OneDrive\Desktop\Flood_AI_Dataset\05_S1GFloods\B\image_3815.png,c:\Users\HP\OneDrive\Desktop\Flood_AI_Dataset\05_S1GFloods\Label\image_3815.png,11.9308,2
image_4396.png,c:\Users\HP\OneDrive\Desktop\Flood_AI_Dataset\05_S1GFloods\A\image_4396.png,c:\Users\HP\OneDrive\Desktop\Flood_AI_Dataset\05_S1GFloods\B\image_4396.png,c:\Users\HP\OneDrive\Desktop\Flood_AI_Dataset\05_S1GFloods\Label\image_4396.png,5.3329,1
image_2959.png,c:\Users\HP\OneDrive\Desktop\Flood_AI_Dataset\05_S1GFloods\A\image_2959.png,c:\Users\HP\OneDrive\Desktop\Flood_AI_Dataset\05_S1GFloods\B\image_2959.png,c:\Users\HP\OneDrive\Desktop\Flood_AI_Dataset\05_S1GFloods\Label\image_2959.png,22.1786,2
image_297.png,c:\Users\HP\OneDrive\Desktop\Flood_AI_Dataset\05_S1GFloods\A\image_297.png,c:\Users\HP\OneDrive\Desktop\Flood_AI_Dataset\05_S1GFloods\B\image_297.png,c:\Users\HP\OneDrive\Desktop\Flood_AI_Dataset\05_S1GFloods\Label\image_297.png,36.4441,2
image_3024.png,c:\Users\HP\OneDrive\Desktop\Flood_AI_Dataset\05_S1GFloods\A\image_3024.png,c:\Users\HP\OneDrive\Desktop\Flood_AI_Dataset\05_S1GFloods\B\image_3024.png,c:\Users\HP\OneDrive\Desktop\Flood_AI_Dataset\05_S1GFloods\Label\image_3024.png,24.0707,2
image_1022.png,c:\Users\HP\OneDrive\Desktop\Flood_AI_Dataset\05_S1GFloods\A\image_1022.png,c:\Users\HP\OneDrive\Desktop\Flood_AI_Dataset\05_S1GFloods\B\image_1022.png,c:\Users\HP\OneDrive\Desktop\Flood_AI_Dataset\05_S1GFloods\Label\image_1022.png,73.3398,2
image_4353.png,c:\Users\HP\OneDrive\Desktop\Flood_AI_Dataset\05_S1GFloods\A\image_4353.png,c:\Users\HP\OneDrive\Desktop\Flood_AI_Dataset\05_S1GFloods\B\image_4353.png,c:\Users\HP\OneDrive\Desktop\Flood_AI_Dataset\05_S1GFloods\Label\image_4353.png,92.0227,2
image_4448.png,c:\Users\HP\OneDrive\Desktop\Flood_AI_Dataset\05_S1GFloods\A\image_4448.png,c:\Users\HP\OneDrive\Desktop\Flood_AI_Dataset\05_S1GFloods\B\image_4448.png,c:\Users\HP\OneDrive\Desktop\Flood_AI_Dataset\05_S1GFloods\Label\image_4448.png,18.5257,2
image_1135.png,c:\Users\HP\OneDrive\Desktop\Flood_AI_Dataset\05_S1GFloods\A\image_1135.png,c:\Users\HP\OneDrive\Desktop\Flood_AI_Dataset\05_S1GFloods\B\image_1135.png,c:\Users\HP\OneDrive\Desktop\Flood_AI_Dataset\05_S1GFloods\Label\image_1135.png,14.5157,2
image_2531.png,c:\Users\HP\OneDrive\Desktop\Flood_AI_Dataset\05_S1GFloods\A\image_2531.png,c:\Users\HP\OneDrive\Desktop\Flood_AI_Dataset\05_S1GFloods\B\image_2531.png,c:\Users\HP\OneDrive\Desktop\Flood_AI_Dataset\05_S1GFloods\Label\image_2531.png,11.1969,2
image_1441.png,c:\Users\HP\OneDrive\Desktop\Flood_AI_Dataset\05_S1GFloods\A\image_1441.png,c:\Users\HP\OneDrive\Desktop\Flood_AI_Dataset\05_S1GFloods\B\image_1441.png,c:\Users\HP\OneDrive\Desktop\Flood_AI_Dataset\05_S1GFloods\Label\image_1441.png,8.8043,1
image_631.png,c:\Users\HP\OneDrive\Desktop\Flood_AI_Dataset\05_S1GFloods\A\image_631.png,c:\Users\HP\OneDrive\Desktop\Flood_AI_Dataset\05_S1GFloods\B\image_631.png,c:\Users\HP\OneDrive\Desktop\Flood_AI_Dataset\05_S1GFloods\Label\image_631.png,89.0991,2
image_4025.png,c:\Users\HP\OneDrive\Desktop\Flood_AI_Dataset\05_S1GFloods\A\image_4025.png,c:\Users\HP\OneDrive\Desktop\Flood_AI_Dataset\05_S1GFloods\B\image_4025.png,c:\Users\HP\OneDrive\Desktop\Flood_AI_Dataset\05_S1GFloods\Label\image_4025.png,10.466,2
image_2765.png,c:\Users\HP\OneDrive\Desktop\Flood_AI_Dataset\05_S1GFloods\A\image_2765.png,c:\Users\HP\OneDrive\Desktop\Flood_AI_Dataset\05_S1GFloods\B\image_2765.png,c:\Users\HP\OneDrive\Desktop\Flood_AI_Dataset\05_S1GFloods\Label\image_2765.png,12.8784,2
image_3321.png,c:\Users\HP\OneDrive\Desktop\Flood_AI_Dataset\05_S1GFloods\A\image_3321.png,c:\Users\HP\OneDrive\Desktop\Flood_AI_Dataset\05_S1GFloods\B\image_3321.png,c:\Users\HP\OneDrive\Desktop\Flood_AI_Dataset\05_S1GFloods\Label\image_3321.png,43.0191,2
image_1216.png,c:\Users\HP\OneDrive\Desktop\Flood_AI_Dataset\05_S1GFloods\A\image_1216.png,c:\Users\HP\OneDrive\Desktop\Flood_AI_Dataset\05_S1GFloods\B\image_1216.png,c:\Users\HP\OneDrive\Desktop\Flood_AI_Dataset\05_S1GFloods\Label\image_1216.png,76.2741,2
image_1621.png,c:\Users\HP\OneDrive\Desktop\Flood_AI_Dataset\05_S1GFloods\A\image_1621.png,c:\Users\HP\OneDrive\Desktop\Flood_AI_Dataset\05_S1GFloods\B\image_1621.png,c:\Users\HP\OneDrive\Desktop\Flood_AI_Dataset\05_S1GFloods\Label\image_1621.png,5.835,1
image_3112.png,c:\Users\HP\OneDrive\Desktop\Flood_AI_Dataset\05_S1GFloods\A\image_3112.png,c:\Users\HP\OneDrive\Desktop\Flood_AI_Dataset\05_S1GFloods\B\image_3112.png,c:\Users\HP\OneDrive\Desktop\Flood_AI_Dataset\05_S1GFloods\Label\image_3112.png,5.1208,1
image_3857.png,c:\Users\HP\OneDrive\Desktop\Flood_AI_Dataset\05_S1GFloods\A\image_3857.png,c:\Users\HP\OneDrive\Desktop\Flood_AI_Dataset\05_S1GFloods\B\image_3857.png,c:\Users\HP\OneDrive\Desktop\Flood_AI_Dataset\05_S1GFloods\Label\image_3857.png,46.6736,2
image_4698.png,c:\Users\HP\OneDrive\Desktop\Flood_AI_Dataset\05_S1GFloods\A\image_4698.png,c:\Users\HP\OneDrive\Desktop\Flood_AI_Dataset\05_S1GFloods\B\image_4698.png,c:\Users\HP\OneDrive\Desktop\Flood_AI_Dataset\05_S1GFloods\Label\image_4698.png,11.8896,2
image_3579.png,c:\Users\HP\OneDrive\Desktop\Flood_AI_Dataset\05_S1GFloods\A\image_3579.png,c:\Users\HP\OneDrive\Desktop\Flood_AI_Dataset\05_S1GFloods\B\image_3579.png,c:\Users\HP\OneDrive\Desktop\Flood_AI_Dataset\05_S1GFloods\Label\image_3579.png,11.4777,2
image_402.png,c:\Users\HP\OneDrive\Desktop\Flood_AI_Dataset\05_S1GFloods\A\image_402.png,c:\Users\HP\OneDrive\Desktop\Flood_AI_Dataset\05_S1GFloods\B\image_402.png,c:\Users\HP\OneDrive\Desktop\Flood_AI_Dataset\05_S1GFloods\Label\image_402.png,59.8648,2
image_5278.png,c:\Users\HP\OneDrive\Desktop\Flood_AI_Dataset\05_S1GFloods\A\image_5278.png,c:\Users\HP\OneDrive\Desktop\Flood_AI_Dataset\05_S1GFloods\B\image_5278.png,c:\Users\HP\OneDrive\Desktop\Flood_AI_Dataset\05_S1GFloods\Label\image_5278.png,7.9117,1
image_3095.png,c:\Users\HP\OneDrive\Desktop\Flood_AI_Dataset\05_S1GFloods\A\image_3095.png,c:\Users\HP\OneDrive\Desktop\Flood_AI_Dataset\05_S1GFloods\B\image_3095.png,c:\Users\HP\OneDrive\Desktop\Flood_AI_Dataset\05_S1GFloods\Label\image_3095.png,21.3608,2
image_3278.png,c:\Users\HP\OneDrive\Desktop\Flood_AI_Dataset\05_S1GFloods\A\image_3278.png,c:\Users\HP\OneDrive\Desktop\Flood_AI_Dataset\05_S1GFloods\B\image_3278.png,c:\Users\HP\OneDrive\Desktop\Flood_AI_Dataset\05_S1GFloods\Label\image_3278.png,12.6434,2
image_1333.png,c:\Users\HP\OneDrive\Desktop\Flood_AI_Dataset\05_S1GFloods\A\image_1333.png,c:\Users\HP\OneDrive\Desktop\Flood_AI_Dataset\05_S1GFloods\B\image_1333.png,c:\Users\HP\OneDrive\Desktop\Flood_AI_Dataset\05_S1GFloods\Label\image_1333.png,75.6027,2
image_3111.png,c:\Users\HP\OneDrive\Desktop\Flood_AI_Dataset\05_S1GFloods\A\image_3111.png,c:\Users\HP\OneDrive\Desktop\Flood_AI_Dataset\05_S1GFloods\B\image_3111.png,c:\Users\HP\OneDrive\Desktop\Flood_AI_Dataset\05_S1GFloods\Label\image_3111.png,58.3008,2
image_2729.png,c:\Users\HP\OneDrive\Desktop\Flood_AI_Dataset\05_S1GFloods\A\image_2729.png,c:\Users\HP\OneDrive\Desktop\Flood_AI_Dataset\05_S1GFloods\B\image_2729.png,c:\Users\HP\OneDrive\Desktop\Flood_AI_Dataset\05_S1GFloods\Label\image_2729.png,88.4506,2
image_3368.png,c:\Users\HP\OneDrive\Desktop\Flood_AI_Dataset\05_S1GFloods\A\image_3368.png,c:\Users\HP\OneDrive\Desktop\Flood_AI_Dataset\05_S1GFloods\B\image_3368.png,c:\Users\HP\OneDrive\Desktop\Flood_AI_Dataset\05_S1GFloods\Label\image_3368.png,6.8497,1
image_1240.png,c:\Users\HP\OneDrive\Desktop\Flood_AI_Dataset\05_S1GFloods\A\image_1240.png,c:\Users\HP\OneDrive\Desktop\Flood_AI_Dataset\05_S1GFloods\B\image_1240.png,c:\Users\HP\OneDrive\Desktop\Flood_AI_Dataset\05_S1GFloods\Label\image_1240.png,5.5573,1
image_5322.png,c:\Users\HP\OneDrive\Desktop\Flood_AI_Dataset\05_S1GFloods\A\image_5322.png,c:\Users\HP\OneDrive\Desktop\Flood_AI_Dataset\05_S1GFloods\B\image_5322.png,c:\Users\HP\OneDrive\Desktop\Flood_AI_Dataset\05_S1GFloods\Label\image_5322.png,12.5061,2
image_1209.png,c:\Users\HP\OneDrive\Desktop\Flood_AI_Dataset\05_S1GFloods\A\image_1209.png,c:\Users\HP\OneDrive\Desktop\Flood_AI_Dataset\05_S1GFloods\B\image_1209.png,c:\Users\HP\OneDrive\Desktop\Flood_AI_Dataset\05_S1GFloods\Label\image_1209.png,52.4445,2
image_2136.png,c:\Users\HP\OneDrive\Desktop\Flood_AI_Dataset\05_S1GFloods\A\image_2136.png,c:\Users\HP\OneDrive\Desktop\Flood_AI_Dataset\05_S1GFloods\B\image_2136.png,c:\Users\HP\OneDrive\Desktop\Flood_AI_Dataset\05_S1GFloods\Label\image_2136.png,12.1811,2
image_3685.png,c:\Users\HP\OneDrive\Desktop\Flood_AI_Dataset\05_S1GFloods\A\image_3685.png,c:\Users\HP\OneDrive\Desktop\Flood_AI_Dataset\05_S1GFloods\B\image_3685.png,c:\Users\HP\OneDrive\Desktop\Flood_AI_Dataset\05_S1GFloods\Label\image_3685.png,28.3356,2
image_1415.png,c:\Users\HP\OneDrive\Desktop\Flood_AI_Dataset\05_S1GFloods\A\image_1415.png,c:\Users\HP\OneDrive\Desktop\Flood_AI_Dataset\05_S1GFloods\B\image_1415.png,c:\Users\HP\OneDrive\Desktop\Flood_AI_Dataset\05_S1GFloods\Label\image_1415.png,32.6187,2
image_2624.png,c:\Users\HP\OneDrive\Desktop\Flood_AI_Dataset\05_S1GFloods\A\image_2624.png,c:\Users\HP\OneDrive\Desktop\Flood_AI_Dataset\05_S1GFloods\B\image_2624.png,c:\Users\HP\OneDrive\Desktop\Flood_AI_Dataset\05_S1GFloods\Label\image_2624.png,9.4025,1
image_524.png,c:\Users\HP\OneDrive\Desktop\Flood_AI_Dataset\05_S1GFloods\A\image_524.png,c:\Users\HP\OneDrive\Desktop\Flood_AI_Dataset\05_S1GFloods\B\image_524.png,c:\Users\HP\OneDrive\Desktop\Flood_AI_Dataset\05_S1GFloods\Label\image_524.png,12.7136,2
image_444.png,c:\Users\HP\OneDrive\Desktop\Flood_AI_Dataset\05_S1GFloods\A\image_444.png,c:\Users\HP\OneDrive\Desktop\Flood_AI_Dataset\05_S1GFloods\B\image_444.png,c:\Users\HP\OneDrive\Desktop\Flood_AI_Dataset\05_S1GFloods\Label\image_444.png,40.8768,2
image_2032.png,c:\Users\HP\OneDrive\Desktop\Flood_AI_Dataset\05_S1GFloods\A\image_2032.png,c:\Users\HP\OneDrive\Desktop\Flood_AI_Dataset\05_S1GFloods\B\image_2032.png,c:\Users\HP\OneDrive\Desktop\Flood_AI_Dataset\05_S1GFloods\Label\image_2032.png,5.0598,1
image_1431.png,c:\Users\HP\OneDrive\Desktop\Flood_AI_Dataset\05_S1GFloods\A\image_1431.png,c:\Users\HP\OneDrive\Desktop\Flood_AI_Dataset\05_S1GFloods\B\image_1431.png,c:\Users\HP\OneDrive\Desktop\Flood_AI_Dataset\05_S1GFloods\Label\image_1431.png,71.6141,2
image_1301.png,c:\Users\HP\OneDrive\Desktop\Flood_AI_Dataset\05_S1GFloods\A\image_1301.png,c:\Users\HP\OneDrive\Desktop\Flood_AI_Dataset\05_S1GFloods\B\image_1301.png,c:\Users\HP\OneDrive\Desktop\Flood_AI_Dataset\05_S1GFloods\Label\image_1301.png,5.1193,1
image_613.png,c:\Users\HP\OneDrive\Desktop\Flood_AI_Dataset\05_S1GFloods\A\image_613.png,c:\Users\HP\OneDrive\Desktop\Flood_AI_Dataset\05_S1GFloods\B\image_613.png,c:\Users\HP\OneDrive\Desktop\Flood_AI_Dataset\05_S1GFloods\Label\image_613.png,75.4532,2
image_3610.png,c:\Users\HP\OneDrive\Desktop\Flood_AI_Dataset\05_S1GFloods\A\image_3610.png,c:\Users\HP\OneDrive\Desktop\Flood_AI_Dataset\05_S1GFloods\B\image_3610.png,c:\Users\HP\OneDrive\Desktop\Flood_AI_Dataset\05_S1GFloods\Label\image_3610.png,6.2973,1
image_3170.png,c:\Users\HP\OneDrive\Desktop\Flood_AI_Dataset\05_S1GFloods\A\image_3170.png,c:\Users\HP\OneDrive\Desktop\Flood_AI_Dataset\05_S1GFloods\B\image_3170.png,c:\Users\HP\OneDrive\Desktop\Flood_AI_Dataset\05_S1GFloods\Label\image_3170.png,58.2718,2
image_3684.png,c:\Users\HP\OneDrive\Desktop\Flood_AI_Dataset\05_S1GFloods\A\image_3684.png,c:\Users\HP\OneDrive\Desktop\Flood_AI_Dataset\05_S1GFloods\B\image_3684.png,c:\Users\HP\OneDrive\Desktop\Flood_AI_Dataset\05_S1GFloods\Label\image_3684.png,8.223,1
image_2585.png,c:\Users\HP\OneDrive\Desktop\Flood_AI_Dataset\05_S1GFloods\A\image_2585.png,c:\Users\HP\OneDrive\Desktop\Flood_AI_Dataset\05_S1GFloods\B\image_2585.png,c:\Users\HP\OneDrive\Desktop\Flood_AI_Dataset\05_S1GFloods\Label\image_2585.png,70.8878,2
image_676.png,c:\Users\HP\OneDrive\Desktop\Flood_AI_Dataset\05_S1GFloods\A\image_676.png,c:\Users\HP\OneDrive\Desktop\Flood_AI_Dataset\05_S1GFloods\B\image_676.png,c:\Users\HP\OneDrive\Desktop\Flood_AI_Dataset\05_S1GFloods\Label\image_676.png,94.7617,2
image_2167.png,c:\Users\HP\OneDrive\Desktop\Flood_AI_Dataset\05_S1GFloods\A\image_2167.png,c:\Users\HP\OneDrive\Desktop\Flood_AI_Dataset\05_S1GFloods\B\image_2167.png,c:\Users\HP\OneDrive\Desktop\Flood_AI_Dataset\05_S1GFloods\Label\image_2167.png,17.9565,2
image_1883.png,c:\Users\HP\OneDrive\Desktop\Flood_AI_Dataset\05_S1GFloods\A\image_1883.png,c:\Users\HP\OneDrive\Desktop\Flood_AI_Dataset\05_S1GFloods\B\image_1883.png,c:\Users\HP\OneDrive\Desktop\Flood_AI_Dataset\05_S1GFloods\Label\image_1883.png,11.6714,2
image_4463.png,c:\Users\HP\OneDrive\Desktop\Flood_AI_Dataset\05_S1GFloods\A\image_4463.png,c:\Users\HP\OneDrive\Desktop\Flood_AI_Dataset\05_S1GFloods\B\image_4463.png,c:\Users\HP\OneDrive\Desktop\Flood_AI_Dataset\05_S1GFloods\Label\image_4463.png,54.2099,2
image_4220.png,c:\Users\HP\OneDrive\Desktop\Flood_AI_Dataset\05_S1GFloods\A\image_4220.png,c:\Users\HP\OneDrive\Desktop\Flood_AI_Dataset\05_S1GFloods\B\image_4220.png,c:\Users\HP\OneDrive\Desktop\Flood_AI_Dataset\05_S1GFloods\Label\image_4220.png,7.5439,1
image_2235.png,c:\Users\HP\OneDrive\Desktop\Flood_AI_Dataset\05_S1GFloods\A\image_2235.png,c:\Users\HP\OneDrive\Desktop\Flood_AI_Dataset\05_S1GFloods\B\image_2235.png,c:\Users\HP\OneDrive\Desktop\Flood_AI_Dataset\05_S1GFloods\Label\image_2235.png,8.5052,1
image_4266.png,c:\Users\HP\OneDrive\Desktop\Flood_AI_Dataset\05_S1GFloods\A\image_4266.png,c:\Users\HP\OneDrive\Desktop\Flood_AI_Dataset\05_S1GFloods\B\image_4266.png,c:\Users\HP\OneDrive\Desktop\Flood_AI_Dataset\05_S1GFloods\Label\image_4266.png,6.543,1
image_1318.png,c:\Users\HP\OneDrive\Desktop\Flood_AI_Dataset\05_S1GFloods\A\image_1318.png,c:\Users\HP\OneDrive\Desktop\Flood_AI_Dataset\05_S1GFloods\B\image_1318.png,c:\Users\HP\OneDrive\Desktop\Flood_AI_Dataset\05_S1GFloods\Label\image_1318.png,5.2383,1
image_311.png,c:\Users\HP\OneDrive\Desktop\Flood_AI_Dataset\05_S1GFloods\A\image_311.png,c:\Users\HP\OneDrive\Desktop\Flood_AI_Dataset\05_S1GFloods\B\image_311.png,c:\Users\HP\OneDrive\Desktop\Flood_AI_Dataset\05_S1GFloods\Label\image_311.png,11.2442,2
image_514.png,c:\Users\HP\OneDrive\Desktop\Flood_AI_Dataset\05_S1GFloods\A\image_514.png,c:\Users\HP\OneDrive\Desktop\Flood_AI_Dataset\05_S1GFloods\B\image_514.png,c:\Users\HP\OneDrive\Desktop\Flood_AI_Dataset\05_S1GFloods\Label\image_514.png,17.4652,2
image_1664.png,c:\Users\HP\OneDrive\Desktop\Flood_AI_Dataset\05_S1GFloods\A\image_1664.png,c:\Users\HP\OneDrive\Desktop\Flood_AI_Dataset\05_S1GFloods\B\image_1664.png,c:\Users\HP\OneDrive\Desktop\Flood_AI_Dataset\05_S1GFloods\Label\image_1664.png,14.5889,2
image_1570.png,c:\Users\HP\OneDrive\Desktop\Flood_AI_Dataset\05_S1GFloods\A\image_1570.png,c:\Users\HP\OneDrive\Desktop\Flood_AI_Dataset\05_S1GFloods\B\image_1570.png,c:\Users\HP\OneDrive\Desktop\Flood_AI_Dataset\05_S1GFloods\Label\image_1570.png,13.4705,2
image_4728.png,c:\Users\HP\OneDrive\Desktop\Flood_AI_Dataset\05_S1GFloods\A\image_4728.png,c:\Users\HP\OneDrive\Desktop\Flood_AI_Dataset\05_S1GFloods\B\image_4728.png,c:\Users\HP\OneDrive\Desktop\Flood_AI_Dataset\05_S1GFloods\Label\image_4728.png,5.7571,1
image_1064.png,c:\Users\HP\OneDrive\Desktop\Flood_AI_Dataset\05_S1GFloods\A\image_1064.png,c:\Users\HP\OneDrive\Desktop\Flood_AI_Dataset\05_S1GFloods\B\image_1064.png,c:\Users\HP\OneDrive\Desktop\Flood_AI_Dataset\05_S1GFloods\Label\image_1064.png,25.0153,2
image_4258.png,c:\Users\HP\OneDrive\Desktop\Flood_AI_Dataset\05_S1GFloods\A\image_4258.png,c:\Users\HP\OneDrive\Desktop\Flood_AI_Dataset\05_S1GFloods\B\image_4258.png,c:\Users\HP\OneDrive\Desktop\Flood_AI_Dataset\05_S1GFloods\Label\image_4258.png,28.1769,2
image_2526.png,c:\Users\HP\OneDrive\Desktop\Flood_AI_Dataset\05_S1GFloods\A\image_2526.png,c:\Users\HP\OneDrive\Desktop\Flood_AI_Dataset\05_S1GFloods\B\image_2526.png,c:\Users\HP\OneDrive\Desktop\Flood_AI_Dataset\05_S1GFloods\Label\image_2526.png,60.0052,2
image_4329.png,c:\Users\HP\OneDrive\Desktop\Flood_AI_Dataset\05_S1GFloods\A\image_4329.png,c:\Users\HP\OneDrive\Desktop\Flood_AI_Dataset\05_S1GFloods\B\image_4329.png,c:\Users\HP\OneDrive\Desktop\Flood_AI_Dataset\05_S1GFloods\Label\image_4329.png,98.2162,2
image_2891.png,c:\Users\HP\OneDrive\Desktop\Flood_AI_Dataset\05_S1GFloods\A\image_2891.png,c:\Users\HP\OneDrive\Desktop\Flood_AI_Dataset\05_S1GFloods\B\image_2891.png,c:\Users\HP\OneDrive\Desktop\Flood_AI_Dataset\05_S1GFloods\Label\image_2891.png,17.4133,2
image_2958.png,c:\Users\HP\OneDrive\Desktop\Flood_AI_Dataset\05_S1GFloods\A\image_2958.png,c:\Users\HP\OneDrive\Desktop\Flood_AI_Dataset\05_S1GFloods\B\image_2958.png,c:\Users\HP\OneDrive\Desktop\Flood_AI_Dataset\05_S1GFloods\Label\image_2958.png,64.9979,2
image_2767.png,c:\Users\HP\OneDrive\Desktop\Flood_AI_Dataset\05_S1GFloods\A\image_2767.png,c:\Users\HP\OneDrive\Desktop\Flood_AI_Dataset\05_S1GFloods\B\image_2767.png,c:\Users\HP\OneDrive\Desktop\Flood_AI_Dataset\05_S1GFloods\Label\image_2767.png,20.4636,2
image_349.png,c:\Users\HP\OneDrive\Desktop\Flood_AI_Dataset\05_S1GFloods\A\image_349.png,c:\Users\HP\OneDrive\Desktop\Flood_AI_Dataset\05_S1GFloods\B\image_349.png,c:\Users\HP\OneDrive\Desktop\Flood_AI_Dataset\05_S1GFloods\Label\image_349.png,37.6617,2
image_4185.png,c:\Users\HP\OneDrive\Desktop\Flood_AI_Dataset\05_S1GFloods\A\image_4185.png,c:\Users\HP\OneDrive\Desktop\Flood_AI_Dataset\05_S1GFloods\B\image_4185.png,c:\Users\HP\OneDrive\Desktop\Flood_AI_Dataset\05_S1GFloods\Label\image_4185.png,30.6778,2
image_4699.png,c:\Users\HP\OneDrive\Desktop\Flood_AI_Dataset\05_S1GFloods\A\image_4699.png,c:\Users\HP\OneDrive\Desktop\Flood_AI_Dataset\05_S1GFloods\B\image_4699.png,c:\Users\HP\OneDrive\Desktop\Flood_AI_Dataset\05_S1GFloods\Label\image_4699.png,18.0328,2
image_1807.png,c:\Users\HP\OneDrive\Desktop\Flood_AI_Dataset\05_S1GFloods\A\image_1807.png,c:\Users\HP\OneDrive\Desktop\Flood_AI_Dataset\05_S1GFloods\B\image_1807.png,c:\Users\HP\OneDrive\Desktop\Flood_AI_Dataset\05_S1GFloods\Label\image_1807.png,13.4689,2
image_1956.png,c:\Users\HP\OneDrive\Desktop\Flood_AI_Dataset\05_S1GFloods\A\image_1956.png,c:\Users\HP\OneDrive\Desktop\Flood_AI_Dataset\05_S1GFloods\B\image_1956.png,c:\Users\HP\OneDrive\Desktop\Flood_AI_Dataset\05_S1GFloods\Label\image_1956.png,35.0266,2
image_975.png,c:\Users\HP\OneDrive\Desktop\Flood_AI_Dataset\05_S1GFloods\A\image_975.png,c:\Users\HP\OneDrive\Desktop\Flood_AI_Dataset\05_S1GFloods\B\image_975.png,c:\Users\HP\OneDrive\Desktop\Flood_AI_Dataset\05_S1GFloods\Label\image_975.png,18.692,2
image_3969.png,c:\Users\HP\OneDrive\Desktop\Flood_AI_Dataset\05_S1GFloods\A\image_3969.png,c:\Users\HP\OneDrive\Desktop\Flood_AI_Dataset\05_S1GFloods\B\image_3969.png,c:\Users\HP\OneDrive\Desktop\Flood_AI_Dataset\05_S1GFloods\Label\image_3969.png,55.4138,2
image_3694.png,c:\Users\HP\OneDrive\Desktop\Flood_AI_Dataset\05_S1GFloods\A\image_3694.png,c:\Users\HP\OneDrive\Desktop\Flood_AI_Dataset\05_S1GFloods\B\image_3694.png,c:\Users\HP\OneDrive\Desktop\Flood_AI_Dataset\05_S1GFloods\Label\image_3694.png,39.0869,2
image_2892.png,c:\Users\HP\OneDrive\Desktop\Flood_AI_Dataset\05_S1GFloods\A\image_2892.png,c:\Users\HP\OneDrive\Desktop\Flood_AI_Dataset\05_S1GFloods\B\image_2892.png,c:\Users\HP\OneDrive\Desktop\Flood_AI_Dataset\05_S1GFloods\Label\image_2892.png,11.9446,2
image_3124.png,c:\Users\HP\OneDrive\Desktop\Flood_AI_Dataset\05_S1GFloods\A\image_3124.png,c:\Users\HP\OneDrive\Desktop\Flood_AI_Dataset\05_S1GFloods\B\image_3124.png,c:\Users\HP\OneDrive\Desktop\Flood_AI_Dataset\05_S1GFloods\Label\image_3124.png,77.9022,2
image_4787.png,c:\Users\HP\OneDrive\Desktop\Flood_AI_Dataset\05_S1GFloods\A\image_4787.png,c:\Users\HP\OneDrive\Desktop\Flood_AI_Dataset\05_S1GFloods\B\image_4787.png,c:\Users\HP\OneDrive\Desktop\Flood_AI_Dataset\05_S1GFloods\Label\image_4787.png,5.1743,1
image_1738.png,c:\Users\HP\OneDrive\Desktop\Flood_AI_Dataset\05_S1GFloods\A\image_1738.png,c:\Users\HP\OneDrive\Desktop\Flood_AI_Dataset\05_S1GFloods\B\image_1738.png,c:\Users\HP\OneDrive\Desktop\Flood_AI_Dataset\05_S1GFloods\Label\image_1738.png,59.2422,2
image_1492.png,c:\Users\HP\OneDrive\Desktop\Flood_AI_Dataset\05_S1GFloods\A\image_1492.png,c:\Users\HP\OneDrive\Desktop\Flood_AI_Dataset\05_S1GFloods\B\image_1492.png,c:\Users\HP\OneDrive\Desktop\Flood_AI_Dataset\05_S1GFloods\Label\image_1492.png,17.9092,2
image_5319.png,c:\Users\HP\OneDrive\Desktop\Flood_AI_Dataset\05_S1GFloods\A\image_5319.png,c:\Users\HP\OneDrive\Desktop\Flood_AI_Dataset\05_S1GFloods\B\image_5319.png,c:\Users\HP\OneDrive\Desktop\Flood_AI_Dataset\05_S1GFloods\Label\image_5319.png,14.8941,2
image_492.png,c:\Users\HP\OneDrive\Desktop\Flood_AI_Dataset\05_S1GFloods\A\image_492.png,c:\Users\HP\OneDrive\Desktop\Flood_AI_Dataset\05_S1GFloods\B\image_492.png,c:\Users\HP\OneDrive\Desktop\Flood_AI_Dataset\05_S1GFloods\Label\image_492.png,11.2885,2
image_2335.png,c:\Users\HP\OneDrive\Desktop\Flood_AI_Dataset\05_S1GFloods\A\image_2335.png,c:\Users\HP\OneDrive\Desktop\Flood_AI_Dataset\05_S1GFloods\B\image_2335.png,c:\Users\HP\OneDrive\Desktop\Flood_AI_Dataset\05_S1GFloods\Label\image_2335.png,5.9433,1
image_125.png,c:\Users\HP\OneDrive\Desktop\Flood_AI_Dataset\05_S1GFloods\A\image_125.png,c:\Users\HP\OneDrive\Desktop\Flood_AI_Dataset\05_S1GFloods\B\image_125.png,c:\Users\HP\OneDrive\Desktop\Flood_AI_Dataset\05_S1GFloods\Label\image_125.png,14.5584,2
image_1713.png,c:\Users\HP\OneDrive\Desktop\Flood_AI_Dataset\05_S1GFloods\A\image_1713.png,c:\Users\HP\OneDrive\Desktop\Flood_AI_Dataset\05_S1GFloods\B\image_1713.png,c:\Users\HP\OneDrive\Desktop\Flood_AI_Dataset\05_S1GFloods\Label\image_1713.png,27.565,2
image_4141.png,c:\Users\HP\OneDrive\Desktop\Flood_AI_Dataset\05_S1GFloods\A\image_4141.png,c:\Users\HP\OneDrive\Desktop\Flood_AI_Dataset\05_S1GFloods\B\image_4141.png,c:\Users\HP\OneDrive\Desktop\Flood_AI_Dataset\05_S1GFloods\Label\image_4141.png,24.1974,2
image_2382.png,c:\Users\HP\OneDrive\Desktop\Flood_AI_Dataset\05_S1GFloods\A\image_2382.png,c:\Users\HP\OneDrive\Desktop\Flood_AI_Dataset\05_S1GFloods\B\image_2382.png,c:\Users\HP\OneDrive\Desktop\Flood_AI_Dataset\05_S1GFloods\Label\image_2382.png,31.9809,2
image_3446.png,c:\Users\HP\OneDrive\Desktop\Flood_AI_Dataset\05_S1GFloods\A\image_3446.png,c:\Users\HP\OneDrive\Desktop\Flood_AI_Dataset\05_S1GFloods\B\image_3446.png,c:\Users\HP\OneDrive\Desktop\Flood_AI_Dataset\05_S1GFloods\Label\image_3446.png,8.0978,1
image_1191.png,c:\Users\HP\OneDrive\Desktop\Flood_AI_Dataset\05_S1GFloods\A\image_1191.png,c:\Users\HP\OneDrive\Desktop\Flood_AI_Dataset\05_S1GFloods\B\image_1191.png,c:\Users\HP\OneDrive\Desktop\Flood_AI_Dataset\05_S1GFloods\Label\image_1191.png,67.8986,2
image_2837.png,c:\Users\HP\OneDrive\Desktop\Flood_AI_Dataset\05_S1GFloods\A\image_2837.png,c:\Users\HP\OneDrive\Desktop\Flood_AI_Dataset\05_S1GFloods\B\image_2837.png,c:\Users\HP\OneDrive\Desktop\Flood_AI_Dataset\05_S1GFloods\Label\image_2837.png,27.0432,2
image_2033.png,c:\Users\HP\OneDrive\Desktop\Flood_AI_Dataset\05_S1GFloods\A\image_2033.png,c:\Users\HP\OneDrive\Desktop\Flood_AI_Dataset\05_S1GFloods\B\image_2033.png,c:\Users\HP\OneDrive\Desktop\Flood_AI_Dataset\05_S1GFloods\Label\image_2033.png,11.6806,2
image_3821.png,c:\Users\HP\OneDrive\Desktop\Flood_AI_Dataset\05_S1GFloods\A\image_3821.png,c:\Users\HP\OneDrive\Desktop\Flood_AI_Dataset\05_S1GFloods\B\image_3821.png,c:\Users\HP\OneDrive\Desktop\Flood_AI_Dataset\05_S1GFloods\Label\image_3821.png,77.0325,2
image_4026.png,c:\Users\HP\OneDrive\Desktop\Flood_AI_Dataset\05_S1GFloods\A\image_4026.png,c:\Users\HP\OneDrive\Desktop\Flood_AI_Dataset\05_S1GFloods\B\image_4026.png,c:\Users\HP\OneDrive\Desktop\Flood_AI_Dataset\05_S1GFloods\Label\image_4026.png,27.6993,2
image_3025.png,c:\Users\HP\OneDrive\Desktop\Flood_AI_Dataset\05_S1GFloods\A\image_3025.png,c:\Users\HP\OneDrive\Desktop\Flood_AI_Dataset\05_S1GFloods\B\image_3025.png,c:\Users\HP\OneDrive\Desktop\Flood_AI_Dataset\05_S1GFloods\Label\image_3025.png,19.7662,2
image_3186.png,c:\Users\HP\OneDrive\Desktop\Flood_AI_Dataset\05_S1GFloods\A\image_3186.png,c:\Users\HP\OneDrive\Desktop\Flood_AI_Dataset\05_S1GFloods\B\image_3186.png,c:\Users\HP\OneDrive\Desktop\Flood_AI_Dataset\05_S1GFloods\Label\image_3186.png,32.5348,2
image_4410.png,c:\Users\HP\OneDrive\Desktop\Flood_AI_Dataset\05_S1GFloods\A\image_4410.png,c:\Users\HP\OneDrive\Desktop\Flood_AI_Dataset\05_S1GFloods\B\image_4410.png,c:\Users\HP\OneDrive\Desktop\Flood_AI_Dataset\05_S1GFloods\Label\image_4410.png,20.1324,2
image_2623.png,c:\Users\HP\OneDrive\Desktop\Flood_AI_Dataset\05_S1GFloods\A\image_2623.png,c:\Users\HP\OneDrive\Desktop\Flood_AI_Dataset\05_S1GFloods\B\image_2623.png,c:\Users\HP\OneDrive\Desktop\Flood_AI_Dataset\05_S1GFloods\Label\image_2623.png,15.2588,2
image_2268.png,c:\Users\HP\OneDrive\Desktop\Flood_AI_Dataset\05_S1GFloods\A\image_2268.png,c:\Users\HP\OneDrive\Desktop\Flood_AI_Dataset\05_S1GFloods\B\image_2268.png,c:\Users\HP\OneDrive\Desktop\Flood_AI_Dataset\05_S1GFloods\Label\image_2268.png,20.3629,2
image_3177.png,c:\Users\HP\OneDrive\Desktop\Flood_AI_Dataset\05_S1GFloods\A\image_3177.png,c:\Users\HP\OneDrive\Desktop\Flood_AI_Dataset\05_S1GFloods\B\image_3177.png,c:\Users\HP\OneDrive\Desktop\Flood_AI_Dataset\05_S1GFloods\Label\image_3177.png,13.8428,2
image_3121.png,c:\Users\HP\OneDrive\Desktop\Flood_AI_Dataset\05_S1GFloods\A\image_3121.png,c:\Users\HP\OneDrive\Desktop\Flood_AI_Dataset\05_S1GFloods\B\image_3121.png,c:\Users\HP\OneDrive\Desktop\Flood_AI_Dataset\05_S1GFloods\Label\image_3121.png,49.9786,2
image_3664.png,c:\Users\HP\OneDrive\Desktop\Flood_AI_Dataset\05_S1GFloods\A\image_3664.png,c:\Users\HP\OneDrive\Desktop\Flood_AI_Dataset\05_S1GFloods\B\image_3664.png,c:\Users\HP\OneDrive\Desktop\Flood_AI_Dataset\05_S1GFloods\Label\image_3664.png,25.8804,2
image_4961.png,c:\Users\HP\OneDrive\Desktop\Flood_AI_Dataset\05_S1GFloods\A\image_4961.png,c:\Users\HP\OneDrive\Desktop\Flood_AI_Dataset\05_S1GFloods\B\image_4961.png,c:\Users\HP\OneDrive\Desktop\Flood_AI_Dataset\05_S1GFloods\Label\image_4961.png,5.2643,1
image_679.png,c:\Users\HP\OneDrive\Desktop\Flood_AI_Dataset\05_S1GFloods\A\image_679.png,c:\Users\HP\OneDrive\Desktop\Flood_AI_Dataset\05_S1GFloods\B\image_679.png,c:\Users\HP\OneDrive\Desktop\Flood_AI_Dataset\05_S1GFloods\Label\image_679.png,84.8114,2
image_3606.png,c:\Users\HP\OneDrive\Desktop\Flood_AI_Dataset\05_S1GFloods\A\image_3606.png,c:\Users\HP\OneDrive\Desktop\Flood_AI_Dataset\05_S1GFloods\B\image_3606.png,c:\Users\HP\OneDrive\Desktop\Flood_AI_Dataset\05_S1GFloods\Label\image_3606.png,14.3127,2
image_1575.png,c:\Users\HP\OneDrive\Desktop\Flood_AI_Dataset\05_S1GFloods\A\image_1575.png,c:\Users\HP\OneDrive\Desktop\Flood_AI_Dataset\05_S1GFloods\B\image_1575.png,c:\Users\HP\OneDrive\Desktop\Flood_AI_Dataset\05_S1GFloods\Label\image_1575.png,12.8647,2
image_2743.png,c:\Users\HP\OneDrive\Desktop\Flood_AI_Dataset\05_S1GFloods\A\image_2743.png,c:\Users\HP\OneDrive\Desktop\Flood_AI_Dataset\05_S1GFloods\B\image_2743.png,c:\Users\HP\OneDrive\Desktop\Flood_AI_Dataset\05_S1GFloods\Label\image_2743.png,71.0846,2
image_2255.png,c:\Users\HP\OneDrive\Desktop\Flood_AI_Dataset\05_S1GFloods\A\image_2255.png,c:\Users\HP\OneDrive\Desktop\Flood_AI_Dataset\05_S1GFloods\B\image_2255.png,c:\Users\HP\OneDrive\Desktop\Flood_AI_Dataset\05_S1GFloods\Label\image_2255.png,5.3543,1
image_1312.png,c:\Users\HP\OneDrive\Desktop\Flood_AI_Dataset\05_S1GFloods\A\image_1312.png,c:\Users\HP\OneDrive\Desktop\Flood_AI_Dataset\05_S1GFloods\B\image_1312.png,c:\Users\HP\OneDrive\Desktop\Flood_AI_Dataset\05_S1GFloods\Label\image_1312.png,8.8287,1
image_4290.png,c:\Users\HP\OneDrive\Desktop\Flood_AI_Dataset\05_S1GFloods\A\image_4290.png,c:\Users\HP\OneDrive\Desktop\Flood_AI_Dataset\05_S1GFloods\B\image_4290.png,c:\Users\HP\OneDrive\Desktop\Flood_AI_Dataset\05_S1GFloods\Label\image_4290.png,22.5159,2
image_2645.png,c:\Users\HP\OneDrive\Desktop\Flood_AI_Dataset\05_S1GFloods\A\image_2645.png,c:\Users\HP\OneDrive\Desktop\Flood_AI_Dataset\05_S1GFloods\B\image_2645.png,c:\Users\HP\OneDrive\Desktop\Flood_AI_Dataset\05_S1GFloods\Label\image_2645.png,76.3977,2
image_2710.png,c:\Users\HP\OneDrive\Desktop\Flood_AI_Dataset\05_S1GFloods\A\image_2710.png,c:\Users\HP\OneDrive\Desktop\Flood_AI_Dataset\05_S1GFloods\B\image_2710.png,c:\Users\HP\OneDrive\Desktop\Flood_AI_Dataset\05_S1GFloods\Label\image_2710.png,8.046,1
image_3753.png,c:\Users\HP\OneDrive\Desktop\Flood_AI_Dataset\05_S1GFloods\A\image_3753.png,c:\Users\HP\OneDrive\Desktop\Flood_AI_Dataset\05_S1GFloods\B\image_3753.png,c:\Users\HP\OneDrive\Desktop\Flood_AI_Dataset\05_S1GFloods\Label\image_3753.png,10.6445,2
image_1923.png,c:\Users\HP\OneDrive\Desktop\Flood_AI_Dataset\05_S1GFloods\A\image_1923.png,c:\Users\HP\OneDrive\Desktop\Flood_AI_Dataset\05_S1GFloods\B\image_1923.png,c:\Users\HP\OneDrive\Desktop\Flood_AI_Dataset\05_S1GFloods\Label\image_1923.png,7.4036,1
image_3507.png,c:\Users\HP\OneDrive\Desktop\Flood_AI_Dataset\05_S1GFloods\A\image_3507.png,c:\Users\HP\OneDrive\Desktop\Flood_AI_Dataset\05_S1GFloods\B\image_3507.png,c:\Users\HP\OneDrive\Desktop\Flood_AI_Dataset\05_S1GFloods\Label\image_3507.png,32.7484,2
image_3373.png,c:\Users\HP\OneDrive\Desktop\Flood_AI_Dataset\05_S1GFloods\A\image_3373.png,c:\Users\HP\OneDrive\Desktop\Flood_AI_Dataset\05_S1GFloods\B\image_3373.png,c:\Users\HP\OneDrive\Desktop\Flood_AI_Dataset\05_S1GFloods\Label\image_3373.png,11.7188,2
image_3846.png,c:\Users\HP\OneDrive\Desktop\Flood_AI_Dataset\05_S1GFloods\A\image_3846.png,c:\Users\HP\OneDrive\Desktop\Flood_AI_Dataset\05_S1GFloods\B\image_3846.png,c:\Users\HP\OneDrive\Desktop\Flood_AI_Dataset\05_S1GFloods\Label\image_3846.png,12.1231,2
image_3291.png,c:\Users\HP\OneDrive\Desktop\Flood_AI_Dataset\05_S1GFloods\A\image_3291.png,c:\Users\HP\OneDrive\Desktop\Flood_AI_Dataset\05_S1GFloods\B\image_3291.png,c:\Users\HP\OneDrive\Desktop\Flood_AI_Dataset\05_S1GFloods\Label\image_3291.png,50.5814,2
image_493.png,c:\Users\HP\OneDrive\Desktop\Flood_AI_Dataset\05_S1GFloods\A\image_493.png,c:\Users\HP\OneDrive\Desktop\Flood_AI_Dataset\05_S1GFloods\B\image_493.png,c:\Users\HP\OneDrive\Desktop\Flood_AI_Dataset\05_S1GFloods\Label\image_493.png,16.04,2
image_776.png,c:\Users\HP\OneDrive\Desktop\Flood_AI_Dataset\05_S1GFloods\A\image_776.png,c:\Users\HP\OneDrive\Desktop\Flood_AI_Dataset\05_S1GFloods\B\image_776.png,c:\Users\HP\OneDrive\Desktop\Flood_AI_Dataset\05_S1GFloods\Label\image_776.png,66.7099,2
image_1889.png,c:\Users\HP\OneDrive\Desktop\Flood_AI_Dataset\05_S1GFloods\A\image_1889.png,c:\Users\HP\OneDrive\Desktop\Flood_AI_Dataset\05_S1GFloods\B\image_1889.png,c:\Users\HP\OneDrive\Desktop\Flood_AI_Dataset\05_S1GFloods\Label\image_1889.png,8.9218,1
image_1516.png,c:\Users\HP\OneDrive\Desktop\Flood_AI_Dataset\05_S1GFloods\A\image_1516.png,c:\Users\HP\OneDrive\Desktop\Flood_AI_Dataset\05_S1GFloods\B\image_1516.png,c:\Users\HP\OneDrive\Desktop\Flood_AI_Dataset\05_S1GFloods\Label\image_1516.png,41.7633,2
image_2748.png,c:\Users\HP\OneDrive\Desktop\Flood_AI_Dataset\05_S1GFloods\A\image_2748.png,c:\Users\HP\OneDrive\Desktop\Flood_AI_Dataset\05_S1GFloods\B\image_2748.png,c:\Users\HP\OneDrive\Desktop\Flood_AI_Dataset\05_S1GFloods\Label\image_2748.png,33.7265,2
image_831.png,c:\Users\HP\OneDrive\Desktop\Flood_AI_Dataset\05_S1GFloods\A\image_831.png,c:\Users\HP\OneDrive\Desktop\Flood_AI_Dataset\05_S1GFloods\B\image_831.png,c:\Users\HP\OneDrive\Desktop\Flood_AI_Dataset\05_S1GFloods\Label\image_831.png,50.0443,2
image_143.png,c:\Users\HP\OneDrive\Desktop\Flood_AI_Dataset\05_S1GFloods\A\image_143.png,c:\Users\HP\OneDrive\Desktop\Flood_AI_Dataset\05_S1GFloods\B\image_143.png,c:\Users\HP\OneDrive\Desktop\Flood_AI_Dataset\05_S1GFloods\Label\image_143.png,98.8907,2
image_4076.png,c:\Users\HP\OneDrive\Desktop\Flood_AI_Dataset\05_S1GFloods\A\image_4076.png,c:\Users\HP\OneDrive\Desktop\Flood_AI_Dataset\05_S1GFloods\B\image_4076.png,c:\Users\HP\OneDrive\Desktop\Flood_AI_Dataset\05_S1GFloods\Label\image_4076.png,12.3199,2
image_2789.png,c:\Users\HP\OneDrive\Desktop\Flood_AI_Dataset\05_S1GFloods\A\image_2789.png,c:\Users\HP\OneDrive\Desktop\Flood_AI_Dataset\05_S1GFloods\B\image_2789.png,c:\Users\HP\OneDrive\Desktop\Flood_AI_Dataset\05_S1GFloods\Label\image_2789.png,16.5298,2
image_63.png,c:\Users\HP\OneDrive\Desktop\Flood_AI_Dataset\05_S1GFloods\A\image_63.png,c:\Users\HP\OneDrive\Desktop\Flood_AI_Dataset\05_S1GFloods\B\image_63.png,c:\Users\HP\OneDrive\Desktop\Flood_AI_Dataset\05_S1GFloods\Label\image_63.png,73.0133,2
image_1546.png,c:\Users\HP\OneDrive\Desktop\Flood_AI_Dataset\05_S1GFloods\A\image_1546.png,c:\Users\HP\OneDrive\Desktop\Flood_AI_Dataset\05_S1GFloods\B\image_1546.png,c:\Users\HP\OneDrive\Desktop\Flood_AI_Dataset\05_S1GFloods\Label\image_1546.png,35.7193,2
image_4898.png,c:\Users\HP\OneDrive\Desktop\Flood_AI_Dataset\05_S1GFloods\A\image_4898.png,c:\Users\HP\OneDrive\Desktop\Flood_AI_Dataset\05_S1GFloods\B\image_4898.png,c:\Users\HP\OneDrive\Desktop\Flood_AI_Dataset\05_S1GFloods\Label\image_4898.png,5.9326,1
image_5170.png,c:\Users\HP\OneDrive\Desktop\Flood_AI_Dataset\05_S1GFloods\A\image_5170.png,c:\Users\HP\OneDrive\Desktop\Flood_AI_Dataset\05_S1GFloods\B\image_5170.png,c:\Users\HP\OneDrive\Desktop\Flood_AI_Dataset\05_S1GFloods\Label\image_5170.png,21.1502,2
image_3597.png,c:\Users\HP\OneDrive\Desktop\Flood_AI_Dataset\05_S1GFloods\A\image_3597.png,c:\Users\HP\OneDrive\Desktop\Flood_AI_Dataset\05_S1GFloods\B\image_3597.png,c:\Users\HP\OneDrive\Desktop\Flood_AI_Dataset\05_S1GFloods\Label\image_3597.png,5.9692,1
image_148.png,c:\Users\HP\OneDrive\Desktop\Flood_AI_Dataset\05_S1GFloods\A\image_148.png,c:\Users\HP\OneDrive\Desktop\Flood_AI_Dataset\05_S1GFloods\B\image_148.png,c:\Users\HP\OneDrive\Desktop\Flood_AI_Dataset\05_S1GFloods\Label\image_148.png,17.8635,2
image_1235.png,c:\Users\HP\OneDrive\Desktop\Flood_AI_Dataset\05_S1GFloods\A\image_1235.png,c:\Users\HP\OneDrive\Desktop\Flood_AI_Dataset\05_S1GFloods\B\image_1235.png,c:\Users\HP\OneDrive\Desktop\Flood_AI_Dataset\05_S1GFloods\Label\image_1235.png,5.1483,1
image_841.png,c:\Users\HP\OneDrive\Desktop\Flood_AI_Dataset\05_S1GFloods\A\image_841.png,c:\Users\HP\OneDrive\Desktop\Flood_AI_Dataset\05_S1GFloods\B\image_841.png,c:\Users\HP\OneDrive\Desktop\Flood_AI_Dataset\05_S1GFloods\Label\image_841.png,33.1345,2
image_2415.png,c:\Users\HP\OneDrive\Desktop\Flood_AI_Dataset\05_S1GFloods\A\image_2415.png,c:\Users\HP\OneDrive\Desktop\Flood_AI_Dataset\05_S1GFloods\B\image_2415.png,c:\Users\HP\OneDrive\Desktop\Flood_AI_Dataset\05_S1GFloods\Label\image_2415.png,7.196,1
image_2955.png,c:\Users\HP\OneDrive\Desktop\Flood_AI_Dataset\05_S1GFloods\A\image_2955.png,c:\Users\HP\OneDrive\Desktop\Flood_AI_Dataset\05_S1GFloods\B\image_2955.png,c:\Users\HP\OneDrive\Desktop\Flood_AI_Dataset\05_S1GFloods\Label\image_2955.png,37.2879,2
image_1614.png,c:\Users\HP\OneDrive\Desktop\Flood_AI_Dataset\05_S1GFloods\A\image_1614.png,c:\Users\HP\OneDrive\Desktop\Flood_AI_Dataset\05_S1GFloods\B\image_1614.png,c:\Users\HP\OneDrive\Desktop\Flood_AI_Dataset\05_S1GFloods\Label\image_1614.png,6.3004,1
image_4556.png,c:\Users\HP\OneDrive\Desktop\Flood_AI_Dataset\05_S1GFloods\A\image_4556.png,c:\Users\HP\OneDrive\Desktop\Flood_AI_Dataset\05_S1GFloods\B\image_4556.png,c:\Users\HP\OneDrive\Desktop\Flood_AI_Dataset\05_S1GFloods\Label\image_4556.png,22.2,2
image_4175.png,c:\Users\HP\OneDrive\Desktop\Flood_AI_Dataset\05_S1GFloods\A\image_4175.png,c:\Users\HP\OneDrive\Desktop\Flood_AI_Dataset\05_S1GFloods\B\image_4175.png,c:\Users\HP\OneDrive\Desktop\Flood_AI_Dataset\05_S1GFloods\Label\image_4175.png,28.4241,2
image_1197.png,c:\Users\HP\OneDrive\Desktop\Flood_AI_Dataset\05_S1GFloods\A\image_1197.png,c:\Users\HP\OneDrive\Desktop\Flood_AI_Dataset\05_S1GFloods\B\image_1197.png,c:\Users\HP\OneDrive\Desktop\Flood_AI_Dataset\05_S1GFloods\Label\image_1197.png,20.575,2
image_1872.png,c:\Users\HP\OneDrive\Desktop\Flood_AI_Dataset\05_S1GFloods\A\image_1872.png,c:\Users\HP\OneDrive\Desktop\Flood_AI_Dataset\05_S1GFloods\B\image_1872.png,c:\Users\HP\OneDrive\Desktop\Flood_AI_Dataset\05_S1GFloods\Label\image_1872.png,18.2861,2
image_1746.png,c:\Users\HP\OneDrive\Desktop\Flood_AI_Dataset\05_S1GFloods\A\image_1746.png,c:\Users\HP\OneDrive\Desktop\Flood_AI_Dataset\05_S1GFloods\B\image_1746.png,c:\Users\HP\OneDrive\Desktop\Flood_AI_Dataset\05_S1GFloods\Label\image_1746.png,7.576,1
image_498.png,c:\Users\HP\OneDrive\Desktop\Flood_AI_Dataset\05_S1GFloods\A\image_498.png,c:\Users\HP\OneDrive\Desktop\Flood_AI_Dataset\05_S1GFloods\B\image_498.png,c:\Users\HP\OneDrive\Desktop\Flood_AI_Dataset\05_S1GFloods\Label\image_498.png,91.6229,2
image_2464.png,c:\Users\HP\OneDrive\Desktop\Flood_AI_Dataset\05_S1GFloods\A\image_2464.png,c:\Users\HP\OneDrive\Desktop\Flood_AI_Dataset\05_S1GFloods\B\image_2464.png,c:\Users\HP\OneDrive\Desktop\Flood_AI_Dataset\05_S1GFloods\Label\image_2464.png,76.8326,2
image_4993.png,c:\Users\HP\OneDrive\Desktop\Flood_AI_Dataset\05_S1GFloods\A\image_4993.png,c:\Users\HP\OneDrive\Desktop\Flood_AI_Dataset\05_S1GFloods\B\image_4993.png,c:\Users\HP\OneDrive\Desktop\Flood_AI_Dataset\05_S1GFloods\Label\image_4993.png,10.7269,2
image_200.png,c:\Users\HP\OneDrive\Desktop\Flood_AI_Dataset\05_S1GFloods\A\image_200.png,c:\Users\HP\OneDrive\Desktop\Flood_AI_Dataset\05_S1GFloods\B\image_200.png,c:\Users\HP\OneDrive\Desktop\Flood_AI_Dataset\05_S1GFloods\Label\image_200.png,68.1107,2
image_657.png,c:\Users\HP\OneDrive\Desktop\Flood_AI_Dataset\05_S1GFloods\A\image_657.png,c:\Users\HP\OneDrive\Desktop\Flood_AI_Dataset\05_S1GFloods\B\image_657.png,c:\Users\HP\OneDrive\Desktop\Flood_AI_Dataset\05_S1GFloods\Label\image_657.png,9.8145,1
image_4960.png,c:\Users\HP\OneDrive\Desktop\Flood_AI_Dataset\05_S1GFloods\A\image_4960.png,c:\Users\HP\OneDrive\Desktop\Flood_AI_Dataset\05_S1GFloods\B\image_4960.png,c:\Users\HP\OneDrive\Desktop\Flood_AI_Dataset\05_S1GFloods\Label\image_4960.png,7.5592,1
image_3227.png,c:\Users\HP\OneDrive\Desktop\Flood_AI_Dataset\05_S1GFloods\A\image_3227.png,c:\Users\HP\OneDrive\Desktop\Flood_AI_Dataset\05_S1GFloods\B\image_3227.png,c:\Users\HP\OneDrive\Desktop\Flood_AI_Dataset\05_S1GFloods\Label\image_3227.png,11.0519,2
image_3042.png,c:\Users\HP\OneDrive\Desktop\Flood_AI_Dataset\05_S1GFloods\A\image_3042.png,c:\Users\HP\OneDrive\Desktop\Flood_AI_Dataset\05_S1GFloods\B\image_3042.png,c:\Users\HP\OneDrive\Desktop\Flood_AI_Dataset\05_S1GFloods\Label\image_3042.png,71.1731,2
image_3737.png,c:\Users\HP\OneDrive\Desktop\Flood_AI_Dataset\05_S1GFloods\A\image_3737.png,c:\Users\HP\OneDrive\Desktop\Flood_AI_Dataset\05_S1GFloods\B\image_3737.png,c:\Users\HP\OneDrive\Desktop\Flood_AI_Dataset\05_S1GFloods\Label\image_3737.png,60.7407,2
image_4286.png,c:\Users\HP\OneDrive\Desktop\Flood_AI_Dataset\05_S1GFloods\A\image_4286.png,c:\Users\HP\OneDrive\Desktop\Flood_AI_Dataset\05_S1GFloods\B\image_4286.png,c:\Users\HP\OneDrive\Desktop\Flood_AI_Dataset\05_S1GFloods\Label\image_4286.png,92.0624,2
image_446.png,c:\Users\HP\OneDrive\Desktop\Flood_AI_Dataset\05_S1GFloods\A\image_446.png,c:\Users\HP\OneDrive\Desktop\Flood_AI_Dataset\05_S1GFloods\B\image_446.png,c:\Users\HP\OneDrive\Desktop\Flood_AI_Dataset\05_S1GFloods\Label\image_446.png,64.3112,2
image_2813.png,c:\Users\HP\OneDrive\Desktop\Flood_AI_Dataset\05_S1GFloods\A\image_2813.png,c:\Users\HP\OneDrive\Desktop\Flood_AI_Dataset\05_S1GFloods\B\image_2813.png,c:\Users\HP\OneDrive\Desktop\Flood_AI_Dataset\05_S1GFloods\Label\image_2813.png,11.1252,2
image_2918.png,c:\Users\HP\OneDrive\Desktop\Flood_AI_Dataset\05_S1GFloods\A\image_2918.png,c:\Users\HP\OneDrive\Desktop\Flood_AI_Dataset\05_S1GFloods\B\image_2918.png,c:\Users\HP\OneDrive\Desktop\Flood_AI_Dataset\05_S1GFloods\Label\image_2918.png,50.7523,2
image_1178.png,c:\Users\HP\OneDrive\Desktop\Flood_AI_Dataset\05_S1GFloods\A\image_1178.png,c:\Users\HP\OneDrive\Desktop\Flood_AI_Dataset\05_S1GFloods\B\image_1178.png,c:\Users\HP\OneDrive\Desktop\Flood_AI_Dataset\05_S1GFloods\Label\image_1178.png,61.0519,2
image_2721.png,c:\Users\HP\OneDrive\Desktop\Flood_AI_Dataset\05_S1GFloods\A\image_2721.png,c:\Users\HP\OneDrive\Desktop\Flood_AI_Dataset\05_S1GFloods\B\image_2721.png,c:\Users\HP\OneDrive\Desktop\Flood_AI_Dataset\05_S1GFloods\Label\image_2721.png,6.3217,1
image_2786.png,c:\Users\HP\OneDrive\Desktop\Flood_AI_Dataset\05_S1GFloods\A\image_2786.png,c:\Users\HP\OneDrive\Desktop\Flood_AI_Dataset\05_S1GFloods\B\image_2786.png,c:\Users\HP\OneDrive\Desktop\Flood_AI_Dataset\05_S1GFloods\Label\image_2786.png,76.8448,2
image_1774.png,c:\Users\HP\OneDrive\Desktop\Flood_AI_Dataset\05_S1GFloods\A\image_1774.png,c:\Users\HP\OneDrive\Desktop\Flood_AI_Dataset\05_S1GFloods\B\image_1774.png,c:\Users\HP\OneDrive\Desktop\Flood_AI_Dataset\05_S1GFloods\Label\image_1774.png,5.4672,1
image_3948.png,c:\Users\HP\OneDrive\Desktop\Flood_AI_Dataset\05_S1GFloods\A\image_3948.png,c:\Users\HP\OneDrive\Desktop\Flood_AI_Dataset\05_S1GFloods\B\image_3948.png,c:\Users\HP\OneDrive\Desktop\Flood_AI_Dataset\05_S1GFloods\Label\image_3948.png,84.7763,2
image_4624.png,c:\Users\HP\OneDrive\Desktop\Flood_AI_Dataset\05_S1GFloods\A\image_4624.png,c:\Users\HP\OneDrive\Desktop\Flood_AI_Dataset\05_S1GFloods\B\image_4624.png,c:\Users\HP\OneDrive\Desktop\Flood_AI_Dataset\05_S1GFloods\Label\image_4624.png,16.9281,2
image_5172.png,c:\Users\HP\OneDrive\Desktop\Flood_AI_Dataset\05_S1GFloods\A\image_5172.png,c:\Users\HP\OneDrive\Desktop\Flood_AI_Dataset\05_S1GFloods\B\image_5172.png,c:\Users\HP\OneDrive\Desktop\Flood_AI_Dataset\05_S1GFloods\Label\image_5172.png,11.1618,2
image_2296.png,c:\Users\HP\OneDrive\Desktop\Flood_AI_Dataset\05_S1GFloods\A\image_2296.png,c:\Users\HP\OneDrive\Desktop\Flood_AI_Dataset\05_S1GFloods\B\image_2296.png,c:\Users\HP\OneDrive\Desktop\Flood_AI_Dataset\05_S1GFloods\Label\image_2296.png,31.2042,2
image_4215.png,c:\Users\HP\OneDrive\Desktop\Flood_AI_Dataset\05_S1GFloods\A\image_4215.png,c:\Users\HP\OneDrive\Desktop\Flood_AI_Dataset\05_S1GFloods\B\image_4215.png,c:\Users\HP\OneDrive\Desktop\Flood_AI_Dataset\05_S1GFloods\Label\image_4215.png,51.6403,2
image_2553.png,c:\Users\HP\OneDrive\Desktop\Flood_AI_Dataset\05_S1GFloods\A\image_2553.png,c:\Users\HP\OneDrive\Desktop\Flood_AI_Dataset\05_S1GFloods\B\image_2553.png,c:\Users\HP\OneDrive\Desktop\Flood_AI_Dataset\05_S1GFloods\Label\image_2553.png,84.2209,2
image_4817.png,c:\Users\HP\OneDrive\Desktop\Flood_AI_Dataset\05_S1GFloods\A\image_4817.png,c:\Users\HP\OneDrive\Desktop\Flood_AI_Dataset\05_S1GFloods\B\image_4817.png,c:\Users\HP\OneDrive\Desktop\Flood_AI_Dataset\05_S1GFloods\Label\image_4817.png,11.0031,2
image_2447.png,c:\Users\HP\OneDrive\Desktop\Flood_AI_Dataset\05_S1GFloods\A\image_2447.png,c:\Users\HP\OneDrive\Desktop\Flood_AI_Dataset\05_S1GFloods\B\image_2447.png,c:\Users\HP\OneDrive\Desktop\Flood_AI_Dataset\05_S1GFloods\Label\image_2447.png,5.4291,1
image_2847.png,c:\Users\HP\OneDrive\Desktop\Flood_AI_Dataset\05_S1GFloods\A\image_2847.png,c:\Users\HP\OneDrive\Desktop\Flood_AI_Dataset\05_S1GFloods\B\image_2847.png,c:\Users\HP\OneDrive\Desktop\Flood_AI_Dataset\05_S1GFloods\Label\image_2847.png,12.587,2
image_5073.png,c:\Users\HP\OneDrive\Desktop\Flood_AI_Dataset\05_S1GFloods\A\image_5073.png,c:\Users\HP\OneDrive\Desktop\Flood_AI_Dataset\05_S1GFloods\B\image_5073.png,c:\Users\HP\OneDrive\Desktop\Flood_AI_Dataset\05_S1GFloods\Label\image_5073.png,7.5241,1
image_4331.png,c:\Users\HP\OneDrive\Desktop\Flood_AI_Dataset\05_S1GFloods\A\image_4331.png,c:\Users\HP\OneDrive\Desktop\Flood_AI_Dataset\05_S1GFloods\B\image_4331.png,c:\Users\HP\OneDrive\Desktop\Flood_AI_Dataset\05_S1GFloods\Label\image_4331.png,47.6288,2
image_157.png,c:\Users\HP\OneDrive\Desktop\Flood_AI_Dataset\05_S1GFloods\A\image_157.png,c:\Users\HP\OneDrive\Desktop\Flood_AI_Dataset\05_S1GFloods\B\image_157.png,c:\Users\HP\OneDrive\Desktop\Flood_AI_Dataset\05_S1GFloods\Label\image_157.png,5.5298,1
image_1842.png,c:\Users\HP\OneDrive\Desktop\Flood_AI_Dataset\05_S1GFloods\A\image_1842.png,c:\Users\HP\OneDrive\Desktop\Flood_AI_Dataset\05_S1GFloods\B\image_1842.png,c:\Users\HP\OneDrive\Desktop\Flood_AI_Dataset\05_S1GFloods\Label\image_1842.png,9.7183,1
image_4941.png,c:\Users\HP\OneDrive\Desktop\Flood_AI_Dataset\05_S1GFloods\A\image_4941.png,c:\Users\HP\OneDrive\Desktop\Flood_AI_Dataset\05_S1GFloods\B\image_4941.png,c:\Users\HP\OneDrive\Desktop\Flood_AI_Dataset\05_S1GFloods\Label\image_4941.png,19.7174,2
image_3134.png,c:\Users\HP\OneDrive\Desktop\Flood_AI_Dataset\05_S1GFloods\A\image_3134.png,c:\Users\HP\OneDrive\Desktop\Flood_AI_Dataset\05_S1GFloods\B\image_3134.png,c:\Users\HP\OneDrive\Desktop\Flood_AI_Dataset\05_S1GFloods\Label\image_3134.png,40.5533,2
image_3892.png,c:\Users\HP\OneDrive\Desktop\Flood_AI_Dataset\05_S1GFloods\A\image_3892.png,c:\Users\HP\OneDrive\Desktop\Flood_AI_Dataset\05_S1GFloods\B\image_3892.png,c:\Users\HP\OneDrive\Desktop\Flood_AI_Dataset\05_S1GFloods\Label\image_3892.png,70.3186,2
image_5152.png,c:\Users\HP\OneDrive\Desktop\Flood_AI_Dataset\05_S1GFloods\A\image_5152.png,c:\Users\HP\OneDrive\Desktop\Flood_AI_Dataset\05_S1GFloods\B\image_5152.png,c:\Users\HP\OneDrive\Desktop\Flood_AI_Dataset\05_S1GFloods\Label\image_5152.png,16.2567,2
image_189.png,c:\Users\HP\OneDrive\Desktop\Flood_AI_Dataset\05_S1GFloods\A\image_189.png,c:\Users\HP\OneDrive\Desktop\Flood_AI_Dataset\05_S1GFloods\B\image_189.png,c:\Users\HP\OneDrive\Desktop\Flood_AI_Dataset\05_S1GFloods\Label\image_189.png,5.983,1
image_3830.png,c:\Users\HP\OneDrive\Desktop\Flood_AI_Dataset\05_S1GFloods\A\image_3830.png,c:\Users\HP\OneDrive\Desktop\Flood_AI_Dataset\05_S1GFloods\B\image_3830.png,c:\Users\HP\OneDrive\Desktop\Flood_AI_Dataset\05_S1GFloods\Label\image_3830.png,57.5851,2
image_4034.png,c:\Users\HP\OneDrive\Desktop\Flood_AI_Dataset\05_S1GFloods\A\image_4034.png,c:\Users\HP\OneDrive\Desktop\Flood_AI_Dataset\05_S1GFloods\B\image_4034.png,c:\Users\HP\OneDrive\Desktop\Flood_AI_Dataset\05_S1GFloods\Label\image_4034.png,12.4619,2
image_5166.png,c:\Users\HP\OneDrive\Desktop\Flood_AI_Dataset\05_S1GFloods\A\image_5166.png,c:\Users\HP\OneDrive\Desktop\Flood_AI_Dataset\05_S1GFloods\B\image_5166.png,c:\Users\HP\OneDrive\Desktop\Flood_AI_Dataset\05_S1GFloods\Label\image_5166.png,52.2919,2
image_3264.png,c:\Users\HP\OneDrive\Desktop\Flood_AI_Dataset\05_S1GFloods\A\image_3264.png,c:\Users\HP\OneDrive\Desktop\Flood_AI_Dataset\05_S1GFloods\B\image_3264.png,c:\Users\HP\OneDrive\Desktop\Flood_AI_Dataset\05_S1GFloods\Label\image_3264.png,14.6759,2
image_970.png,c:\Users\HP\OneDrive\Desktop\Flood_AI_Dataset\05_S1GFloods\A\image_970.png,c:\Users\HP\OneDrive\Desktop\Flood_AI_Dataset\05_S1GFloods\B\image_970.png,c:\Users\HP\OneDrive\Desktop\Flood_AI_Dataset\05_S1GFloods\Label\image_970.png,91.716,2
image_1592.png,c:\Users\HP\OneDrive\Desktop\Flood_AI_Dataset\05_S1GFloods\A\image_1592.png,c:\Users\HP\OneDrive\Desktop\Flood_AI_Dataset\05_S1GFloods\B\image_1592.png,c:\Users\HP\OneDrive\Desktop\Flood_AI_Dataset\05_S1GFloods\Label\image_1592.png,37.9608,2
image_4002.png,c:\Users\HP\OneDrive\Desktop\Flood_AI_Dataset\05_S1GFloods\A\image_4002.png,c:\Users\HP\OneDrive\Desktop\Flood_AI_Dataset\05_S1GFloods\B\image_4002.png,c:\Users\HP\OneDrive\Desktop\Flood_AI_Dataset\05_S1GFloods\Label\image_4002.png,6.7291,1
image_2165.png,c:\Users\HP\OneDrive\Desktop\Flood_AI_Dataset\05_S1GFloods\A\image_2165.png,c:\Users\HP\OneDrive\Desktop\Flood_AI_Dataset\05_S1GFloods\B\image_2165.png,c:\Users\HP\OneDrive\Desktop\Flood_AI_Dataset\05_S1GFloods\Label\image_2165.png,5.9402,1
image_816.png,c:\Users\HP\OneDrive\Desktop\Flood_AI_Dataset\05_S1GFloods\A\image_816.png,c:\Users\HP\OneDrive\Desktop\Flood_AI_Dataset\05_S1GFloods\B\image_816.png,c:\Users\HP\OneDrive\Desktop\Flood_AI_Dataset\05_S1GFloods\Label\image_816.png,46.5637,2
image_3739.png,c:\Users\HP\OneDrive\Desktop\Flood_AI_Dataset\05_S1GFloods\A\image_3739.png,c:\Users\HP\OneDrive\Desktop\Flood_AI_Dataset\05_S1GFloods\B\image_3739.png,c:\Users\HP\OneDrive\Desktop\Flood_AI_Dataset\05_S1GFloods\Label\image_3739.png,37.6694,2
image_37.png,c:\Users\HP\OneDrive\Desktop\Flood_AI_Dataset\05_S1GFloods\A\image_37.png,c:\Users\HP\OneDrive\Desktop\Flood_AI_Dataset\05_S1GFloods\B\image_37.png,c:\Users\HP\OneDrive\Desktop\Flood_AI_Dataset\05_S1GFloods\Label\image_37.png,38.9114,2
image_5134.png,c:\Users\HP\OneDrive\Desktop\Flood_AI_Dataset\05_S1GFloods\A\image_5134.png,c:\Users\HP\OneDrive\Desktop\Flood_AI_Dataset\05_S1GFloods\B\image_5134.png,c:\Users\HP\OneDrive\Desktop\Flood_AI_Dataset\05_S1GFloods\Label\image_5134.png,6.1493,1
image_394.png,c:\Users\HP\OneDrive\Desktop\Flood_AI_Dataset\05_S1GFloods\A\image_394.png,c:\Users\HP\OneDrive\Desktop\Flood_AI_Dataset\05_S1GFloods\B\image_394.png,c:\Users\HP\OneDrive\Desktop\Flood_AI_Dataset\05_S1GFloods\Label\image_394.png,23.6542,2
image_3167.png,c:\Users\HP\OneDrive\Desktop\Flood_AI_Dataset\05_S1GFloods\A\image_3167.png,c:\Users\HP\OneDrive\Desktop\Flood_AI_Dataset\05_S1GFloods\B\image_3167.png,c:\Users\HP\OneDrive\Desktop\Flood_AI_Dataset\05_S1GFloods\Label\image_3167.png,11.1359,2
image_920.png,c:\Users\HP\OneDrive\Desktop\Flood_AI_Dataset\05_S1GFloods\A\image_920.png,c:\Users\HP\OneDrive\Desktop\Flood_AI_Dataset\05_S1GFloods\B\image_920.png,c:\Users\HP\OneDrive\Desktop\Flood_AI_Dataset\05_S1GFloods\Label\image_920.png,82.9269,2
image_1163.png,c:\Users\HP\OneDrive\Desktop\Flood_AI_Dataset\05_S1GFloods\A\image_1163.png,c:\Users\HP\OneDrive\Desktop\Flood_AI_Dataset\05_S1GFloods\B\image_1163.png,c:\Users\HP\OneDrive\Desktop\Flood_AI_Dataset\05_S1GFloods\Label\image_1163.png,49.3759,2
image_786.png,c:\Users\HP\OneDrive\Desktop\Flood_AI_Dataset\05_S1GFloods\A\image_786.png,c:\Users\HP\OneDrive\Desktop\Flood_AI_Dataset\05_S1GFloods\B\image_786.png,c:\Users\HP\OneDrive\Desktop\Flood_AI_Dataset\05_S1GFloods\Label\image_786.png,8.9905,1
image_3100.png,c:\Users\HP\OneDrive\Desktop\Flood_AI_Dataset\05_S1GFloods\A\image_3100.png,c:\Users\HP\OneDrive\Desktop\Flood_AI_Dataset\05_S1GFloods\B\image_3100.png,c:\Users\HP\OneDrive\Desktop\Flood_AI_Dataset\05_S1GFloods\Label\image_3100.png,27.0615,2
image_3136.png,c:\Users\HP\OneDrive\Desktop\Flood_AI_Dataset\05_S1GFloods\A\image_3136.png,c:\Users\HP\OneDrive\Desktop\Flood_AI_Dataset\05_S1GFloods\B\image_3136.png,c:\Users\HP\OneDrive\Desktop\Flood_AI_Dataset\05_S1GFloods\Label\image_3136.png,26.7258,2
image_4271.png,c:\Users\HP\OneDrive\Desktop\Flood_AI_Dataset\05_S1GFloods\A\image_4271.png,c:\Users\HP\OneDrive\Desktop\Flood_AI_Dataset\05_S1GFloods\B\image_4271.png,c:\Users\HP\OneDrive\Desktop\Flood_AI_Dataset\05_S1GFloods\Label\image_4271.png,90.4388,2
image_5135.png,c:\Users\HP\OneDrive\Desktop\Flood_AI_Dataset\05_S1GFloods\A\image_5135.png,c:\Users\HP\OneDrive\Desktop\Flood_AI_Dataset\05_S1GFloods\B\image_5135.png,c:\Users\HP\OneDrive\Desktop\Flood_AI_Dataset\05_S1GFloods\Label\image_5135.png,31.4255,2
image_3996.png,c:\Users\HP\OneDrive\Desktop\Flood_AI_Dataset\05_S1GFloods\A\image_3996.png,c:\Users\HP\OneDrive\Desktop\Flood_AI_Dataset\05_S1GFloods\B\image_3996.png,c:\Users\HP\OneDrive\Desktop\Flood_AI_Dataset\05_S1GFloods\Label\image_3996.png,11.5936,2
image_4268.png,c:\Users\HP\OneDrive\Desktop\Flood_AI_Dataset\05_S1GFloods\A\image_4268.png,c:\Users\HP\OneDrive\Desktop\Flood_AI_Dataset\05_S1GFloods\B\image_4268.png,c:\Users\HP\OneDrive\Desktop\Flood_AI_Dataset\05_S1GFloods\Label\image_4268.png,45.7809,2
image_2665.png,c:\Users\HP\OneDrive\Desktop\Flood_AI_Dataset\05_S1GFloods\A\image_2665.png,c:\Users\HP\OneDrive\Desktop\Flood_AI_Dataset\05_S1GFloods\B\image_2665.png,c:\Users\HP\OneDrive\Desktop\Flood_AI_Dataset\05_S1GFloods\Label\image_2665.png,12.7258,2
image_4734.png,c:\Users\HP\OneDrive\Desktop\Flood_AI_Dataset\05_S1GFloods\A\image_4734.png,c:\Users\HP\OneDrive\Desktop\Flood_AI_Dataset\05_S1GFloods\B\image_4734.png,c:\Users\HP\OneDrive\Desktop\Flood_AI_Dataset\05_S1GFloods\Label\image_4734.png,6.3629,1
image_3859.png,c:\Users\HP\OneDrive\Desktop\Flood_AI_Dataset\05_S1GFloods\A\image_3859.png,c:\Users\HP\OneDrive\Desktop\Flood_AI_Dataset\05_S1GFloods\B\image_3859.png,c:\Users\HP\OneDrive\Desktop\Flood_AI_Dataset\05_S1GFloods\Label\image_3859.png,84.7366,2
image_903.png,c:\Users\HP\OneDrive\Desktop\Flood_AI_Dataset\05_S1GFloods\A\image_903.png,c:\Users\HP\OneDrive\Desktop\Flood_AI_Dataset\05_S1GFloods\B\image_903.png,c:\Users\HP\OneDrive\Desktop\Flood_AI_Dataset\05_S1GFloods\Label\image_903.png,7.3639,1
image_1348.png,c:\Users\HP\OneDrive\Desktop\Flood_AI_Dataset\05_S1GFloods\A\image_1348.png,c:\Users\HP\OneDrive\Desktop\Flood_AI_Dataset\05_S1GFloods\B\image_1348.png,c:\Users\HP\OneDrive\Desktop\Flood_AI_Dataset\05_S1GFloods\Label\image_1348.png,39.5096,2
image_2798.png,c:\Users\HP\OneDrive\Desktop\Flood_AI_Dataset\05_S1GFloods\A\image_2798.png,c:\Users\HP\OneDrive\Desktop\Flood_AI_Dataset\05_S1GFloods\B\image_2798.png,c:\Users\HP\OneDrive\Desktop\Flood_AI_Dataset\05_S1GFloods\Label\image_2798.png,37.674,2
image_3162.png,c:\Users\HP\OneDrive\Desktop\Flood_AI_Dataset\05_S1GFloods\A\image_3162.png,c:\Users\HP\OneDrive\Desktop\Flood_AI_Dataset\05_S1GFloods\B\image_3162.png,c:\Users\HP\OneDrive\Desktop\Flood_AI_Dataset\05_S1GFloods\Label\image_3162.png,20.1523,2
image_408.png,c:\Users\HP\OneDrive\Desktop\Flood_AI_Dataset\05_S1GFloods\A\image_408.png,c:\Users\HP\OneDrive\Desktop\Flood_AI_Dataset\05_S1GFloods\B\image_408.png,c:\Users\HP\OneDrive\Desktop\Flood_AI_Dataset\05_S1GFloods\Label\image_408.png,21.6827,2
image_3377.png,c:\Users\HP\OneDrive\Desktop\Flood_AI_Dataset\05_S1GFloods\A\image_3377.png,c:\Users\HP\OneDrive\Desktop\Flood_AI_Dataset\05_S1GFloods\B\image_3377.png,c:\Users\HP\OneDrive\Desktop\Flood_AI_Dataset\05_S1GFloods\Label\image_3377.png,5.159,1
image_1226.png,c:\Users\HP\OneDrive\Desktop\Flood_AI_Dataset\05_S1GFloods\A\image_1226.png,c:\Users\HP\OneDrive\Desktop\Flood_AI_Dataset\05_S1GFloods\B\image_1226.png,c:\Users\HP\OneDrive\Desktop\Flood_AI_Dataset\05_S1GFloods\Label\image_1226.png,76.4389,2
image_4343.png,c:\Users\HP\OneDrive\Desktop\Flood_AI_Dataset\05_S1GFloods\A\image_4343.png,c:\Users\HP\OneDrive\Desktop\Flood_AI_Dataset\05_S1GFloods\B\image_4343.png,c:\Users\HP\OneDrive\Desktop\Flood_AI_Dataset\05_S1GFloods\Label\image_4343.png,98.732,2
image_884.png,c:\Users\HP\OneDrive\Desktop\Flood_AI_Dataset\05_S1GFloods\A\image_884.png,c:\Users\HP\OneDrive\Desktop\Flood_AI_Dataset\05_S1GFloods\B\image_884.png,c:\Users\HP\OneDrive\Desktop\Flood_AI_Dataset\05_S1GFloods\Label\image_884.png,87.3337,2
image_1682.png,c:\Users\HP\OneDrive\Desktop\Flood_AI_Dataset\05_S1GFloods\A\image_1682.png,c:\Users\HP\OneDrive\Desktop\Flood_AI_Dataset\05_S1GFloods\B\image_1682.png,c:\Users\HP\OneDrive\Desktop\Flood_AI_Dataset\05_S1GFloods\Label\image_1682.png,6.0867,1
image_291.png,c:\Users\HP\OneDrive\Desktop\Flood_AI_Dataset\05_S1GFloods\A\image_291.png,c:\Users\HP\OneDrive\Desktop\Flood_AI_Dataset\05_S1GFloods\B\image_291.png,c:\Users\HP\OneDrive\Desktop\Flood_AI_Dataset\05_S1GFloods\Label\image_291.png,88.8412,2
image_683.png,c:\Users\HP\OneDrive\Desktop\Flood_AI_Dataset\05_S1GFloods\A\image_683.png,c:\Users\HP\OneDrive\Desktop\Flood_AI_Dataset\05_S1GFloods\B\image_683.png,c:\Users\HP\OneDrive\Desktop\Flood_AI_Dataset\05_S1GFloods\Label\image_683.png,47.67,2
image_4367.png,c:\Users\HP\OneDrive\Desktop\Flood_AI_Dataset\05_S1GFloods\A\image_4367.png,c:\Users\HP\OneDrive\Desktop\Flood_AI_Dataset\05_S1GFloods\B\image_4367.png,c:\Users\HP\OneDrive\Desktop\Flood_AI_Dataset\05_S1GFloods\Label\image_4367.png,97.8714,2
image_118.png,c:\Users\HP\OneDrive\Desktop\Flood_AI_Dataset\05_S1GFloods\A\image_118.png,c:\Users\HP\OneDrive\Desktop\Flood_AI_Dataset\05_S1GFloods\B\image_118.png,c:\Users\HP\OneDrive\Desktop\Flood_AI_Dataset\05_S1GFloods\Label\image_118.png,15.1047,2
image_2652.png,c:\Users\HP\OneDrive\Desktop\Flood_AI_Dataset\05_S1GFloods\A\image_2652.png,c:\Users\HP\OneDrive\Desktop\Flood_AI_Dataset\05_S1GFloods\B\image_2652.png,c:\Users\HP\OneDrive\Desktop\Flood_AI_Dataset\05_S1GFloods\Label\image_2652.png,6.8512,1
image_3947.png,c:\Users\HP\OneDrive\Desktop\Flood_AI_Dataset\05_S1GFloods\A\image_3947.png,c:\Users\HP\OneDrive\Desktop\Flood_AI_Dataset\05_S1GFloods\B\image_3947.png,c:\Users\HP\OneDrive\Desktop\Flood_AI_Dataset\05_S1GFloods\Label\image_3947.png,99.2691,2
image_2830.png,c:\Users\HP\OneDrive\Desktop\Flood_AI_Dataset\05_S1GFloods\A\image_2830.png,c:\Users\HP\OneDrive\Desktop\Flood_AI_Dataset\05_S1GFloods\B\image_2830.png,c:\Users\HP\OneDrive\Desktop\Flood_AI_Dataset\05_S1GFloods\Label\image_2830.png,5.4504,1
image_2913.png,c:\Users\HP\OneDrive\Desktop\Flood_AI_Dataset\05_S1GFloods\A\image_2913.png,c:\Users\HP\OneDrive\Desktop\Flood_AI_Dataset\05_S1GFloods\B\image_2913.png,c:\Users\HP\OneDrive\Desktop\Flood_AI_Dataset\05_S1GFloods\Label\image_2913.png,50.3418,2
image_1497.png,c:\Users\HP\OneDrive\Desktop\Flood_AI_Dataset\05_S1GFloods\A\image_1497.png,c:\Users\HP\OneDrive\Desktop\Flood_AI_Dataset\05_S1GFloods\B\image_1497.png,c:\Users\HP\OneDrive\Desktop\Flood_AI_Dataset\05_S1GFloods\Label\image_1497.png,5.5588,1
image_3980.png,c:\Users\HP\OneDrive\Desktop\Flood_AI_Dataset\05_S1GFloods\A\image_3980.png,c:\Users\HP\OneDrive\Desktop\Flood_AI_Dataset\05_S1GFloods\B\image_3980.png,c:\Users\HP\OneDrive\Desktop\Flood_AI_Dataset\05_S1GFloods\Label\image_3980.png,63.6292,2
image_3808.png,c:\Users\HP\OneDrive\Desktop\Flood_AI_Dataset\05_S1GFloods\A\image_3808.png,c:\Users\HP\OneDrive\Desktop\Flood_AI_Dataset\05_S1GFloods\B\image_3808.png,c:\Users\HP\OneDrive\Desktop\Flood_AI_Dataset\05_S1GFloods\Label\image_3808.png,38.2782,2
image_3149.png,c:\Users\HP\OneDrive\Desktop\Flood_AI_Dataset\05_S1GFloods\A\image_3149.png,c:\Users\HP\OneDrive\Desktop\Flood_AI_Dataset\05_S1GFloods\B\image_3149.png,c:\Users\HP\OneDrive\Desktop\Flood_AI_Dataset\05_S1GFloods\Label\image_3149.png,5.2261,1
image_3044.png,c:\Users\HP\OneDrive\Desktop\Flood_AI_Dataset\05_S1GFloods\A\image_3044.png,c:\Users\HP\OneDrive\Desktop\Flood_AI_Dataset\05_S1GFloods\B\image_3044.png,c:\Users\HP\OneDrive\Desktop\Flood_AI_Dataset\05_S1GFloods\Label\image_3044.png,25.795,2
image_3178.png,c:\Users\HP\OneDrive\Desktop\Flood_AI_Dataset\05_S1GFloods\A\image_3178.png,c:\Users\HP\OneDrive\Desktop\Flood_AI_Dataset\05_S1GFloods\B\image_3178.png,c:\Users\HP\OneDrive\Desktop\Flood_AI_Dataset\05_S1GFloods\Label\image_3178.png,42.3599,2
image_4470.png,c:\Users\HP\OneDrive\Desktop\Flood_AI_Dataset\05_S1GFloods\A\image_4470.png,c:\Users\HP\OneDrive\Desktop\Flood_AI_Dataset\05_S1GFloods\B\image_4470.png,c:\Users\HP\OneDrive\Desktop\Flood_AI_Dataset\05_S1GFloods\Label\image_4470.png,22.9538,2
image_1589.png,c:\Users\HP\OneDrive\Desktop\Flood_AI_Dataset\05_S1GFloods\A\image_1589.png,c:\Users\HP\OneDrive\Desktop\Flood_AI_Dataset\05_S1GFloods\B\image_1589.png,c:\Users\HP\OneDrive\Desktop\Flood_AI_Dataset\05_S1GFloods\Label\image_1589.png,30.3558,2
image_5060.png,c:\Users\HP\OneDrive\Desktop\Flood_AI_Dataset\05_S1GFloods\A\image_5060.png,c:\Users\HP\OneDrive\Desktop\Flood_AI_Dataset\05_S1GFloods\B\image_5060.png,c:\Users\HP\OneDrive\Desktop\Flood_AI_Dataset\05_S1GFloods\Label\image_5060.png,31.6132,2
image_2050.png,c:\Users\HP\OneDrive\Desktop\Flood_AI_Dataset\05_S1GFloods\A\image_2050.png,c:\Users\HP\OneDrive\Desktop\Flood_AI_Dataset\05_S1GFloods\B\image_2050.png,c:\Users\HP\OneDrive\Desktop\Flood_AI_Dataset\05_S1GFloods\Label\image_2050.png,8.3542,1
image_4275.png,c:\Users\HP\OneDrive\Desktop\Flood_AI_Dataset\05_S1GFloods\A\image_4275.png,c:\Users\HP\OneDrive\Desktop\Flood_AI_Dataset\05_S1GFloods\B\image_4275.png,c:\Users\HP\OneDrive\Desktop\Flood_AI_Dataset\05_S1GFloods\Label\image_4275.png,11.3922,2
image_1009.png,c:\Users\HP\OneDrive\Desktop\Flood_AI_Dataset\05_S1GFloods\A\image_1009.png,c:\Users\HP\OneDrive\Desktop\Flood_AI_Dataset\05_S1GFloods\B\image_1009.png,c:\Users\HP\OneDrive\Desktop\Flood_AI_Dataset\05_S1GFloods\Label\image_1009.png,79.5776,2
image_1741.png,c:\Users\HP\OneDrive\Desktop\Flood_AI_Dataset\05_S1GFloods\A\image_1741.png,c:\Users\HP\OneDrive\Desktop\Flood_AI_Dataset\05_S1GFloods\B\image_1741.png,c:\Users\HP\OneDrive\Desktop\Flood_AI_Dataset\05_S1GFloods\Label\image_1741.png,5.2155,1
image_2973.png,c:\Users\HP\OneDrive\Desktop\Flood_AI_Dataset\05_S1GFloods\A\image_2973.png,c:\Users\HP\OneDrive\Desktop\Flood_AI_Dataset\05_S1GFloods\B\image_2973.png,c:\Users\HP\OneDrive\Desktop\Flood_AI_Dataset\05_S1GFloods\Label\image_2973.png,25.6058,2
image_2071.png,c:\Users\HP\OneDrive\Desktop\Flood_AI_Dataset\05_S1GFloods\A\image_2071.png,c:\Users\HP\OneDrive\Desktop\Flood_AI_Dataset\05_S1GFloods\B\image_2071.png,c:\Users\HP\OneDrive\Desktop\Flood_AI_Dataset\05_S1GFloods\Label\image_2071.png,26.1871,2
image_2361.png,c:\Users\HP\OneDrive\Desktop\Flood_AI_Dataset\05_S1GFloods\A\image_2361.png,c:\Users\HP\OneDrive\Desktop\Flood_AI_Dataset\05_S1GFloods\B\image_2361.png,c:\Users\HP\OneDrive\Desktop\Flood_AI_Dataset\05_S1GFloods\Label\image_2361.png,79.8584,2
image_3113.png,c:\Users\HP\OneDrive\Desktop\Flood_AI_Dataset\05_S1GFloods\A\image_3113.png,c:\Users\HP\OneDrive\Desktop\Flood_AI_Dataset\05_S1GFloods\B\image_3113.png,c:\Users\HP\OneDrive\Desktop\Flood_AI_Dataset\05_S1GFloods\Label\image_3113.png,7.3227,1
image_4933.png,c:\Users\HP\OneDrive\Desktop\Flood_AI_Dataset\05_S1GFloods\A\image_4933.png,c:\Users\HP\OneDrive\Desktop\Flood_AI_Dataset\05_S1GFloods\B\image_4933.png,c:\Users\HP\OneDrive\Desktop\Flood_AI_Dataset\05_S1GFloods\Label\image_4933.png,27.684,2
image_1306.png,c:\Users\HP\OneDrive\Desktop\Flood_AI_Dataset\05_S1GFloods\A\image_1306.png,c:\Users\HP\OneDrive\Desktop\Flood_AI_Dataset\05_S1GFloods\B\image_1306.png,c:\Users\HP\OneDrive\Desktop\Flood_AI_Dataset\05_S1GFloods\Label\image_1306.png,8.5587,1
image_2014.png,c:\Users\HP\OneDrive\Desktop\Flood_AI_Dataset\05_S1GFloods\A\image_2014.png,c:\Users\HP\OneDrive\Desktop\Flood_AI_Dataset\05_S1GFloods\B\image_2014.png,c:\Users\HP\OneDrive\Desktop\Flood_AI_Dataset\05_S1GFloods\Label\image_2014.png,8.7555,1
image_4206.png,c:\Users\HP\OneDrive\Desktop\Flood_AI_Dataset\05_S1GFloods\A\image_4206.png,c:\Users\HP\OneDrive\Desktop\Flood_AI_Dataset\05_S1GFloods\B\image_4206.png,c:\Users\HP\OneDrive\Desktop\Flood_AI_Dataset\05_S1GFloods\Label\image_4206.png,62.2391,2
image_5042.png,c:\Users\HP\OneDrive\Desktop\Flood_AI_Dataset\05_S1GFloods\A\image_5042.png,c:\Users\HP\OneDrive\Desktop\Flood_AI_Dataset\05_S1GFloods\B\image_5042.png,c:\Users\HP\OneDrive\Desktop\Flood_AI_Dataset\05_S1GFloods\Label\image_5042.png,18.19,2
image_835.png,c:\Users\HP\OneDrive\Desktop\Flood_AI_Dataset\05_S1GFloods\A\image_835.png,c:\Users\HP\OneDrive\Desktop\Flood_AI_Dataset\05_S1GFloods\B\image_835.png,c:\Users\HP\OneDrive\Desktop\Flood_AI_Dataset\05_S1GFloods\Label\image_835.png,6.7352,1
image_1269.png,c:\Users\HP\OneDrive\Desktop\Flood_AI_Dataset\05_S1GFloods\A\image_1269.png,c:\Users\HP\OneDrive\Desktop\Flood_AI_Dataset\05_S1GFloods\B\image_1269.png,c:\Users\HP\OneDrive\Desktop\Flood_AI_Dataset\05_S1GFloods\Label\image_1269.png,5.0446,1
image_5257.png,c:\Users\HP\OneDrive\Desktop\Flood_AI_Dataset\05_S1GFloods\A\image_5257.png,c:\Users\HP\OneDrive\Desktop\Flood_AI_Dataset\05_S1GFloods\B\image_5257.png,c:\Users\HP\OneDrive\Desktop\Flood_AI_Dataset\05_S1GFloods\Label\image_5257.png,8.0704,1
image_1898.png,c:\Users\HP\OneDrive\Desktop\Flood_AI_Dataset\05_S1GFloods\A\image_1898.png,c:\Users\HP\OneDrive\Desktop\Flood_AI_Dataset\05_S1GFloods\B\image_1898.png,c:\Users\HP\OneDrive\Desktop\Flood_AI_Dataset\05_S1GFloods\Label\image_1898.png,5.22,1
image_3690.png,c:\Users\HP\OneDrive\Desktop\Flood_AI_Dataset\05_S1GFloods\A\image_3690.png,c:\Users\HP\OneDrive\Desktop\Flood_AI_Dataset\05_S1GFloods\B\image_3690.png,c:\Users\HP\OneDrive\Desktop\Flood_AI_Dataset\05_S1GFloods\Label\image_3690.png,13.4338,2
image_178.png,c:\Users\HP\OneDrive\Desktop\Flood_AI_Dataset\05_S1GFloods\A\image_178.png,c:\Users\HP\OneDrive\Desktop\Flood_AI_Dataset\05_S1GFloods\B\image_178.png,c:\Users\HP\OneDrive\Desktop\Flood_AI_Dataset\05_S1GFloods\Label\image_178.png,10.3836,2
image_3296.png,c:\Users\HP\OneDrive\Desktop\Flood_AI_Dataset\05_S1GFloods\A\image_3296.png,c:\Users\HP\OneDrive\Desktop\Flood_AI_Dataset\05_S1GFloods\B\image_3296.png,c:\Users\HP\OneDrive\Desktop\Flood_AI_Dataset\05_S1GFloods\Label\image_3296.png,20.2774,2
image_2108.png,c:\Users\HP\OneDrive\Desktop\Flood_AI_Dataset\05_S1GFloods\A\image_2108.png,c:\Users\HP\OneDrive\Desktop\Flood_AI_Dataset\05_S1GFloods\B\image_2108.png,c:\Users\HP\OneDrive\Desktop\Flood_AI_Dataset\05_S1GFloods\Label\image_2108.png,7.6935,1
image_1161.png,c:\Users\HP\OneDrive\Desktop\Flood_AI_Dataset\05_S1GFloods\A\image_1161.png,c:\Users\HP\OneDrive\Desktop\Flood_AI_Dataset\05_S1GFloods\B\image_1161.png,c:\Users\HP\OneDrive\Desktop\Flood_AI_Dataset\05_S1GFloods\Label\image_1161.png,78.9871,2
image_744.png,c:\Users\HP\OneDrive\Desktop\Flood_AI_Dataset\05_S1GFloods\A\image_744.png,c:\Users\HP\OneDrive\Desktop\Flood_AI_Dataset\05_S1GFloods\B\image_744.png,c:\Users\HP\OneDrive\Desktop\Flood_AI_Dataset\05_S1GFloods\Label\image_744.png,31.427,2
image_285.png,c:\Users\HP\OneDrive\Desktop\Flood_AI_Dataset\05_S1GFloods\A\image_285.png,c:\Users\HP\OneDrive\Desktop\Flood_AI_Dataset\05_S1GFloods\B\image_285.png,c:\Users\HP\OneDrive\Desktop\Flood_AI_Dataset\05_S1GFloods\Label\image_285.png,9.1049,1
image_2146.png,c:\Users\HP\OneDrive\Desktop\Flood_AI_Dataset\05_S1GFloods\A\image_2146.png,c:\Users\HP\OneDrive\Desktop\Flood_AI_Dataset\05_S1GFloods\B\image_2146.png,c:\Users\HP\OneDrive\Desktop\Flood_AI_Dataset\05_S1GFloods\Label\image_2146.png,7.6523,1
image_3754.png,c:\Users\HP\OneDrive\Desktop\Flood_AI_Dataset\05_S1GFloods\A\image_3754.png,c:\Users\HP\OneDrive\Desktop\Flood_AI_Dataset\05_S1GFloods\B\image_3754.png,c:\Users\HP\OneDrive\Desktop\Flood_AI_Dataset\05_S1GFloods\Label\image_3754.png,19.6381,2
image_270.png,c:\Users\HP\OneDrive\Desktop\Flood_AI_Dataset\05_S1GFloods\A\image_270.png,c:\Users\HP\OneDrive\Desktop\Flood_AI_Dataset\05_S1GFloods\B\image_270.png,c:\Users\HP\OneDrive\Desktop\Flood_AI_Dataset\05_S1GFloods\Label\image_270.png,57.0206,2
image_947.png,c:\Users\HP\OneDrive\Desktop\Flood_AI_Dataset\05_S1GFloods\A\image_947.png,c:\Users\HP\OneDrive\Desktop\Flood_AI_Dataset\05_S1GFloods\B\image_947.png,c:\Users\HP\OneDrive\Desktop\Flood_AI_Dataset\05_S1GFloods\Label\image_947.png,59.1629,2
image_3520.png,c:\Users\HP\OneDrive\Desktop\Flood_AI_Dataset\05_S1GFloods\A\image_3520.png,c:\Users\HP\OneDrive\Desktop\Flood_AI_Dataset\05_S1GFloods\B\image_3520.png,c:\Users\HP\OneDrive\Desktop\Flood_AI_Dataset\05_S1GFloods\Label\image_3520.png,39.5081,2
image_1654.png,c:\Users\HP\OneDrive\Desktop\Flood_AI_Dataset\05_S1GFloods\A\image_1654.png,c:\Users\HP\OneDrive\Desktop\Flood_AI_Dataset\05_S1GFloods\B\image_1654.png,c:\Users\HP\OneDrive\Desktop\Flood_AI_Dataset\05_S1GFloods\Label\image_1654.png,60.5621,2
image_751.png,c:\Users\HP\OneDrive\Desktop\Flood_AI_Dataset\05_S1GFloods\A\image_751.png,c:\Users\HP\OneDrive\Desktop\Flood_AI_Dataset\05_S1GFloods\B\image_751.png,c:\Users\HP\OneDrive\Desktop\Flood_AI_Dataset\05_S1GFloods\Label\image_751.png,26.4618,2
image_5329.png,c:\Users\HP\OneDrive\Desktop\Flood_AI_Dataset\05_S1GFloods\A\image_5329.png,c:\Users\HP\OneDrive\Desktop\Flood_AI_Dataset\05_S1GFloods\B\image_5329.png,c:\Users\HP\OneDrive\Desktop\Flood_AI_Dataset\05_S1GFloods\Label\image_5329.png,17.4805,2
image_4498.png,c:\Users\HP\OneDrive\Desktop\Flood_AI_Dataset\05_S1GFloods\A\image_4498.png,c:\Users\HP\OneDrive\Desktop\Flood_AI_Dataset\05_S1GFloods\B\image_4498.png,c:\Users\HP\OneDrive\Desktop\Flood_AI_Dataset\05_S1GFloods\Label\image_4498.png,32.225,2
image_5350.png,c:\Users\HP\OneDrive\Desktop\Flood_AI_Dataset\05_S1GFloods\A\image_5350.png,c:\Users\HP\OneDrive\Desktop\Flood_AI_Dataset\05_S1GFloods\B\image_5350.png,c:\Users\HP\OneDrive\Desktop\Flood_AI_Dataset\05_S1GFloods\Label\image_5350.png,6.8039,1
image_1986.png,c:\Users\HP\OneDrive\Desktop\Flood_AI_Dataset\05_S1GFloods\A\image_1986.png,c:\Users\HP\OneDrive\Desktop\Flood_AI_Dataset\05_S1GFloods\B\image_1986.png,c:\Users\HP\OneDrive\Desktop\Flood_AI_Dataset\05_S1GFloods\Label\image_1986.png,8.8074,1
image_89.png,c:\Users\HP\OneDrive\Desktop\Flood_AI_Dataset\05_S1GFloods\A\image_89.png,c:\Users\HP\OneDrive\Desktop\Flood_AI_Dataset\05_S1GFloods\B\image_89.png,c:\Users\HP\OneDrive\Desktop\Flood_AI_Dataset\05_S1GFloods\Label\image_89.png,53.0243,2
image_5299.png,c:\Users\HP\OneDrive\Desktop\Flood_AI_Dataset\05_S1GFloods\A\image_5299.png,c:\Users\HP\OneDrive\Desktop\Flood_AI_Dataset\05_S1GFloods\B\image_5299.png,c:\Users\HP\OneDrive\Desktop\Flood_AI_Dataset\05_S1GFloods\Label\image_5299.png,14.3372,2
image_2029.png,c:\Users\HP\OneDrive\Desktop\Flood_AI_Dataset\05_S1GFloods\A\image_2029.png,c:\Users\HP\OneDrive\Desktop\Flood_AI_Dataset\05_S1GFloods\B\image_2029.png,c:\Users\HP\OneDrive\Desktop\Flood_AI_Dataset\05_S1GFloods\Label\image_2029.png,31.1508,2
image_216.png,c:\Users\HP\OneDrive\Desktop\Flood_AI_Dataset\05_S1GFloods\A\image_216.png,c:\Users\HP\OneDrive\Desktop\Flood_AI_Dataset\05_S1GFloods\B\image_216.png,c:\Users\HP\OneDrive\Desktop\Flood_AI_Dataset\05_S1GFloods\Label\image_216.png,92.8802,2
image_1167.png,c:\Users\HP\OneDrive\Desktop\Flood_AI_Dataset\05_S1GFloods\A\image_1167.png,c:\Users\HP\OneDrive\Desktop\Flood_AI_Dataset\05_S1GFloods\B\image_1167.png,c:\Users\HP\OneDrive\Desktop\Flood_AI_Dataset\05_S1GFloods\Label\image_1167.png,82.8415,2
image_4781.png,c:\Users\HP\OneDrive\Desktop\Flood_AI_Dataset\05_S1GFloods\A\image_4781.png,c:\Users\HP\OneDrive\Desktop\Flood_AI_Dataset\05_S1GFloods\B\image_4781.png,c:\Users\HP\OneDrive\Desktop\Flood_AI_Dataset\05_S1GFloods\Label\image_4781.png,10.3165,2
image_2443.png,c:\Users\HP\OneDrive\Desktop\Flood_AI_Dataset\05_S1GFloods\A\image_2443.png,c:\Users\HP\OneDrive\Desktop\Flood_AI_Dataset\05_S1GFloods\B\image_2443.png,c:\Users\HP\OneDrive\Desktop\Flood_AI_Dataset\05_S1GFloods\Label\image_2443.png,8.2169,1
image_1110.png,c:\Users\HP\OneDrive\Desktop\Flood_AI_Dataset\05_S1GFloods\A\image_1110.png,c:\Users\HP\OneDrive\Desktop\Flood_AI_Dataset\05_S1GFloods\B\image_1110.png,c:\Users\HP\OneDrive\Desktop\Flood_AI_Dataset\05_S1GFloods\Label\image_1110.png,12.7899,2
image_3106.png,c:\Users\HP\OneDrive\Desktop\Flood_AI_Dataset\05_S1GFloods\A\image_3106.png,c:\Users\HP\OneDrive\Desktop\Flood_AI_Dataset\05_S1GFloods\B\image_3106.png,c:\Users\HP\OneDrive\Desktop\Flood_AI_Dataset\05_S1GFloods\Label\image_3106.png,20.0592,2
image_564.png,c:\Users\HP\OneDrive\Desktop\Flood_AI_Dataset\05_S1GFloods\A\image_564.png,c:\Users\HP\OneDrive\Desktop\Flood_AI_Dataset\05_S1GFloods\B\image_564.png,c:\Users\HP\OneDrive\Desktop\Flood_AI_Dataset\05_S1GFloods\Label\image_564.png,70.5338,2
image_3070.png,c:\Users\HP\OneDrive\Desktop\Flood_AI_Dataset\05_S1GFloods\A\image_3070.png,c:\Users\HP\OneDrive\Desktop\Flood_AI_Dataset\05_S1GFloods\B\image_3070.png,c:\Users\HP\OneDrive\Desktop\Flood_AI_Dataset\05_S1GFloods\Label\image_3070.png,40.1947,2
image_530.png,c:\Users\HP\OneDrive\Desktop\Flood_AI_Dataset\05_S1GFloods\A\image_530.png,c:\Users\HP\OneDrive\Desktop\Flood_AI_Dataset\05_S1GFloods\B\image_530.png,c:\Users\HP\OneDrive\Desktop\Flood_AI_Dataset\05_S1GFloods\Label\image_530.png,28.4515,2
image_5302.png,c:\Users\HP\OneDrive\Desktop\Flood_AI_Dataset\05_S1GFloods\A\image_5302.png,c:\Users\HP\OneDrive\Desktop\Flood_AI_Dataset\05_S1GFloods\B\image_5302.png,c:\Users\HP\OneDrive\Desktop\Flood_AI_Dataset\05_S1GFloods\Label\image_5302.png,21.5149,2
image_1698.png,c:\Users\HP\OneDrive\Desktop\Flood_AI_Dataset\05_S1GFloods\A\image_1698.png,c:\Users\HP\OneDrive\Desktop\Flood_AI_Dataset\05_S1GFloods\B\image_1698.png,c:\Users\HP\OneDrive\Desktop\Flood_AI_Dataset\05_S1GFloods\Label\image_1698.png,71.3165,2
image_3132.png,c:\Users\HP\OneDrive\Desktop\Flood_AI_Dataset\05_S1GFloods\A\image_3132.png,c:\Users\HP\OneDrive\Desktop\Flood_AI_Dataset\05_S1GFloods\B\image_3132.png,c:\Users\HP\OneDrive\Desktop\Flood_AI_Dataset\05_S1GFloods\Label\image_3132.png,10.4248,2
image_4560.png,c:\Users\HP\OneDrive\Desktop\Flood_AI_Dataset\05_S1GFloods\A\image_4560.png,c:\Users\HP\OneDrive\Desktop\Flood_AI_Dataset\05_S1GFloods\B\image_4560.png,c:\Users\HP\OneDrive\Desktop\Flood_AI_Dataset\05_S1GFloods\Label\image_4560.png,11.9003,2
image_4469.png,c:\Users\HP\OneDrive\Desktop\Flood_AI_Dataset\05_S1GFloods\A\image_4469.png,c:\Users\HP\OneDrive\Desktop\Flood_AI_Dataset\05_S1GFloods\B\image_4469.png,c:\Users\HP\OneDrive\Desktop\Flood_AI_Dataset\05_S1GFloods\Label\image_4469.png,74.8734,2
image_4103.png,c:\Users\HP\OneDrive\Desktop\Flood_AI_Dataset\05_S1GFloods\A\image_4103.png,c:\Users\HP\OneDrive\Desktop\Flood_AI_Dataset\05_S1GFloods\B\image_4103.png,c:\Users\HP\OneDrive\Desktop\Flood_AI_Dataset\05_S1GFloods\Label\image_4103.png,10.6323,2
image_355.png,c:\Users\HP\OneDrive\Desktop\Flood_AI_Dataset\05_S1GFloods\A\image_355.png,c:\Users\HP\OneDrive\Desktop\Flood_AI_Dataset\05_S1GFloods\B\image_355.png,c:\Users\HP\OneDrive\Desktop\Flood_AI_Dataset\05_S1GFloods\Label\image_355.png,8.6319,1
image_4670.png,c:\Users\HP\OneDrive\Desktop\Flood_AI_Dataset\05_S1GFloods\A\image_4670.png,c:\Users\HP\OneDrive\Desktop\Flood_AI_Dataset\05_S1GFloods\B\image_4670.png,c:\Users\HP\OneDrive\Desktop\Flood_AI_Dataset\05_S1GFloods\Label\image_4670.png,12.851,2
image_1888.png,c:\Users\HP\OneDrive\Desktop\Flood_AI_Dataset\05_S1GFloods\A\image_1888.png,c:\Users\HP\OneDrive\Desktop\Flood_AI_Dataset\05_S1GFloods\B\image_1888.png,c:\Users\HP\OneDrive\Desktop\Flood_AI_Dataset\05_S1GFloods\Label\image_1888.png,6.5475,1
image_5201.png,c:\Users\HP\OneDrive\Desktop\Flood_AI_Dataset\05_S1GFloods\A\image_5201.png,c:\Users\HP\OneDrive\Desktop\Flood_AI_Dataset\05_S1GFloods\B\image_5201.png,c:\Users\HP\OneDrive\Desktop\Flood_AI_Dataset\05_S1GFloods\Label\image_5201.png,8.0429,1
image_1790.png,c:\Users\HP\OneDrive\Desktop\Flood_AI_Dataset\05_S1GFloods\A\image_1790.png,c:\Users\HP\OneDrive\Desktop\Flood_AI_Dataset\05_S1GFloods\B\image_1790.png,c:\Users\HP\OneDrive\Desktop\Flood_AI_Dataset\05_S1GFloods\Label\image_1790.png,8.0063,1
image_3020.png,c:\Users\HP\OneDrive\Desktop\Flood_AI_Dataset\05_S1GFloods\A\image_3020.png,c:\Users\HP\OneDrive\Desktop\Flood_AI_Dataset\05_S1GFloods\B\image_3020.png,c:\Users\HP\OneDrive\Desktop\Flood_AI_Dataset\05_S1GFloods\Label\image_3020.png,39.5615,2
image_2969.png,c:\Users\HP\OneDrive\Desktop\Flood_AI_Dataset\05_S1GFloods\A\image_2969.png,c:\Users\HP\OneDrive\Desktop\Flood_AI_Dataset\05_S1GFloods\B\image_2969.png,c:\Users\HP\OneDrive\Desktop\Flood_AI_Dataset\05_S1GFloods\Label\image_2969.png,37.6709,2
image_3396.png,c:\Users\HP\OneDrive\Desktop\Flood_AI_Dataset\05_S1GFloods\A\image_3396.png,c:\Users\HP\OneDrive\Desktop\Flood_AI_Dataset\05_S1GFloods\B\image_3396.png,c:\Users\HP\OneDrive\Desktop\Flood_AI_Dataset\05_S1GFloods\Label\image_3396.png,9.8572,1
image_2936.png,c:\Users\HP\OneDrive\Desktop\Flood_AI_Dataset\05_S1GFloods\A\image_2936.png,c:\Users\HP\OneDrive\Desktop\Flood_AI_Dataset\05_S1GFloods\B\image_2936.png,c:\Users\HP\OneDrive\Desktop\Flood_AI_Dataset\05_S1GFloods\Label\image_2936.png,34.8526,2
image_2846.png,c:\Users\HP\OneDrive\Desktop\Flood_AI_Dataset\05_S1GFloods\A\image_2846.png,c:\Users\HP\OneDrive\Desktop\Flood_AI_Dataset\05_S1GFloods\B\image_2846.png,c:\Users\HP\OneDrive\Desktop\Flood_AI_Dataset\05_S1GFloods\Label\image_2846.png,85.6232,2
image_4315.png,c:\Users\HP\OneDrive\Desktop\Flood_AI_Dataset\05_S1GFloods\A\image_4315.png,c:\Users\HP\OneDrive\Desktop\Flood_AI_Dataset\05_S1GFloods\B\image_4315.png,c:\Users\HP\OneDrive\Desktop\Flood_AI_Dataset\05_S1GFloods\Label\image_4315.png,98.9548,2
image_3824.png,c:\Users\HP\OneDrive\Desktop\Flood_AI_Dataset\05_S1GFloods\A\image_3824.png,c:\Users\HP\OneDrive\Desktop\Flood_AI_Dataset\05_S1GFloods\B\image_3824.png,c:\Users\HP\OneDrive\Desktop\Flood_AI_Dataset\05_S1GFloods\Label\image_3824.png,32.6172,2
image_103.png,c:\Users\HP\OneDrive\Desktop\Flood_AI_Dataset\05_S1GFloods\A\image_103.png,c:\Users\HP\OneDrive\Desktop\Flood_AI_Dataset\05_S1GFloods\B\image_103.png,c:\Users\HP\OneDrive\Desktop\Flood_AI_Dataset\05_S1GFloods\Label\image_103.png,15.9836,2
image_2594.png,c:\Users\HP\OneDrive\Desktop\Flood_AI_Dataset\05_S1GFloods\A\image_2594.png,c:\Users\HP\OneDrive\Desktop\Flood_AI_Dataset\05_S1GFloods\B\image_2594.png,c:\Users\HP\OneDrive\Desktop\Flood_AI_Dataset\05_S1GFloods\Label\image_2594.png,9.8022,1
image_2002.png,c:\Users\HP\OneDrive\Desktop\Flood_AI_Dataset\05_S1GFloods\A\image_2002.png,c:\Users\HP\OneDrive\Desktop\Flood_AI_Dataset\05_S1GFloods\B\image_2002.png,c:\Users\HP\OneDrive\Desktop\Flood_AI_Dataset\05_S1GFloods\Label\image_2002.png,9.9823,1
image_1518.png,c:\Users\HP\OneDrive\Desktop\Flood_AI_Dataset\05_S1GFloods\A\image_1518.png,c:\Users\HP\OneDrive\Desktop\Flood_AI_Dataset\05_S1GFloods\B\image_1518.png,c:\Users\HP\OneDrive\Desktop\Flood_AI_Dataset\05_S1GFloods\Label\image_1518.png,14.7446,2
image_1176.png,c:\Users\HP\OneDrive\Desktop\Flood_AI_Dataset\05_S1GFloods\A\image_1176.png,c:\Users\HP\OneDrive\Desktop\Flood_AI_Dataset\05_S1GFloods\B\image_1176.png,c:\Users\HP\OneDrive\Desktop\Flood_AI_Dataset\05_S1GFloods\Label\image_1176.png,13.9114,2
image_4761.png,c:\Users\HP\OneDrive\Desktop\Flood_AI_Dataset\05_S1GFloods\A\image_4761.png,c:\Users\HP\OneDrive\Desktop\Flood_AI_Dataset\05_S1GFloods\B\image_4761.png,c:\Users\HP\OneDrive\Desktop\Flood_AI_Dataset\05_S1GFloods\Label\image_4761.png,18.0847,2
image_844.png,c:\Users\HP\OneDrive\Desktop\Flood_AI_Dataset\05_S1GFloods\A\image_844.png,c:\Users\HP\OneDrive\Desktop\Flood_AI_Dataset\05_S1GFloods\B\image_844.png,c:\Users\HP\OneDrive\Desktop\Flood_AI_Dataset\05_S1GFloods\Label\image_844.png,73.4467,2
image_253.png,c:\Users\HP\OneDrive\Desktop\Flood_AI_Dataset\05_S1GFloods\A\image_253.png,c:\Users\HP\OneDrive\Desktop\Flood_AI_Dataset\05_S1GFloods\B\image_253.png,c:\Users\HP\OneDrive\Desktop\Flood_AI_Dataset\05_S1GFloods\Label\image_253.png,13.4369,2
image_3427.png,c:\Users\HP\OneDrive\Desktop\Flood_AI_Dataset\05_S1GFloods\A\image_3427.png,c:\Users\HP\OneDrive\Desktop\Flood_AI_Dataset\05_S1GFloods\B\image_3427.png,c:\Users\HP\OneDrive\Desktop\Flood_AI_Dataset\05_S1GFloods\Label\image_3427.png,12.4725,2
image_4122.png,c:\Users\HP\OneDrive\Desktop\Flood_AI_Dataset\05_S1GFloods\A\image_4122.png,c:\Users\HP\OneDrive\Desktop\Flood_AI_Dataset\05_S1GFloods\B\image_4122.png,c:\Users\HP\OneDrive\Desktop\Flood_AI_Dataset\05_S1GFloods\Label\image_4122.png,20.6329,2
image_1401.png,c:\Users\HP\OneDrive\Desktop\Flood_AI_Dataset\05_S1GFloods\A\image_1401.png,c:\Users\HP\OneDrive\Desktop\Flood_AI_Dataset\05_S1GFloods\B\image_1401.png,c:\Users\HP\OneDrive\Desktop\Flood_AI_Dataset\05_S1GFloods\Label\image_1401.png,5.4428,1
image_725.png,c:\Users\HP\OneDrive\Desktop\Flood_AI_Dataset\05_S1GFloods\A\image_725.png,c:\Users\HP\OneDrive\Desktop\Flood_AI_Dataset\05_S1GFloods\B\image_725.png,c:\Users\HP\OneDrive\Desktop\Flood_AI_Dataset\05_S1GFloods\Label\image_725.png,83.7677,2
image_5353.png,c:\Users\HP\OneDrive\Desktop\Flood_AI_Dataset\05_S1GFloods\A\image_5353.png,c:\Users\HP\OneDrive\Desktop\Flood_AI_Dataset\05_S1GFloods\B\image_5353.png,c:\Users\HP\OneDrive\Desktop\Flood_AI_Dataset\05_S1GFloods\Label\image_5353.png,21.9376,2
image_4052.png,c:\Users\HP\OneDrive\Desktop\Flood_AI_Dataset\05_S1GFloods\A\image_4052.png,c:\Users\HP\OneDrive\Desktop\Flood_AI_Dataset\05_S1GFloods\B\image_4052.png,c:\Users\HP\OneDrive\Desktop\Flood_AI_Dataset\05_S1GFloods\Label\image_4052.png,30.8716,2
image_2274.png,c:\Users\HP\OneDrive\Desktop\Flood_AI_Dataset\05_S1GFloods\A\image_2274.png,c:\Users\HP\OneDrive\Desktop\Flood_AI_Dataset\05_S1GFloods\B\image_2274.png,c:\Users\HP\OneDrive\Desktop\Flood_AI_Dataset\05_S1GFloods\Label\image_2274.png,23.3124,2
image_630.png,c:\Users\HP\OneDrive\Desktop\Flood_AI_Dataset\05_S1GFloods\A\image_630.png,c:\Users\HP\OneDrive\Desktop\Flood_AI_Dataset\05_S1GFloods\B\image_630.png,c:\Users\HP\OneDrive\Desktop\Flood_AI_Dataset\05_S1GFloods\Label\image_630.png,82.1182,2
image_1292.png,c:\Users\HP\OneDrive\Desktop\Flood_AI_Dataset\05_S1GFloods\A\image_1292.png,c:\Users\HP\OneDrive\Desktop\Flood_AI_Dataset\05_S1GFloods\B\image_1292.png,c:\Users\HP\OneDrive\Desktop\Flood_AI_Dataset\05_S1GFloods\Label\image_1292.png,77.4307,2
image_2081.png,c:\Users\HP\OneDrive\Desktop\Flood_AI_Dataset\05_S1GFloods\A\image_2081.png,c:\Users\HP\OneDrive\Desktop\Flood_AI_Dataset\05_S1GFloods\B\image_2081.png,c:\Users\HP\OneDrive\Desktop\Flood_AI_Dataset\05_S1GFloods\Label\image_2081.png,7.2739,1
image_3792.png,c:\Users\HP\OneDrive\Desktop\Flood_AI_Dataset\05_S1GFloods\A\image_3792.png,c:\Users\HP\OneDrive\Desktop\Flood_AI_Dataset\05_S1GFloods\B\image_3792.png,c:\Users\HP\OneDrive\Desktop\Flood_AI_Dataset\05_S1GFloods\Label\image_3792.png,44.3008,2
image_1252.png,c:\Users\HP\OneDrive\Desktop\Flood_AI_Dataset\05_S1GFloods\A\image_1252.png,c:\Users\HP\OneDrive\Desktop\Flood_AI_Dataset\05_S1GFloods\B\image_1252.png,c:\Users\HP\OneDrive\Desktop\Flood_AI_Dataset\05_S1GFloods\Label\image_1252.png,14.6042,2
image_1799.png,c:\Users\HP\OneDrive\Desktop\Flood_AI_Dataset\05_S1GFloods\A\image_1799.png,c:\Users\HP\OneDrive\Desktop\Flood_AI_Dataset\05_S1GFloods\B\image_1799.png,c:\Users\HP\OneDrive\Desktop\Flood_AI_Dataset\05_S1GFloods\Label\image_1799.png,5.9814,1
image_3767.png,c:\Users\HP\OneDrive\Desktop\Flood_AI_Dataset\05_S1GFloods\A\image_3767.png,c:\Users\HP\OneDrive\Desktop\Flood_AI_Dataset\05_S1GFloods\B\image_3767.png,c:\Users\HP\OneDrive\Desktop\Flood_AI_Dataset\05_S1GFloods\Label\image_3767.png,7.5394,1
image_5358.png,c:\Users\HP\OneDrive\Desktop\Flood_AI_Dataset\05_S1GFloods\A\image_5358.png,c:\Users\HP\OneDrive\Desktop\Flood_AI_Dataset\05_S1GFloods\B\image_5358.png,c:\Users\HP\OneDrive\Desktop\Flood_AI_Dataset\05_S1GFloods\Label\image_5358.png,6.8909,1
image_1737.png,c:\Users\HP\OneDrive\Desktop\Flood_AI_Dataset\05_S1GFloods\A\image_1737.png,c:\Users\HP\OneDrive\Desktop\Flood_AI_Dataset\05_S1GFloods\B\image_1737.png,c:\Users\HP\OneDrive\Desktop\Flood_AI_Dataset\05_S1GFloods\Label\image_1737.png,39.4974,2
image_2115.png,c:\Users\HP\OneDrive\Desktop\Flood_AI_Dataset\05_S1GFloods\A\image_2115.png,c:\Users\HP\OneDrive\Desktop\Flood_AI_Dataset\05_S1GFloods\B\image_2115.png,c:\Users\HP\OneDrive\Desktop\Flood_AI_Dataset\05_S1GFloods\Label\image_2115.png,6.5323,1
image_2706.png,c:\Users\HP\OneDrive\Desktop\Flood_AI_Dataset\05_S1GFloods\A\image_2706.png,c:\Users\HP\OneDrive\Desktop\Flood_AI_Dataset\05_S1GFloods\B\image_2706.png,c:\Users\HP\OneDrive\Desktop\Flood_AI_Dataset\05_S1GFloods\Label\image_2706.png,29.3671,2
image_365.png,c:\Users\HP\OneDrive\Desktop\Flood_AI_Dataset\05_S1GFloods\A\image_365.png,c:\Users\HP\OneDrive\Desktop\Flood_AI_Dataset\05_S1GFloods\B\image_365.png,c:\Users\HP\OneDrive\Desktop\Flood_AI_Dataset\05_S1GFloods\Label\image_365.png,36.7554,2
image_3524.png,c:\Users\HP\OneDrive\Desktop\Flood_AI_Dataset\05_S1GFloods\A\image_3524.png,c:\Users\HP\OneDrive\Desktop\Flood_AI_Dataset\05_S1GFloods\B\image_3524.png,c:\Users\HP\OneDrive\Desktop\Flood_AI_Dataset\05_S1GFloods\Label\image_3524.png,8.2901,1
image_3006.png,c:\Users\HP\OneDrive\Desktop\Flood_AI_Dataset\05_S1GFloods\A\image_3006.png,c:\Users\HP\OneDrive\Desktop\Flood_AI_Dataset\05_S1GFloods\B\image_3006.png,c:\Users\HP\OneDrive\Desktop\Flood_AI_Dataset\05_S1GFloods\Label\image_3006.png,26.503,2
image_1576.png,c:\Users\HP\OneDrive\Desktop\Flood_AI_Dataset\05_S1GFloods\A\image_1576.png,c:\Users\HP\OneDrive\Desktop\Flood_AI_Dataset\05_S1GFloods\B\image_1576.png,c:\Users\HP\OneDrive\Desktop\Flood_AI_Dataset\05_S1GFloods\Label\image_1576.png,23.5428,2
image_3486.png,c:\Users\HP\OneDrive\Desktop\Flood_AI_Dataset\05_S1GFloods\A\image_3486.png,c:\Users\HP\OneDrive\Desktop\Flood_AI_Dataset\05_S1GFloods\B\image_3486.png,c:\Users\HP\OneDrive\Desktop\Flood_AI_Dataset\05_S1GFloods\Label\image_3486.png,11.4883,2
image_3962.png,c:\Users\HP\OneDrive\Desktop\Flood_AI_Dataset\05_S1GFloods\A\image_3962.png,c:\Users\HP\OneDrive\Desktop\Flood_AI_Dataset\05_S1GFloods\B\image_3962.png,c:\Users\HP\OneDrive\Desktop\Flood_AI_Dataset\05_S1GFloods\Label\image_3962.png,17.3264,2
image_2964.png,c:\Users\HP\OneDrive\Desktop\Flood_AI_Dataset\05_S1GFloods\A\image_2964.png,c:\Users\HP\OneDrive\Desktop\Flood_AI_Dataset\05_S1GFloods\B\image_2964.png,c:\Users\HP\OneDrive\Desktop\Flood_AI_Dataset\05_S1GFloods\Label\image_2964.png,27.2018,2
image_4709.png,c:\Users\HP\OneDrive\Desktop\Flood_AI_Dataset\05_S1GFloods\A\image_4709.png,c:\Users\HP\OneDrive\Desktop\Flood_AI_Dataset\05_S1GFloods\B\image_4709.png,c:\Users\HP\OneDrive\Desktop\Flood_AI_Dataset\05_S1GFloods\Label\image_4709.png,19.7388,2
image_268.png,c:\Users\HP\OneDrive\Desktop\Flood_AI_Dataset\05_S1GFloods\A\image_268.png,c:\Users\HP\OneDrive\Desktop\Flood_AI_Dataset\05_S1GFloods\B\image_268.png,c:\Users\HP\OneDrive\Desktop\Flood_AI_Dataset\05_S1GFloods\Label\image_268.png,19.5251,2
image_4014.png,c:\Users\HP\OneDrive\Desktop\Flood_AI_Dataset\05_S1GFloods\A\image_4014.png,c:\Users\HP\OneDrive\Desktop\Flood_AI_Dataset\05_S1GFloods\B\image_4014.png,c:\Users\HP\OneDrive\Desktop\Flood_AI_Dataset\05_S1GFloods\Label\image_4014.png,15.9653,2
image_4246.png,c:\Users\HP\OneDrive\Desktop\Flood_AI_Dataset\05_S1GFloods\A\image_4246.png,c:\Users\HP\OneDrive\Desktop\Flood_AI_Dataset\05_S1GFloods\B\image_4246.png,c:\Users\HP\OneDrive\Desktop\Flood_AI_Dataset\05_S1GFloods\Label\image_4246.png,6.0074,1
image_1982.png,c:\Users\HP\OneDrive\Desktop\Flood_AI_Dataset\05_S1GFloods\A\image_1982.png,c:\Users\HP\OneDrive\Desktop\Flood_AI_Dataset\05_S1GFloods\B\image_1982.png,c:\Users\HP\OneDrive\Desktop\Flood_AI_Dataset\05_S1GFloods\Label\image_1982.png,39.7629,2
image_2766.png,c:\Users\HP\OneDrive\Desktop\Flood_AI_Dataset\05_S1GFloods\A\image_2766.png,c:\Users\HP\OneDrive\Desktop\Flood_AI_Dataset\05_S1GFloods\B\image_2766.png,c:\Users\HP\OneDrive\Desktop\Flood_AI_Dataset\05_S1GFloods\Label\image_2766.png,12.6999,2
image_117.png,c:\Users\HP\OneDrive\Desktop\Flood_AI_Dataset\05_S1GFloods\A\image_117.png,c:\Users\HP\OneDrive\Desktop\Flood_AI_Dataset\05_S1GFloods\B\image_117.png,c:\Users\HP\OneDrive\Desktop\Flood_AI_Dataset\05_S1GFloods\Label\image_117.png,14.2654,2
image_3722.png,c:\Users\HP\OneDrive\Desktop\Flood_AI_Dataset\05_S1GFloods\A\image_3722.png,c:\Users\HP\OneDrive\Desktop\Flood_AI_Dataset\05_S1GFloods\B\image_3722.png,c:\Users\HP\OneDrive\Desktop\Flood_AI_Dataset\05_S1GFloods\Label\image_3722.png,6.9839,1
image_5173.png,c:\Users\HP\OneDrive\Desktop\Flood_AI_Dataset\05_S1GFloods\A\image_5173.png,c:\Users\HP\OneDrive\Desktop\Flood_AI_Dataset\05_S1GFloods\B\image_5173.png,c:\Users\HP\OneDrive\Desktop\Flood_AI_Dataset\05_S1GFloods\Label\image_5173.png,5.9967,1
image_4023.png,c:\Users\HP\OneDrive\Desktop\Flood_AI_Dataset\05_S1GFloods\A\image_4023.png,c:\Users\HP\OneDrive\Desktop\Flood_AI_Dataset\05_S1GFloods\B\image_4023.png,c:\Users\HP\OneDrive\Desktop\Flood_AI_Dataset\05_S1GFloods\Label\image_4023.png,53.9108,2
image_1222.png,c:\Users\HP\OneDrive\Desktop\Flood_AI_Dataset\05_S1GFloods\A\image_1222.png,c:\Users\HP\OneDrive\Desktop\Flood_AI_Dataset\05_S1GFloods\B\image_1222.png,c:\Users\HP\OneDrive\Desktop\Flood_AI_Dataset\05_S1GFloods\Label\image_1222.png,12.1124,2
image_1409.png,c:\Users\HP\OneDrive\Desktop\Flood_AI_Dataset\05_S1GFloods\A\image_1409.png,c:\Users\HP\OneDrive\Desktop\Flood_AI_Dataset\05_S1GFloods\B\image_1409.png,c:\Users\HP\OneDrive\Desktop\Flood_AI_Dataset\05_S1GFloods\Label\image_1409.png,15.8127,2
image_1042.png,c:\Users\HP\OneDrive\Desktop\Flood_AI_Dataset\05_S1GFloods\A\image_1042.png,c:\Users\HP\OneDrive\Desktop\Flood_AI_Dataset\05_S1GFloods\B\image_1042.png,c:\Users\HP\OneDrive\Desktop\Flood_AI_Dataset\05_S1GFloods\Label\image_1042.png,26.2817,2
image_680.png,c:\Users\HP\OneDrive\Desktop\Flood_AI_Dataset\05_S1GFloods\A\image_680.png,c:\Users\HP\OneDrive\Desktop\Flood_AI_Dataset\05_S1GFloods\B\image_680.png,c:\Users\HP\OneDrive\Desktop\Flood_AI_Dataset\05_S1GFloods\Label\image_680.png,98.7823,2
image_1387.png,c:\Users\HP\OneDrive\Desktop\Flood_AI_Dataset\05_S1GFloods\A\image_1387.png,c:\Users\HP\OneDrive\Desktop\Flood_AI_Dataset\05_S1GFloods\B\image_1387.png,c:\Users\HP\OneDrive\Desktop\Flood_AI_Dataset\05_S1GFloods\Label\image_1387.png,28.1937,2
image_4807.png,c:\Users\HP\OneDrive\Desktop\Flood_AI_Dataset\05_S1GFloods\A\image_4807.png,c:\Users\HP\OneDrive\Desktop\Flood_AI_Dataset\05_S1GFloods\B\image_4807.png,c:\Users\HP\OneDrive\Desktop\Flood_AI_Dataset\05_S1GFloods\Label\image_4807.png,17.4332,2
image_1885.png,c:\Users\HP\OneDrive\Desktop\Flood_AI_Dataset\05_S1GFloods\A\image_1885.png,c:\Users\HP\OneDrive\Desktop\Flood_AI_Dataset\05_S1GFloods\B\image_1885.png,c:\Users\HP\OneDrive\Desktop\Flood_AI_Dataset\05_S1GFloods\Label\image_1885.png,9.9335,1
image_390.png,c:\Users\HP\OneDrive\Desktop\Flood_AI_Dataset\05_S1GFloods\A\image_390.png,c:\Users\HP\OneDrive\Desktop\Flood_AI_Dataset\05_S1GFloods\B\image_390.png,c:\Users\HP\OneDrive\Desktop\Flood_AI_Dataset\05_S1GFloods\Label\image_390.png,17.1066,2
image_114.png,c:\Users\HP\OneDrive\Desktop\Flood_AI_Dataset\05_S1GFloods\A\image_114.png,c:\Users\HP\OneDrive\Desktop\Flood_AI_Dataset\05_S1GFloods\B\image_114.png,c:\Users\HP\OneDrive\Desktop\Flood_AI_Dataset\05_S1GFloods\Label\image_114.png,19.0582,2
image_3676.png,c:\Users\HP\OneDrive\Desktop\Flood_AI_Dataset\05_S1GFloods\A\image_3676.png,c:\Users\HP\OneDrive\Desktop\Flood_AI_Dataset\05_S1GFloods\B\image_3676.png,c:\Users\HP\OneDrive\Desktop\Flood_AI_Dataset\05_S1GFloods\Label\image_3676.png,29.689,2
image_2197.png,c:\Users\HP\OneDrive\Desktop\Flood_AI_Dataset\05_S1GFloods\A\image_2197.png,c:\Users\HP\OneDrive\Desktop\Flood_AI_Dataset\05_S1GFloods\B\image_2197.png,c:\Users\HP\OneDrive\Desktop\Flood_AI_Dataset\05_S1GFloods\Label\image_2197.png,18.4906,2
image_4500.png,c:\Users\HP\OneDrive\Desktop\Flood_AI_Dataset\05_S1GFloods\A\image_4500.png,c:\Users\HP\OneDrive\Desktop\Flood_AI_Dataset\05_S1GFloods\B\image_4500.png,c:\Users\HP\OneDrive\Desktop\Flood_AI_Dataset\05_S1GFloods\Label\image_4500.png,94.5496,2
image_2803.png,c:\Users\HP\OneDrive\Desktop\Flood_AI_Dataset\05_S1GFloods\A\image_2803.png,c:\Users\HP\OneDrive\Desktop\Flood_AI_Dataset\05_S1GFloods\B\image_2803.png,c:\Users\HP\OneDrive\Desktop\Flood_AI_Dataset\05_S1GFloods\Label\image_2803.png,82.1548,2
image_3574.png,c:\Users\HP\OneDrive\Desktop\Flood_AI_Dataset\05_S1GFloods\A\image_3574.png,c:\Users\HP\OneDrive\Desktop\Flood_AI_Dataset\05_S1GFloods\B\image_3574.png,c:\Users\HP\OneDrive\Desktop\Flood_AI_Dataset\05_S1GFloods\Label\image_3574.png,5.3192,1
image_1743.png,c:\Users\HP\OneDrive\Desktop\Flood_AI_Dataset\05_S1GFloods\A\image_1743.png,c:\Users\HP\OneDrive\Desktop\Flood_AI_Dataset\05_S1GFloods\B\image_1743.png,c:\Users\HP\OneDrive\Desktop\Flood_AI_Dataset\05_S1GFloods\Label\image_1743.png,70.1263,2
image_2806.png,c:\Users\HP\OneDrive\Desktop\Flood_AI_Dataset\05_S1GFloods\A\image_2806.png,c:\Users\HP\OneDrive\Desktop\Flood_AI_Dataset\05_S1GFloods\B\image_2806.png,c:\Users\HP\OneDrive\Desktop\Flood_AI_Dataset\05_S1GFloods\Label\image_2806.png,56.2088,2
image_1860.png,c:\Users\HP\OneDrive\Desktop\Flood_AI_Dataset\05_S1GFloods\A\image_1860.png,c:\Users\HP\OneDrive\Desktop\Flood_AI_Dataset\05_S1GFloods\B\image_1860.png,c:\Users\HP\OneDrive\Desktop\Flood_AI_Dataset\05_S1GFloods\Label\image_1860.png,10.1883,2
image_1230.png,c:\Users\HP\OneDrive\Desktop\Flood_AI_Dataset\05_S1GFloods\A\image_1230.png,c:\Users\HP\OneDrive\Desktop\Flood_AI_Dataset\05_S1GFloods\B\image_1230.png,c:\Users\HP\OneDrive\Desktop\Flood_AI_Dataset\05_S1GFloods\Label\image_1230.png,6.5125,1
image_3442.png,c:\Users\HP\OneDrive\Desktop\Flood_AI_Dataset\05_S1GFloods\A\image_3442.png,c:\Users\HP\OneDrive\Desktop\Flood_AI_Dataset\05_S1GFloods\B\image_3442.png,c:\Users\HP\OneDrive\Desktop\Flood_AI_Dataset\05_S1GFloods\Label\image_3442.png,7.7713,1
image_341.png,c:\Users\HP\OneDrive\Desktop\Flood_AI_Dataset\05_S1GFloods\A\image_341.png,c:\Users\HP\OneDrive\Desktop\Flood_AI_Dataset\05_S1GFloods\B\image_341.png,c:\Users\HP\OneDrive\Desktop\Flood_AI_Dataset\05_S1GFloods\Label\image_341.png,53.5614,2
image_2599.png,c:\Users\HP\OneDrive\Desktop\Flood_AI_Dataset\05_S1GFloods\A\image_2599.png,c:\Users\HP\OneDrive\Desktop\Flood_AI_Dataset\05_S1GFloods\B\image_2599.png,c:\Users\HP\OneDrive\Desktop\Flood_AI_Dataset\05_S1GFloods\Label\image_2599.png,32.9346,2
image_2478.png,c:\Users\HP\OneDrive\Desktop\Flood_AI_Dataset\05_S1GFloods\A\image_2478.png,c:\Users\HP\OneDrive\Desktop\Flood_AI_Dataset\05_S1GFloods\B\image_2478.png,c:\Users\HP\OneDrive\Desktop\Flood_AI_Dataset\05_S1GFloods\Label\image_2478.png,17.0975,2
image_5310.png,c:\Users\HP\OneDrive\Desktop\Flood_AI_Dataset\05_S1GFloods\A\image_5310.png,c:\Users\HP\OneDrive\Desktop\Flood_AI_Dataset\05_S1GFloods\B\image_5310.png,c:\Users\HP\OneDrive\Desktop\Flood_AI_Dataset\05_S1GFloods\Label\image_5310.png,15.2161,2
image_3344.png,c:\Users\HP\OneDrive\Desktop\Flood_AI_Dataset\05_S1GFloods\A\image_3344.png,c:\Users\HP\OneDrive\Desktop\Flood_AI_Dataset\05_S1GFloods\B\image_3344.png,c:\Users\HP\OneDrive\Desktop\Flood_AI_Dataset\05_S1GFloods\Label\image_3344.png,6.1768,1
image_2377.png,c:\Users\HP\OneDrive\Desktop\Flood_AI_Dataset\05_S1GFloods\A\image_2377.png,c:\Users\HP\OneDrive\Desktop\Flood_AI_Dataset\05_S1GFloods\B\image_2377.png,c:\Users\HP\OneDrive\Desktop\Flood_AI_Dataset\05_S1GFloods\Label\image_2377.png,47.6776,2
image_176.png,c:\Users\HP\OneDrive\Desktop\Flood_AI_Dataset\05_S1GFloods\A\image_176.png,c:\Users\HP\OneDrive\Desktop\Flood_AI_Dataset\05_S1GFloods\B\image_176.png,c:\Users\HP\OneDrive\Desktop\Flood_AI_Dataset\05_S1GFloods\Label\image_176.png,21.2036,2
image_2256.png,c:\Users\HP\OneDrive\Desktop\Flood_AI_Dataset\05_S1GFloods\A\image_2256.png,c:\Users\HP\OneDrive\Desktop\Flood_AI_Dataset\05_S1GFloods\B\image_2256.png,c:\Users\HP\OneDrive\Desktop\Flood_AI_Dataset\05_S1GFloods\Label\image_2256.png,9.8694,1
image_1435.png,c:\Users\HP\OneDrive\Desktop\Flood_AI_Dataset\05_S1GFloods\A\image_1435.png,c:\Users\HP\OneDrive\Desktop\Flood_AI_Dataset\05_S1GFloods\B\image_1435.png,c:\Users\HP\OneDrive\Desktop\Flood_AI_Dataset\05_S1GFloods\Label\image_1435.png,16.1346,2
image_2333.png,c:\Users\HP\OneDrive\Desktop\Flood_AI_Dataset\05_S1GFloods\A\image_2333.png,c:\Users\HP\OneDrive\Desktop\Flood_AI_Dataset\05_S1GFloods\B\image_2333.png,c:\Users\HP\OneDrive\Desktop\Flood_AI_Dataset\05_S1GFloods\Label\image_2333.png,10.4141,2
image_4564.png,c:\Users\HP\OneDrive\Desktop\Flood_AI_Dataset\05_S1GFloods\A\image_4564.png,c:\Users\HP\OneDrive\Desktop\Flood_AI_Dataset\05_S1GFloods\B\image_4564.png,c:\Users\HP\OneDrive\Desktop\Flood_AI_Dataset\05_S1GFloods\Label\image_4564.png,24.4095,2
image_3411.png,c:\Users\HP\OneDrive\Desktop\Flood_AI_Dataset\05_S1GFloods\A\image_3411.png,c:\Users\HP\OneDrive\Desktop\Flood_AI_Dataset\05_S1GFloods\B\image_3411.png,c:\Users\HP\OneDrive\Desktop\Flood_AI_Dataset\05_S1GFloods\Label\image_3411.png,59.8083,2
image_4823.png,c:\Users\HP\OneDrive\Desktop\Flood_AI_Dataset\05_S1GFloods\A\image_4823.png,c:\Users\HP\OneDrive\Desktop\Flood_AI_Dataset\05_S1GFloods\B\image_4823.png,c:\Users\HP\OneDrive\Desktop\Flood_AI_Dataset\05_S1GFloods\Label\image_4823.png,82.7713,2
image_953.png,c:\Users\HP\OneDrive\Desktop\Flood_AI_Dataset\05_S1GFloods\A\image_953.png,c:\Users\HP\OneDrive\Desktop\Flood_AI_Dataset\05_S1GFloods\B\image_953.png,c:\Users\HP\OneDrive\Desktop\Flood_AI_Dataset\05_S1GFloods\Label\image_953.png,87.8632,2
image_3999.png,c:\Users\HP\OneDrive\Desktop\Flood_AI_Dataset\05_S1GFloods\A\image_3999.png,c:\Users\HP\OneDrive\Desktop\Flood_AI_Dataset\05_S1GFloods\B\image_3999.png,c:\Users\HP\OneDrive\Desktop\Flood_AI_Dataset\05_S1GFloods\Label\image_3999.png,5.4077,1
image_121.png,c:\Users\HP\OneDrive\Desktop\Flood_AI_Dataset\05_S1GFloods\A\image_121.png,c:\Users\HP\OneDrive\Desktop\Flood_AI_Dataset\05_S1GFloods\B\image_121.png,c:\Users\HP\OneDrive\Desktop\Flood_AI_Dataset\05_S1GFloods\Label\image_121.png,23.0743,2
image_5175.png,c:\Users\HP\OneDrive\Desktop\Flood_AI_Dataset\05_S1GFloods\A\image_5175.png,c:\Users\HP\OneDrive\Desktop\Flood_AI_Dataset\05_S1GFloods\B\image_5175.png,c:\Users\HP\OneDrive\Desktop\Flood_AI_Dataset\05_S1GFloods\Label\image_5175.png,14.0518,2
image_1879.png,c:\Users\HP\OneDrive\Desktop\Flood_AI_Dataset\05_S1GFloods\A\image_1879.png,c:\Users\HP\OneDrive\Desktop\Flood_AI_Dataset\05_S1GFloods\B\image_1879.png,c:\Users\HP\OneDrive\Desktop\Flood_AI_Dataset\05_S1GFloods\Label\image_1879.png,32.9819,2
image_2514.png,c:\Users\HP\OneDrive\Desktop\Flood_AI_Dataset\05_S1GFloods\A\image_2514.png,c:\Users\HP\OneDrive\Desktop\Flood_AI_Dataset\05_S1GFloods\B\image_2514.png,c:\Users\HP\OneDrive\Desktop\Flood_AI_Dataset\05_S1GFloods\Label\image_2514.png,83.2123,2
image_3238.png,c:\Users\HP\OneDrive\Desktop\Flood_AI_Dataset\05_S1GFloods\A\image_3238.png,c:\Users\HP\OneDrive\Desktop\Flood_AI_Dataset\05_S1GFloods\B\image_3238.png,c:\Users\HP\OneDrive\Desktop\Flood_AI_Dataset\05_S1GFloods\Label\image_3238.png,6.8161,1
image_3308.png,c:\Users\HP\OneDrive\Desktop\Flood_AI_Dataset\05_S1GFloods\A\image_3308.png,c:\Users\HP\OneDrive\Desktop\Flood_AI_Dataset\05_S1GFloods\B\image_3308.png,c:\Users\HP\OneDrive\Desktop\Flood_AI_Dataset\05_S1GFloods\Label\image_3308.png,5.0354,1
image_3329.png,c:\Users\HP\OneDrive\Desktop\Flood_AI_Dataset\05_S1GFloods\A\image_3329.png,c:\Users\HP\OneDrive\Desktop\Flood_AI_Dataset\05_S1GFloods\B\image_3329.png,c:\Users\HP\OneDrive\Desktop\Flood_AI_Dataset\05_S1GFloods\Label\image_3329.png,72.316,2
image_5220.png,c:\Users\HP\OneDrive\Desktop\Flood_AI_Dataset\05_S1GFloods\A\image_5220.png,c:\Users\HP\OneDrive\Desktop\Flood_AI_Dataset\05_S1GFloods\B\image_5220.png,c:\Users\HP\OneDrive\Desktop\Flood_AI_Dataset\05_S1GFloods\Label\image_5220.png,8.3954,1
image_501.png,c:\Users\HP\OneDrive\Desktop\Flood_AI_Dataset\05_S1GFloods\A\image_501.png,c:\Users\HP\OneDrive\Desktop\Flood_AI_Dataset\05_S1GFloods\B\image_501.png,c:\Users\HP\OneDrive\Desktop\Flood_AI_Dataset\05_S1GFloods\Label\image_501.png,84.3323,2
image_2862.png,c:\Users\HP\OneDrive\Desktop\Flood_AI_Dataset\05_S1GFloods\A\image_2862.png,c:\Users\HP\OneDrive\Desktop\Flood_AI_Dataset\05_S1GFloods\B\image_2862.png,c:\Users\HP\OneDrive\Desktop\Flood_AI_Dataset\05_S1GFloods\Label\image_2862.png,18.0954,2
image_3204.png,c:\Users\HP\OneDrive\Desktop\Flood_AI_Dataset\05_S1GFloods\A\image_3204.png,c:\Users\HP\OneDrive\Desktop\Flood_AI_Dataset\05_S1GFloods\B\image_3204.png,c:\Users\HP\OneDrive\Desktop\Flood_AI_Dataset\05_S1GFloods\Label\image_3204.png,10.8612,2
image_4199.png,c:\Users\HP\OneDrive\Desktop\Flood_AI_Dataset\05_S1GFloods\A\image_4199.png,c:\Users\HP\OneDrive\Desktop\Flood_AI_Dataset\05_S1GFloods\B\image_4199.png,c:\Users\HP\OneDrive\Desktop\Flood_AI_Dataset\05_S1GFloods\Label\image_4199.png,85.2142,2
image_2013.png,c:\Users\HP\OneDrive\Desktop\Flood_AI_Dataset\05_S1GFloods\A\image_2013.png,c:\Users\HP\OneDrive\Desktop\Flood_AI_Dataset\05_S1GFloods\B\image_2013.png,c:\Users\HP\OneDrive\Desktop\Flood_AI_Dataset\05_S1GFloods\Label\image_2013.png,5.3284,1
image_2251.png,c:\Users\HP\OneDrive\Desktop\Flood_AI_Dataset\05_S1GFloods\A\image_2251.png,c:\Users\HP\OneDrive\Desktop\Flood_AI_Dataset\05_S1GFloods\B\image_2251.png,c:\Users\HP\OneDrive\Desktop\Flood_AI_Dataset\05_S1GFloods\Label\image_2251.png,9.4299,1
image_4371.png,c:\Users\HP\OneDrive\Desktop\Flood_AI_Dataset\05_S1GFloods\A\image_4371.png,c:\Users\HP\OneDrive\Desktop\Flood_AI_Dataset\05_S1GFloods\B\image_4371.png,c:\Users\HP\OneDrive\Desktop\Flood_AI_Dataset\05_S1GFloods\Label\image_4371.png,36.0764,2
image_4425.png,c:\Users\HP\OneDrive\Desktop\Flood_AI_Dataset\05_S1GFloods\A\image_4425.png,c:\Users\HP\OneDrive\Desktop\Flood_AI_Dataset\05_S1GFloods\B\image_4425.png,c:\Users\HP\OneDrive\Desktop\Flood_AI_Dataset\05_S1GFloods\Label\image_4425.png,17.9413,2
image_1690.png,c:\Users\HP\OneDrive\Desktop\Flood_AI_Dataset\05_S1GFloods\A\image_1690.png,c:\Users\HP\OneDrive\Desktop\Flood_AI_Dataset\05_S1GFloods\B\image_1690.png,c:\Users\HP\OneDrive\Desktop\Flood_AI_Dataset\05_S1GFloods\Label\image_1690.png,10.675,2
image_2683.png,c:\Users\HP\OneDrive\Desktop\Flood_AI_Dataset\05_S1GFloods\A\image_2683.png,c:\Users\HP\OneDrive\Desktop\Flood_AI_Dataset\05_S1GFloods\B\image_2683.png,c:\Users\HP\OneDrive\Desktop\Flood_AI_Dataset\05_S1GFloods\Label\image_2683.png,18.9133,2
image_4304.png,c:\Users\HP\OneDrive\Desktop\Flood_AI_Dataset\05_S1GFloods\A\image_4304.png,c:\Users\HP\OneDrive\Desktop\Flood_AI_Dataset\05_S1GFloods\B\image_4304.png,c:\Users\HP\OneDrive\Desktop\Flood_AI_Dataset\05_S1GFloods\Label\image_4304.png,7.1381,1
image_2427.png,c:\Users\HP\OneDrive\Desktop\Flood_AI_Dataset\05_S1GFloods\A\image_2427.png,c:\Users\HP\OneDrive\Desktop\Flood_AI_Dataset\05_S1GFloods\B\image_2427.png,c:\Users\HP\OneDrive\Desktop\Flood_AI_Dataset\05_S1GFloods\Label\image_2427.png,5.3055,1
image_4916.png,c:\Users\HP\OneDrive\Desktop\Flood_AI_Dataset\05_S1GFloods\A\image_4916.png,c:\Users\HP\OneDrive\Desktop\Flood_AI_Dataset\05_S1GFloods\B\image_4916.png,c:\Users\HP\OneDrive\Desktop\Flood_AI_Dataset\05_S1GFloods\Label\image_4916.png,5.0171,1
image_3992.png,c:\Users\HP\OneDrive\Desktop\Flood_AI_Dataset\05_S1GFloods\A\image_3992.png,c:\Users\HP\OneDrive\Desktop\Flood_AI_Dataset\05_S1GFloods\B\image_3992.png,c:\Users\HP\OneDrive\Desktop\Flood_AI_Dataset\05_S1GFloods\Label\image_3992.png,6.0226,1
image_5110.png,c:\Users\HP\OneDrive\Desktop\Flood_AI_Dataset\05_S1GFloods\A\image_5110.png,c:\Users\HP\OneDrive\Desktop\Flood_AI_Dataset\05_S1GFloods\B\image_5110.png,c:\Users\HP\OneDrive\Desktop\Flood_AI_Dataset\05_S1GFloods\Label\image_5110.png,49.3362,2
image_4663.png,c:\Users\HP\OneDrive\Desktop\Flood_AI_Dataset\05_S1GFloods\A\image_4663.png,c:\Users\HP\OneDrive\Desktop\Flood_AI_Dataset\05_S1GFloods\B\image_4663.png,c:\Users\HP\OneDrive\Desktop\Flood_AI_Dataset\05_S1GFloods\Label\image_4663.png,18.4341,2
image_1595.png,c:\Users\HP\OneDrive\Desktop\Flood_AI_Dataset\05_S1GFloods\A\image_1595.png,c:\Users\HP\OneDrive\Desktop\Flood_AI_Dataset\05_S1GFloods\B\image_1595.png,c:\Users\HP\OneDrive\Desktop\Flood_AI_Dataset\05_S1GFloods\Label\image_1595.png,37.5687,2
image_643.png,c:\Users\HP\OneDrive\Desktop\Flood_AI_Dataset\05_S1GFloods\A\image_643.png,c:\Users\HP\OneDrive\Desktop\Flood_AI_Dataset\05_S1GFloods\B\image_643.png,c:\Users\HP\OneDrive\Desktop\Flood_AI_Dataset\05_S1GFloods\Label\image_643.png,88.2065,2
image_1686.png,c:\Users\HP\OneDrive\Desktop\Flood_AI_Dataset\05_S1GFloods\A\image_1686.png,c:\Users\HP\OneDrive\Desktop\Flood_AI_Dataset\05_S1GFloods\B\image_1686.png,c:\Users\HP\OneDrive\Desktop\Flood_AI_Dataset\05_S1GFloods\Label\image_1686.png,16.3742,2
image_3921.png,c:\Users\HP\OneDrive\Desktop\Flood_AI_Dataset\05_S1GFloods\A\image_3921.png,c:\Users\HP\OneDrive\Desktop\Flood_AI_Dataset\05_S1GFloods\B\image_3921.png,c:\Users\HP\OneDrive\Desktop\Flood_AI_Dataset\05_S1GFloods\Label\image_3921.png,35.4935,2
image_1087.png,c:\Users\HP\OneDrive\Desktop\Flood_AI_Dataset\05_S1GFloods\A\image_1087.png,c:\Users\HP\OneDrive\Desktop\Flood_AI_Dataset\05_S1GFloods\B\image_1087.png,c:\Users\HP\OneDrive\Desktop\Flood_AI_Dataset\05_S1GFloods\Label\image_1087.png,73.2071,2
image_795.png,c:\Users\HP\OneDrive\Desktop\Flood_AI_Dataset\05_S1GFloods\A\image_795.png,c:\Users\HP\OneDrive\Desktop\Flood_AI_Dataset\05_S1GFloods\B\image_795.png,c:\Users\HP\OneDrive\Desktop\Flood_AI_Dataset\05_S1GFloods\Label\image_795.png,61.6135,2
image_1697.png,c:\Users\HP\OneDrive\Desktop\Flood_AI_Dataset\05_S1GFloods\A\image_1697.png,c:\Users\HP\OneDrive\Desktop\Flood_AI_Dataset\05_S1GFloods\B\image_1697.png,c:\Users\HP\OneDrive\Desktop\Flood_AI_Dataset\05_S1GFloods\Label\image_1697.png,9.2667,1
image_81.png,c:\Users\HP\OneDrive\Desktop\Flood_AI_Dataset\05_S1GFloods\A\image_81.png,c:\Users\HP\OneDrive\Desktop\Flood_AI_Dataset\05_S1GFloods\B\image_81.png,c:\Users\HP\OneDrive\Desktop\Flood_AI_Dataset\05_S1GFloods\Label\image_81.png,13.1531,2
image_1822.png,c:\Users\HP\OneDrive\Desktop\Flood_AI_Dataset\05_S1GFloods\A\image_1822.png,c:\Users\HP\OneDrive\Desktop\Flood_AI_Dataset\05_S1GFloods\B\image_1822.png,c:\Users\HP\OneDrive\Desktop\Flood_AI_Dataset\05_S1GFloods\Label\image_1822.png,9.8099,1
image_2593.png,c:\Users\HP\OneDrive\Desktop\Flood_AI_Dataset\05_S1GFloods\A\image_2593.png,c:\Users\HP\OneDrive\Desktop\Flood_AI_Dataset\05_S1GFloods\B\image_2593.png,c:\Users\HP\OneDrive\Desktop\Flood_AI_Dataset\05_S1GFloods\Label\image_2593.png,8.8776,1
image_1406.png,c:\Users\HP\OneDrive\Desktop\Flood_AI_Dataset\05_S1GFloods\A\image_1406.png,c:\Users\HP\OneDrive\Desktop\Flood_AI_Dataset\05_S1GFloods\B\image_1406.png,c:\Users\HP\OneDrive\Desktop\Flood_AI_Dataset\05_S1GFloods\Label\image_1406.png,28.8528,2
image_721.png,c:\Users\HP\OneDrive\Desktop\Flood_AI_Dataset\05_S1GFloods\A\image_721.png,c:\Users\HP\OneDrive\Desktop\Flood_AI_Dataset\05_S1GFloods\B\image_721.png,c:\Users\HP\OneDrive\Desktop\Flood_AI_Dataset\05_S1GFloods\Label\image_721.png,9.7672,1
image_3919.png,c:\Users\HP\OneDrive\Desktop\Flood_AI_Dataset\05_S1GFloods\A\image_3919.png,c:\Users\HP\OneDrive\Desktop\Flood_AI_Dataset\05_S1GFloods\B\image_3919.png,c:\Users\HP\OneDrive\Desktop\Flood_AI_Dataset\05_S1GFloods\Label\image_3919.png,63.3926,2
image_3665.png,c:\Users\HP\OneDrive\Desktop\Flood_AI_Dataset\05_S1GFloods\A\image_3665.png,c:\Users\HP\OneDrive\Desktop\Flood_AI_Dataset\05_S1GFloods\B\image_3665.png,c:\Users\HP\OneDrive\Desktop\Flood_AI_Dataset\05_S1GFloods\Label\image_3665.png,13.6551,2
image_4730.png,c:\Users\HP\OneDrive\Desktop\Flood_AI_Dataset\05_S1GFloods\A\image_4730.png,c:\Users\HP\OneDrive\Desktop\Flood_AI_Dataset\05_S1GFloods\B\image_4730.png,c:\Users\HP\OneDrive\Desktop\Flood_AI_Dataset\05_S1GFloods\Label\image_4730.png,6.3751,1
image_4237.png,c:\Users\HP\OneDrive\Desktop\Flood_AI_Dataset\05_S1GFloods\A\image_4237.png,c:\Users\HP\OneDrive\Desktop\Flood_AI_Dataset\05_S1GFloods\B\image_4237.png,c:\Users\HP\OneDrive\Desktop\Flood_AI_Dataset\05_S1GFloods\Label\image_4237.png,9.9304,1
image_1004.png,c:\Users\HP\OneDrive\Desktop\Flood_AI_Dataset\05_S1GFloods\A\image_1004.png,c:\Users\HP\OneDrive\Desktop\Flood_AI_Dataset\05_S1GFloods\B\image_1004.png,c:\Users\HP\OneDrive\Desktop\Flood_AI_Dataset\05_S1GFloods\Label\image_1004.png,30.9677,2
image_2353.png,c:\Users\HP\OneDrive\Desktop\Flood_AI_Dataset\05_S1GFloods\A\image_2353.png,c:\Users\HP\OneDrive\Desktop\Flood_AI_Dataset\05_S1GFloods\B\image_2353.png,c:\Users\HP\OneDrive\Desktop\Flood_AI_Dataset\05_S1GFloods\Label\image_2353.png,20.7077,2
image_3848.png,c:\Users\HP\OneDrive\Desktop\Flood_AI_Dataset\05_S1GFloods\A\image_3848.png,c:\Users\HP\OneDrive\Desktop\Flood_AI_Dataset\05_S1GFloods\B\image_3848.png,c:\Users\HP\OneDrive\Desktop\Flood_AI_Dataset\05_S1GFloods\Label\image_3848.png,19.4641,2
image_2376.png,c:\Users\HP\OneDrive\Desktop\Flood_AI_Dataset\05_S1GFloods\A\image_2376.png,c:\Users\HP\OneDrive\Desktop\Flood_AI_Dataset\05_S1GFloods\B\image_2376.png,c:\Users\HP\OneDrive\Desktop\Flood_AI_Dataset\05_S1GFloods\Label\image_2376.png,15.9042,2
image_1054.png,c:\Users\HP\OneDrive\Desktop\Flood_AI_Dataset\05_S1GFloods\A\image_1054.png,c:\Users\HP\OneDrive\Desktop\Flood_AI_Dataset\05_S1GFloods\B\image_1054.png,c:\Users\HP\OneDrive\Desktop\Flood_AI_Dataset\05_S1GFloods\Label\image_1054.png,33.9828,2
image_2785.png,c:\Users\HP\OneDrive\Desktop\Flood_AI_Dataset\05_S1GFloods\A\image_2785.png,c:\Users\HP\OneDrive\Desktop\Flood_AI_Dataset\05_S1GFloods\B\image_2785.png,c:\Users\HP\OneDrive\Desktop\Flood_AI_Dataset\05_S1GFloods\Label\image_2785.png,11.8515,2
image_1047.png,c:\Users\HP\OneDrive\Desktop\Flood_AI_Dataset\05_S1GFloods\A\image_1047.png,c:\Users\HP\OneDrive\Desktop\Flood_AI_Dataset\05_S1GFloods\B\image_1047.png,c:\Users\HP\OneDrive\Desktop\Flood_AI_Dataset\05_S1GFloods\Label\image_1047.png,48.8846,2
image_1796.png,c:\Users\HP\OneDrive\Desktop\Flood_AI_Dataset\05_S1GFloods\A\image_1796.png,c:\Users\HP\OneDrive\Desktop\Flood_AI_Dataset\05_S1GFloods\B\image_1796.png,c:\Users\HP\OneDrive\Desktop\Flood_AI_Dataset\05_S1GFloods\Label\image_1796.png,5.423,1
image_3828.png,c:\Users\HP\OneDrive\Desktop\Flood_AI_Dataset\05_S1GFloods\A\image_3828.png,c:\Users\HP\OneDrive\Desktop\Flood_AI_Dataset\05_S1GFloods\B\image_3828.png,c:\Users\HP\OneDrive\Desktop\Flood_AI_Dataset\05_S1GFloods\Label\image_3828.png,85.3958,2
image_907.png,c:\Users\HP\OneDrive\Desktop\Flood_AI_Dataset\05_S1GFloods\A\image_907.png,c:\Users\HP\OneDrive\Desktop\Flood_AI_Dataset\05_S1GFloods\B\image_907.png,c:\Users\HP\OneDrive\Desktop\Flood_AI_Dataset\05_S1GFloods\Label\image_907.png,56.3766,2
image_5131.png,c:\Users\HP\OneDrive\Desktop\Flood_AI_Dataset\05_S1GFloods\A\image_5131.png,c:\Users\HP\OneDrive\Desktop\Flood_AI_Dataset\05_S1GFloods\B\image_5131.png,c:\Users\HP\OneDrive\Desktop\Flood_AI_Dataset\05_S1GFloods\Label\image_5131.png,42.9398,2
image_876.png,c:\Users\HP\OneDrive\Desktop\Flood_AI_Dataset\05_S1GFloods\A\image_876.png,c:\Users\HP\OneDrive\Desktop\Flood_AI_Dataset\05_S1GFloods\B\image_876.png,c:\Users\HP\OneDrive\Desktop\Flood_AI_Dataset\05_S1GFloods\Label\image_876.png,5.0049,1
image_2106.png,c:\Users\HP\OneDrive\Desktop\Flood_AI_Dataset\05_S1GFloods\A\image_2106.png,c:\Users\HP\OneDrive\Desktop\Flood_AI_Dataset\05_S1GFloods\B\image_2106.png,c:\Users\HP\OneDrive\Desktop\Flood_AI_Dataset\05_S1GFloods\Label\image_2106.png,15.9607,2
image_3399.png,c:\Users\HP\OneDrive\Desktop\Flood_AI_Dataset\05_S1GFloods\A\image_3399.png,c:\Users\HP\OneDrive\Desktop\Flood_AI_Dataset\05_S1GFloods\B\image_3399.png,c:\Users\HP\OneDrive\Desktop\Flood_AI_Dataset\05_S1GFloods\Label\image_3399.png,9.0775,1
image_1944.png,c:\Users\HP\OneDrive\Desktop\Flood_AI_Dataset\05_S1GFloods\A\image_1944.png,c:\Users\HP\OneDrive\Desktop\Flood_AI_Dataset\05_S1GFloods\B\image_1944.png,c:\Users\HP\OneDrive\Desktop\Flood_AI_Dataset\05_S1GFloods\Label\image_1944.png,13.9359,2
image_1831.png,c:\Users\HP\OneDrive\Desktop\Flood_AI_Dataset\05_S1GFloods\A\image_1831.png,c:\Users\HP\OneDrive\Desktop\Flood_AI_Dataset\05_S1GFloods\B\image_1831.png,c:\Users\HP\OneDrive\Desktop\Flood_AI_Dataset\05_S1GFloods\Label\image_1831.png,10.9436,2
image_5177.png,c:\Users\HP\OneDrive\Desktop\Flood_AI_Dataset\05_S1GFloods\A\image_5177.png,c:\Users\HP\OneDrive\Desktop\Flood_AI_Dataset\05_S1GFloods\B\image_5177.png,c:\Users\HP\OneDrive\Desktop\Flood_AI_Dataset\05_S1GFloods\Label\image_5177.png,45.311,2
image_3400.png,c:\Users\HP\OneDrive\Desktop\Flood_AI_Dataset\05_S1GFloods\A\image_3400.png,c:\Users\HP\OneDrive\Desktop\Flood_AI_Dataset\05_S1GFloods\B\image_3400.png,c:\Users\HP\OneDrive\Desktop\Flood_AI_Dataset\05_S1GFloods\Label\image_3400.png,23.9334,2
image_3040.png,c:\Users\HP\OneDrive\Desktop\Flood_AI_Dataset\05_S1GFloods\A\image_3040.png,c:\Users\HP\OneDrive\Desktop\Flood_AI_Dataset\05_S1GFloods\B\image_3040.png,c:\Users\HP\OneDrive\Desktop\Flood_AI_Dataset\05_S1GFloods\Label\image_3040.png,26.1322,2
image_3734.png,c:\Users\HP\OneDrive\Desktop\Flood_AI_Dataset\05_S1GFloods\A\image_3734.png,c:\Users\HP\OneDrive\Desktop\Flood_AI_Dataset\05_S1GFloods\B\image_3734.png,c:\Users\HP\OneDrive\Desktop\Flood_AI_Dataset\05_S1GFloods\Label\image_3734.png,74.0738,2
image_129.png,c:\Users\HP\OneDrive\Desktop\Flood_AI_Dataset\05_S1GFloods\A\image_129.png,c:\Users\HP\OneDrive\Desktop\Flood_AI_Dataset\05_S1GFloods\B\image_129.png,c:\Users\HP\OneDrive\Desktop\Flood_AI_Dataset\05_S1GFloods\Label\image_129.png,9.2239,1
image_4045.png,c:\Users\HP\OneDrive\Desktop\Flood_AI_Dataset\05_S1GFloods\A\image_4045.png,c:\Users\HP\OneDrive\Desktop\Flood_AI_Dataset\05_S1GFloods\B\image_4045.png,c:\Users\HP\OneDrive\Desktop\Flood_AI_Dataset\05_S1GFloods\Label\image_4045.png,32.3563,2
image_4641.png,c:\Users\HP\OneDrive\Desktop\Flood_AI_Dataset\05_S1GFloods\A\image_4641.png,c:\Users\HP\OneDrive\Desktop\Flood_AI_Dataset\05_S1GFloods\B\image_4641.png,c:\Users\HP\OneDrive\Desktop\Flood_AI_Dataset\05_S1GFloods\Label\image_4641.png,7.8812,1
image_2666.png,c:\Users\HP\OneDrive\Desktop\Flood_AI_Dataset\05_S1GFloods\A\image_2666.png,c:\Users\HP\OneDrive\Desktop\Flood_AI_Dataset\05_S1GFloods\B\image_2666.png,c:\Users\HP\OneDrive\Desktop\Flood_AI_Dataset\05_S1GFloods\Label\image_2666.png,5.3787,1
image_4134.png,c:\Users\HP\OneDrive\Desktop\Flood_AI_Dataset\05_S1GFloods\A\image_4134.png,c:\Users\HP\OneDrive\Desktop\Flood_AI_Dataset\05_S1GFloods\B\image_4134.png,c:\Users\HP\OneDrive\Desktop\Flood_AI_Dataset\05_S1GFloods\Label\image_4134.png,6.1966,1
image_3089.png,c:\Users\HP\OneDrive\Desktop\Flood_AI_Dataset\05_S1GFloods\A\image_3089.png,c:\Users\HP\OneDrive\Desktop\Flood_AI_Dataset\05_S1GFloods\B\image_3089.png,c:\Users\HP\OneDrive\Desktop\Flood_AI_Dataset\05_S1GFloods\Label\image_3089.png,60.997,2
image_1665.png,c:\Users\HP\OneDrive\Desktop\Flood_AI_Dataset\05_S1GFloods\A\image_1665.png,c:\Users\HP\OneDrive\Desktop\Flood_AI_Dataset\05_S1GFloods\B\image_1665.png,c:\Users\HP\OneDrive\Desktop\Flood_AI_Dataset\05_S1GFloods\Label\image_1665.png,44.7037,2
image_2300.png,c:\Users\HP\OneDrive\Desktop\Flood_AI_Dataset\05_S1GFloods\A\image_2300.png,c:\Users\HP\OneDrive\Desktop\Flood_AI_Dataset\05_S1GFloods\B\image_2300.png,c:\Users\HP\OneDrive\Desktop\Flood_AI_Dataset\05_S1GFloods\Label\image_2300.png,24.1089,2
image_1999.png,c:\Users\HP\OneDrive\Desktop\Flood_AI_Dataset\05_S1GFloods\A\image_1999.png,c:\Users\HP\OneDrive\Desktop\Flood_AI_Dataset\05_S1GFloods\B\image_1999.png,c:\Users\HP\OneDrive\Desktop\Flood_AI_Dataset\05_S1GFloods\Label\image_1999.png,22.2855,2
image_2441.png,c:\Users\HP\OneDrive\Desktop\Flood_AI_Dataset\05_S1GFloods\A\image_2441.png,c:\Users\HP\OneDrive\Desktop\Flood_AI_Dataset\05_S1GFloods\B\image_2441.png,c:\Users\HP\OneDrive\Desktop\Flood_AI_Dataset\05_S1GFloods\Label\image_2441.png,74.1852,2
image_5057.png,c:\Users\HP\OneDrive\Desktop\Flood_AI_Dataset\05_S1GFloods\A\image_5057.png,c:\Users\HP\OneDrive\Desktop\Flood_AI_Dataset\05_S1GFloods\B\image_5057.png,c:\Users\HP\OneDrive\Desktop\Flood_AI_Dataset\05_S1GFloods\Label\image_5057.png,17.9779,2
image_1105.png,c:\Users\HP\OneDrive\Desktop\Flood_AI_Dataset\05_S1GFloods\A\image_1105.png,c:\Users\HP\OneDrive\Desktop\Flood_AI_Dataset\05_S1GFloods\B\image_1105.png,c:\Users\HP\OneDrive\Desktop\Flood_AI_Dataset\05_S1GFloods\Label\image_1105.png,6.9427,1
image_2724.png,c:\Users\HP\OneDrive\Desktop\Flood_AI_Dataset\05_S1GFloods\A\image_2724.png,c:\Users\HP\OneDrive\Desktop\Flood_AI_Dataset\05_S1GFloods\B\image_2724.png,c:\Users\HP\OneDrive\Desktop\Flood_AI_Dataset\05_S1GFloods\Label\image_2724.png,55.7175,2
image_1097.png,c:\Users\HP\OneDrive\Desktop\Flood_AI_Dataset\05_S1GFloods\A\image_1097.png,c:\Users\HP\OneDrive\Desktop\Flood_AI_Dataset\05_S1GFloods\B\image_1097.png,c:\Users\HP\OneDrive\Desktop\Flood_AI_Dataset\05_S1GFloods\Label\image_1097.png,50.7721,2
image_867.png,c:\Users\HP\OneDrive\Desktop\Flood_AI_Dataset\05_S1GFloods\A\image_867.png,c:\Users\HP\OneDrive\Desktop\Flood_AI_Dataset\05_S1GFloods\B\image_867.png,c:\Users\HP\OneDrive\Desktop\Flood_AI_Dataset\05_S1GFloods\Label\image_867.png,70.2179,2
image_4189.png,c:\Users\HP\OneDrive\Desktop\Flood_AI_Dataset\05_S1GFloods\A\image_4189.png,c:\Users\HP\OneDrive\Desktop\Flood_AI_Dataset\05_S1GFloods\B\image_4189.png,c:\Users\HP\OneDrive\Desktop\Flood_AI_Dataset\05_S1GFloods\Label\image_4189.png,56.6895,2
image_5338.png,c:\Users\HP\OneDrive\Desktop\Flood_AI_Dataset\05_S1GFloods\A\image_5338.png,c:\Users\HP\OneDrive\Desktop\Flood_AI_Dataset\05_S1GFloods\B\image_5338.png,c:\Users\HP\OneDrive\Desktop\Flood_AI_Dataset\05_S1GFloods\Label\image_5338.png,9.9182,1
image_4.png,c:\Users\HP\OneDrive\Desktop\Flood_AI_Dataset\05_S1GFloods\A\image_4.png,c:\Users\HP\OneDrive\Desktop\Flood_AI_Dataset\05_S1GFloods\B\image_4.png,c:\Users\HP\OneDrive\Desktop\Flood_AI_Dataset\05_S1GFloods\Label\image_4.png,31.0532,2
image_4255.png,c:\Users\HP\OneDrive\Desktop\Flood_AI_Dataset\05_S1GFloods\A\image_4255.png,c:\Users\HP\OneDrive\Desktop\Flood_AI_Dataset\05_S1GFloods\B\image_4255.png,c:\Users\HP\OneDrive\Desktop\Flood_AI_Dataset\05_S1GFloods\Label\image_4255.png,56.4209,2
image_4644.png,c:\Users\HP\OneDrive\Desktop\Flood_AI_Dataset\05_S1GFloods\A\image_4644.png,c:\Users\HP\OneDrive\Desktop\Flood_AI_Dataset\05_S1GFloods\B\image_4644.png,c:\Users\HP\OneDrive\Desktop\Flood_AI_Dataset\05_S1GFloods\Label\image_4644.png,14.5233,2
image_3420.png,c:\Users\HP\OneDrive\Desktop\Flood_AI_Dataset\05_S1GFloods\A\image_3420.png,c:\Users\HP\OneDrive\Desktop\Flood_AI_Dataset\05_S1GFloods\B\image_3420.png,c:\Users\HP\OneDrive\Desktop\Flood_AI_Dataset\05_S1GFloods\Label\image_3420.png,11.5616,2
image_4468.png,c:\Users\HP\OneDrive\Desktop\Flood_AI_Dataset\05_S1GFloods\A\image_4468.png,c:\Users\HP\OneDrive\Desktop\Flood_AI_Dataset\05_S1GFloods\B\image_4468.png,c:\Users\HP\OneDrive\Desktop\Flood_AI_Dataset\05_S1GFloods\Label\image_4468.png,24.6429,2
image_4184.png,c:\Users\HP\OneDrive\Desktop\Flood_AI_Dataset\05_S1GFloods\A\image_4184.png,c:\Users\HP\OneDrive\Desktop\Flood_AI_Dataset\05_S1GFloods\B\image_4184.png,c:\Users\HP\OneDrive\Desktop\Flood_AI_Dataset\05_S1GFloods\Label\image_4184.png,61.351,2
image_4977.png,c:\Users\HP\OneDrive\Desktop\Flood_AI_Dataset\05_S1GFloods\A\image_4977.png,c:\Users\HP\OneDrive\Desktop\Flood_AI_Dataset\05_S1GFloods\B\image_4977.png,c:\Users\HP\OneDrive\Desktop\Flood_AI_Dataset\05_S1GFloods\Label\image_4977.png,12.8174,2
image_901.png,c:\Users\HP\OneDrive\Desktop\Flood_AI_Dataset\05_S1GFloods\A\image_901.png,c:\Users\HP\OneDrive\Desktop\Flood_AI_Dataset\05_S1GFloods\B\image_901.png,c:\Users\HP\OneDrive\Desktop\Flood_AI_Dataset\05_S1GFloods\Label\image_901.png,47.319,2
image_5255.png,c:\Users\HP\OneDrive\Desktop\Flood_AI_Dataset\05_S1GFloods\A\image_5255.png,c:\Users\HP\OneDrive\Desktop\Flood_AI_Dataset\05_S1GFloods\B\image_5255.png,c:\Users\HP\OneDrive\Desktop\Flood_AI_Dataset\05_S1GFloods\Label\image_5255.png,23.4192,2
image_345.png,c:\Users\HP\OneDrive\Desktop\Flood_AI_Dataset\05_S1GFloods\A\image_345.png,c:\Users\HP\OneDrive\Desktop\Flood_AI_Dataset\05_S1GFloods\B\image_345.png,c:\Users\HP\OneDrive\Desktop\Flood_AI_Dataset\05_S1GFloods\Label\image_345.png,78.2745,2
image_2098.png,c:\Users\HP\OneDrive\Desktop\Flood_AI_Dataset\05_S1GFloods\A\image_2098.png,c:\Users\HP\OneDrive\Desktop\Flood_AI_Dataset\05_S1GFloods\B\image_2098.png,c:\Users\HP\OneDrive\Desktop\Flood_AI_Dataset\05_S1GFloods\Label\image_2098.png,28.2089,2
image_3563.png,c:\Users\HP\OneDrive\Desktop\Flood_AI_Dataset\05_S1GFloods\A\image_3563.png,c:\Users\HP\OneDrive\Desktop\Flood_AI_Dataset\05_S1GFloods\B\image_3563.png,c:\Users\HP\OneDrive\Desktop\Flood_AI_Dataset\05_S1GFloods\Label\image_3563.png,39.5279,2
image_5212.png,c:\Users\HP\OneDrive\Desktop\Flood_AI_Dataset\05_S1GFloods\A\image_5212.png,c:\Users\HP\OneDrive\Desktop\Flood_AI_Dataset\05_S1GFloods\B\image_5212.png,c:\Users\HP\OneDrive\Desktop\Flood_AI_Dataset\05_S1GFloods\Label\image_5212.png,15.8585,2
image_5178.png,c:\Users\HP\OneDrive\Desktop\Flood_AI_Dataset\05_S1GFloods\A\image_5178.png,c:\Users\HP\OneDrive\Desktop\Flood_AI_Dataset\05_S1GFloods\B\image_5178.png,c:\Users\HP\OneDrive\Desktop\Flood_AI_Dataset\05_S1GFloods\Label\image_5178.png,5.9464,1
image_82.png,c:\Users\HP\OneDrive\Desktop\Flood_AI_Dataset\05_S1GFloods\A\image_82.png,c:\Users\HP\OneDrive\Desktop\Flood_AI_Dataset\05_S1GFloods\B\image_82.png,c:\Users\HP\OneDrive\Desktop\Flood_AI_Dataset\05_S1GFloods\Label\image_82.png,92.8848,2
image_2067.png,c:\Users\HP\OneDrive\Desktop\Flood_AI_Dataset\05_S1GFloods\A\image_2067.png,c:\Users\HP\OneDrive\Desktop\Flood_AI_Dataset\05_S1GFloods\B\image_2067.png,c:\Users\HP\OneDrive\Desktop\Flood_AI_Dataset\05_S1GFloods\Label\image_2067.png,5.0598,1
image_3156.png,c:\Users\HP\OneDrive\Desktop\Flood_AI_Dataset\05_S1GFloods\A\image_3156.png,c:\Users\HP\OneDrive\Desktop\Flood_AI_Dataset\05_S1GFloods\B\image_3156.png,c:\Users\HP\OneDrive\Desktop\Flood_AI_Dataset\05_S1GFloods\Label\image_3156.png,40.4892,2
image_5158.png,c:\Users\HP\OneDrive\Desktop\Flood_AI_Dataset\05_S1GFloods\A\image_5158.png,c:\Users\HP\OneDrive\Desktop\Flood_AI_Dataset\05_S1GFloods\B\image_5158.png,c:\Users\HP\OneDrive\Desktop\Flood_AI_Dataset\05_S1GFloods\Label\image_5158.png,8.3023,1
image_2228.png,c:\Users\HP\OneDrive\Desktop\Flood_AI_Dataset\05_S1GFloods\A\image_2228.png,c:\Users\HP\OneDrive\Desktop\Flood_AI_Dataset\05_S1GFloods\B\image_2228.png,c:\Users\HP\OneDrive\Desktop\Flood_AI_Dataset\05_S1GFloods\Label\image_2228.png,11.2381,2
image_4535.png,c:\Users\HP\OneDrive\Desktop\Flood_AI_Dataset\05_S1GFloods\A\image_4535.png,c:\Users\HP\OneDrive\Desktop\Flood_AI_Dataset\05_S1GFloods\B\image_4535.png,c:\Users\HP\OneDrive\Desktop\Flood_AI_Dataset\05_S1GFloods\Label\image_4535.png,17.6559,2
image_4169.png,c:\Users\HP\OneDrive\Desktop\Flood_AI_Dataset\05_S1GFloods\A\image_4169.png,c:\Users\HP\OneDrive\Desktop\Flood_AI_Dataset\05_S1GFloods\B\image_4169.png,c:\Users\HP\OneDrive\Desktop\Flood_AI_Dataset\05_S1GFloods\Label\image_4169.png,19.458,2
image_1684.png,c:\Users\HP\OneDrive\Desktop\Flood_AI_Dataset\05_S1GFloods\A\image_1684.png,c:\Users\HP\OneDrive\Desktop\Flood_AI_Dataset\05_S1GFloods\B\image_1684.png,c:\Users\HP\OneDrive\Desktop\Flood_AI_Dataset\05_S1GFloods\Label\image_1684.png,27.2293,2
image_2528.png,c:\Users\HP\OneDrive\Desktop\Flood_AI_Dataset\05_S1GFloods\A\image_2528.png,c:\Users\HP\OneDrive\Desktop\Flood_AI_Dataset\05_S1GFloods\B\image_2528.png,c:\Users\HP\OneDrive\Desktop\Flood_AI_Dataset\05_S1GFloods\Label\image_2528.png,31.0043,2
image_846.png,c:\Users\HP\OneDrive\Desktop\Flood_AI_Dataset\05_S1GFloods\A\image_846.png,c:\Users\HP\OneDrive\Desktop\Flood_AI_Dataset\05_S1GFloods\B\image_846.png,c:\Users\HP\OneDrive\Desktop\Flood_AI_Dataset\05_S1GFloods\Label\image_846.png,19.7006,2
image_3592.png,c:\Users\HP\OneDrive\Desktop\Flood_AI_Dataset\05_S1GFloods\A\image_3592.png,c:\Users\HP\OneDrive\Desktop\Flood_AI_Dataset\05_S1GFloods\B\image_3592.png,c:\Users\HP\OneDrive\Desktop\Flood_AI_Dataset\05_S1GFloods\Label\image_3592.png,7.8629,1
image_2404.png,c:\Users\HP\OneDrive\Desktop\Flood_AI_Dataset\05_S1GFloods\A\image_2404.png,c:\Users\HP\OneDrive\Desktop\Flood_AI_Dataset\05_S1GFloods\B\image_2404.png,c:\Users\HP\OneDrive\Desktop\Flood_AI_Dataset\05_S1GFloods\Label\image_2404.png,41.0721,2
image_4847.png,c:\Users\HP\OneDrive\Desktop\Flood_AI_Dataset\05_S1GFloods\A\image_4847.png,c:\Users\HP\OneDrive\Desktop\Flood_AI_Dataset\05_S1GFloods\B\image_4847.png,c:\Users\HP\OneDrive\Desktop\Flood_AI_Dataset\05_S1GFloods\Label\image_4847.png,12.0941,2
image_2814.png,c:\Users\HP\OneDrive\Desktop\Flood_AI_Dataset\05_S1GFloods\A\image_2814.png,c:\Users\HP\OneDrive\Desktop\Flood_AI_Dataset\05_S1GFloods\B\image_2814.png,c:\Users\HP\OneDrive\Desktop\Flood_AI_Dataset\05_S1GFloods\Label\image_2814.png,42.2211,2
image_877.png,c:\Users\HP\OneDrive\Desktop\Flood_AI_Dataset\05_S1GFloods\A\image_877.png,c:\Users\HP\OneDrive\Desktop\Flood_AI_Dataset\05_S1GFloods\B\image_877.png,c:\Users\HP\OneDrive\Desktop\Flood_AI_Dataset\05_S1GFloods\Label\image_877.png,95.3949,2
image_4060.png,c:\Users\HP\OneDrive\Desktop\Flood_AI_Dataset\05_S1GFloods\A\image_4060.png,c:\Users\HP\OneDrive\Desktop\Flood_AI_Dataset\05_S1GFloods\B\image_4060.png,c:\Users\HP\OneDrive\Desktop\Flood_AI_Dataset\05_S1GFloods\Label\image_4060.png,67.012,2
image_4654.png,c:\Users\HP\OneDrive\Desktop\Flood_AI_Dataset\05_S1GFloods\A\image_4654.png,c:\Users\HP\OneDrive\Desktop\Flood_AI_Dataset\05_S1GFloods\B\image_4654.png,c:\Users\HP\OneDrive\Desktop\Flood_AI_Dataset\05_S1GFloods\Label\image_4654.png,5.9799,1
image_3380.png,c:\Users\HP\OneDrive\Desktop\Flood_AI_Dataset\05_S1GFloods\A\image_3380.png,c:\Users\HP\OneDrive\Desktop\Flood_AI_Dataset\05_S1GFloods\B\image_3380.png,c:\Users\HP\OneDrive\Desktop\Flood_AI_Dataset\05_S1GFloods\Label\image_3380.png,34.343,2
image_3741.png,c:\Users\HP\OneDrive\Desktop\Flood_AI_Dataset\05_S1GFloods\A\image_3741.png,c:\Users\HP\OneDrive\Desktop\Flood_AI_Dataset\05_S1GFloods\B\image_3741.png,c:\Users\HP\OneDrive\Desktop\Flood_AI_Dataset\05_S1GFloods\Label\image_3741.png,58.5388,2
image_3740.png,c:\Users\HP\OneDrive\Desktop\Flood_AI_Dataset\05_S1GFloods\A\image_3740.png,c:\Users\HP\OneDrive\Desktop\Flood_AI_Dataset\05_S1GFloods\B\image_3740.png,c:\Users\HP\OneDrive\Desktop\Flood_AI_Dataset\05_S1GFloods\Label\image_3740.png,5.5801,1
image_4876.png,c:\Users\HP\OneDrive\Desktop\Flood_AI_Dataset\05_S1GFloods\A\image_4876.png,c:\Users\HP\OneDrive\Desktop\Flood_AI_Dataset\05_S1GFloods\B\image_4876.png,c:\Users\HP\OneDrive\Desktop\Flood_AI_Dataset\05_S1GFloods\Label\image_4876.png,17.5781,2
image_299.png,c:\Users\HP\OneDrive\Desktop\Flood_AI_Dataset\05_S1GFloods\A\image_299.png,c:\Users\HP\OneDrive\Desktop\Flood_AI_Dataset\05_S1GFloods\B\image_299.png,c:\Users\HP\OneDrive\Desktop\Flood_AI_Dataset\05_S1GFloods\Label\image_299.png,92.7612,2
image_2417.png,c:\Users\HP\OneDrive\Desktop\Flood_AI_Dataset\05_S1GFloods\A\image_2417.png,c:\Users\HP\OneDrive\Desktop\Flood_AI_Dataset\05_S1GFloods\B\image_2417.png,c:\Users\HP\OneDrive\Desktop\Flood_AI_Dataset\05_S1GFloods\Label\image_2417.png,5.4321,1
image_2470.png,c:\Users\HP\OneDrive\Desktop\Flood_AI_Dataset\05_S1GFloods\A\image_2470.png,c:\Users\HP\OneDrive\Desktop\Flood_AI_Dataset\05_S1GFloods\B\image_2470.png,c:\Users\HP\OneDrive\Desktop\Flood_AI_Dataset\05_S1GFloods\Label\image_2470.png,15.7196,2
image_1948.png,c:\Users\HP\OneDrive\Desktop\Flood_AI_Dataset\05_S1GFloods\A\image_1948.png,c:\Users\HP\OneDrive\Desktop\Flood_AI_Dataset\05_S1GFloods\B\image_1948.png,c:\Users\HP\OneDrive\Desktop\Flood_AI_Dataset\05_S1GFloods\Label\image_1948.png,11.293,2
image_3504.png,c:\Users\HP\OneDrive\Desktop\Flood_AI_Dataset\05_S1GFloods\A\image_3504.png,c:\Users\HP\OneDrive\Desktop\Flood_AI_Dataset\05_S1GFloods\B\image_3504.png,c:\Users\HP\OneDrive\Desktop\Flood_AI_Dataset\05_S1GFloods\Label\image_3504.png,18.5196,2
image_2216.png,c:\Users\HP\OneDrive\Desktop\Flood_AI_Dataset\05_S1GFloods\A\image_2216.png,c:\Users\HP\OneDrive\Desktop\Flood_AI_Dataset\05_S1GFloods\B\image_2216.png,c:\Users\HP\OneDrive\Desktop\Flood_AI_Dataset\05_S1GFloods\Label\image_2216.png,5.397,1
image_1083.png,c:\Users\HP\OneDrive\Desktop\Flood_AI_Dataset\05_S1GFloods\A\image_1083.png,c:\Users\HP\OneDrive\Desktop\Flood_AI_Dataset\05_S1GFloods\B\image_1083.png,c:\Users\HP\OneDrive\Desktop\Flood_AI_Dataset\05_S1GFloods\Label\image_1083.png,63.6902,2
image_2444.png,c:\Users\HP\OneDrive\Desktop\Flood_AI_Dataset\05_S1GFloods\A\image_2444.png,c:\Users\HP\OneDrive\Desktop\Flood_AI_Dataset\05_S1GFloods\B\image_2444.png,c:\Users\HP\OneDrive\Desktop\Flood_AI_Dataset\05_S1GFloods\Label\image_2444.png,11.7981,2
image_1208.png,c:\Users\HP\OneDrive\Desktop\Flood_AI_Dataset\05_S1GFloods\A\image_1208.png,c:\Users\HP\OneDrive\Desktop\Flood_AI_Dataset\05_S1GFloods\B\image_1208.png,c:\Users\HP\OneDrive\Desktop\Flood_AI_Dataset\05_S1GFloods\Label\image_1208.png,13.3896,2
image_4595.png,c:\Users\HP\OneDrive\Desktop\Flood_AI_Dataset\05_S1GFloods\A\image_4595.png,c:\Users\HP\OneDrive\Desktop\Flood_AI_Dataset\05_S1GFloods\B\image_4595.png,c:\Users\HP\OneDrive\Desktop\Flood_AI_Dataset\05_S1GFloods\Label\image_4595.png,31.8237,2
image_1651.png,c:\Users\HP\OneDrive\Desktop\Flood_AI_Dataset\05_S1GFloods\A\image_1651.png,c:\Users\HP\OneDrive\Desktop\Flood_AI_Dataset\05_S1GFloods\B\image_1651.png,c:\Users\HP\OneDrive\Desktop\Flood_AI_Dataset\05_S1GFloods\Label\image_1651.png,11.3525,2
image_698.png,c:\Users\HP\OneDrive\Desktop\Flood_AI_Dataset\05_S1GFloods\A\image_698.png,c:\Users\HP\OneDrive\Desktop\Flood_AI_Dataset\05_S1GFloods\B\image_698.png,c:\Users\HP\OneDrive\Desktop\Flood_AI_Dataset\05_S1GFloods\Label\image_698.png,83.9005,2
image_76.png,c:\Users\HP\OneDrive\Desktop\Flood_AI_Dataset\05_S1GFloods\A\image_76.png,c:\Users\HP\OneDrive\Desktop\Flood_AI_Dataset\05_S1GFloods\B\image_76.png,c:\Users\HP\OneDrive\Desktop\Flood_AI_Dataset\05_S1GFloods\Label\image_76.png,90.1154,2
image_2492.png,c:\Users\HP\OneDrive\Desktop\Flood_AI_Dataset\05_S1GFloods\A\image_2492.png,c:\Users\HP\OneDrive\Desktop\Flood_AI_Dataset\05_S1GFloods\B\image_2492.png,c:\Users\HP\OneDrive\Desktop\Flood_AI_Dataset\05_S1GFloods\Label\image_2492.png,82.5455,2
image_126.png,c:\Users\HP\OneDrive\Desktop\Flood_AI_Dataset\05_S1GFloods\A\image_126.png,c:\Users\HP\OneDrive\Desktop\Flood_AI_Dataset\05_S1GFloods\B\image_126.png,c:\Users\HP\OneDrive\Desktop\Flood_AI_Dataset\05_S1GFloods\Label\image_126.png,21.9772,2
image_4479.png,c:\Users\HP\OneDrive\Desktop\Flood_AI_Dataset\05_S1GFloods\A\image_4479.png,c:\Users\HP\OneDrive\Desktop\Flood_AI_Dataset\05_S1GFloods\B\image_4479.png,c:\Users\HP\OneDrive\Desktop\Flood_AI_Dataset\05_S1GFloods\Label\image_4479.png,74.2111,2
image_2673.png,c:\Users\HP\OneDrive\Desktop\Flood_AI_Dataset\05_S1GFloods\A\image_2673.png,c:\Users\HP\OneDrive\Desktop\Flood_AI_Dataset\05_S1GFloods\B\image_2673.png,c:\Users\HP\OneDrive\Desktop\Flood_AI_Dataset\05_S1GFloods\Label\image_2673.png,8.8608,1
image_5092.png,c:\Users\HP\OneDrive\Desktop\Flood_AI_Dataset\05_S1GFloods\A\image_5092.png,c:\Users\HP\OneDrive\Desktop\Flood_AI_Dataset\05_S1GFloods\B\image_5092.png,c:\Users\HP\OneDrive\Desktop\Flood_AI_Dataset\05_S1GFloods\Label\image_5092.png,9.5856,1
image_2848.png,c:\Users\HP\OneDrive\Desktop\Flood_AI_Dataset\05_S1GFloods\A\image_2848.png,c:\Users\HP\OneDrive\Desktop\Flood_AI_Dataset\05_S1GFloods\B\image_2848.png,c:\Users\HP\OneDrive\Desktop\Flood_AI_Dataset\05_S1GFloods\Label\image_2848.png,15.3625,2
image_1701.png,c:\Users\HP\OneDrive\Desktop\Flood_AI_Dataset\05_S1GFloods\A\image_1701.png,c:\Users\HP\OneDrive\Desktop\Flood_AI_Dataset\05_S1GFloods\B\image_1701.png,c:\Users\HP\OneDrive\Desktop\Flood_AI_Dataset\05_S1GFloods\Label\image_1701.png,18.7103,2
image_2745.png,c:\Users\HP\OneDrive\Desktop\Flood_AI_Dataset\05_S1GFloods\A\image_2745.png,c:\Users\HP\OneDrive\Desktop\Flood_AI_Dataset\05_S1GFloods\B\image_2745.png,c:\Users\HP\OneDrive\Desktop\Flood_AI_Dataset\05_S1GFloods\Label\image_2745.png,33.345,2
image_735.png,c:\Users\HP\OneDrive\Desktop\Flood_AI_Dataset\05_S1GFloods\A\image_735.png,c:\Users\HP\OneDrive\Desktop\Flood_AI_Dataset\05_S1GFloods\B\image_735.png,c:\Users\HP\OneDrive\Desktop\Flood_AI_Dataset\05_S1GFloods\Label\image_735.png,76.5732,2
image_4754.png,c:\Users\HP\OneDrive\Desktop\Flood_AI_Dataset\05_S1GFloods\A\image_4754.png,c:\Users\HP\OneDrive\Desktop\Flood_AI_Dataset\05_S1GFloods\B\image_4754.png,c:\Users\HP\OneDrive\Desktop\Flood_AI_Dataset\05_S1GFloods\Label\image_4754.png,10.7086,2
image_79.png,c:\Users\HP\OneDrive\Desktop\Flood_AI_Dataset\05_S1GFloods\A\image_79.png,c:\Users\HP\OneDrive\Desktop\Flood_AI_Dataset\05_S1GFloods\B\image_79.png,c:\Users\HP\OneDrive\Desktop\Flood_AI_Dataset\05_S1GFloods\Label\image_79.png,32.5989,2
image_625.png,c:\Users\HP\OneDrive\Desktop\Flood_AI_Dataset\05_S1GFloods\A\image_625.png,c:\Users\HP\OneDrive\Desktop\Flood_AI_Dataset\05_S1GFloods\B\image_625.png,c:\Users\HP\OneDrive\Desktop\Flood_AI_Dataset\05_S1GFloods\Label\image_625.png,7.8918,1
image_2244.png,c:\Users\HP\OneDrive\Desktop\Flood_AI_Dataset\05_S1GFloods\A\image_2244.png,c:\Users\HP\OneDrive\Desktop\Flood_AI_Dataset\05_S1GFloods\B\image_2244.png,c:\Users\HP\OneDrive\Desktop\Flood_AI_Dataset\05_S1GFloods\Label\image_2244.png,9.3872,1
image_3046.png,c:\Users\HP\OneDrive\Desktop\Flood_AI_Dataset\05_S1GFloods\A\image_3046.png,c:\Users\HP\OneDrive\Desktop\Flood_AI_Dataset\05_S1GFloods\B\image_3046.png,c:\Users\HP\OneDrive\Desktop\Flood_AI_Dataset\05_S1GFloods\Label\image_3046.png,26.8814,2
image_1845.png,c:\Users\HP\OneDrive\Desktop\Flood_AI_Dataset\05_S1GFloods\A\image_1845.png,c:\Users\HP\OneDrive\Desktop\Flood_AI_Dataset\05_S1GFloods\B\image_1845.png,c:\Users\HP\OneDrive\Desktop\Flood_AI_Dataset\05_S1GFloods\Label\image_1845.png,12.8143,2
image_2602.png,c:\Users\HP\OneDrive\Desktop\Flood_AI_Dataset\05_S1GFloods\A\image_2602.png,c:\Users\HP\OneDrive\Desktop\Flood_AI_Dataset\05_S1GFloods\B\image_2602.png,c:\Users\HP\OneDrive\Desktop\Flood_AI_Dataset\05_S1GFloods\Label\image_2602.png,12.4924,2
image_2929.png,c:\Users\HP\OneDrive\Desktop\Flood_AI_Dataset\05_S1GFloods\A\image_2929.png,c:\Users\HP\OneDrive\Desktop\Flood_AI_Dataset\05_S1GFloods\B\image_2929.png,c:\Users\HP\OneDrive\Desktop\Flood_AI_Dataset\05_S1GFloods\Label\image_2929.png,43.779,2
image_4254.png,c:\Users\HP\OneDrive\Desktop\Flood_AI_Dataset\05_S1GFloods\A\image_4254.png,c:\Users\HP\OneDrive\Desktop\Flood_AI_Dataset\05_S1GFloods\B\image_4254.png,c:\Users\HP\OneDrive\Desktop\Flood_AI_Dataset\05_S1GFloods\Label\image_4254.png,94.5633,2
image_5196.png,c:\Users\HP\OneDrive\Desktop\Flood_AI_Dataset\05_S1GFloods\A\image_5196.png,c:\Users\HP\OneDrive\Desktop\Flood_AI_Dataset\05_S1GFloods\B\image_5196.png,c:\Users\HP\OneDrive\Desktop\Flood_AI_Dataset\05_S1GFloods\Label\image_5196.png,13.9053,2
image_886.png,c:\Users\HP\OneDrive\Desktop\Flood_AI_Dataset\05_S1GFloods\A\image_886.png,c:\Users\HP\OneDrive\Desktop\Flood_AI_Dataset\05_S1GFloods\B\image_886.png,c:\Users\HP\OneDrive\Desktop\Flood_AI_Dataset\05_S1GFloods\Label\image_886.png,47.8271,2
image_128.png,c:\Users\HP\OneDrive\Desktop\Flood_AI_Dataset\05_S1GFloods\A\image_128.png,c:\Users\HP\OneDrive\Desktop\Flood_AI_Dataset\05_S1GFloods\B\image_128.png,c:\Users\HP\OneDrive\Desktop\Flood_AI_Dataset\05_S1GFloods\Label\image_128.png,9.8053,1
image_1781.png,c:\Users\HP\OneDrive\Desktop\Flood_AI_Dataset\05_S1GFloods\A\image_1781.png,c:\Users\HP\OneDrive\Desktop\Flood_AI_Dataset\05_S1GFloods\B\image_1781.png,c:\Users\HP\OneDrive\Desktop\Flood_AI_Dataset\05_S1GFloods\Label\image_1781.png,5.1437,1
image_173.png,c:\Users\HP\OneDrive\Desktop\Flood_AI_Dataset\05_S1GFloods\A\image_173.png,c:\Users\HP\OneDrive\Desktop\Flood_AI_Dataset\05_S1GFloods\B\image_173.png,c:\Users\HP\OneDrive\Desktop\Flood_AI_Dataset\05_S1GFloods\Label\image_173.png,43.6279,2
image_4970.png,c:\Users\HP\OneDrive\Desktop\Flood_AI_Dataset\05_S1GFloods\A\image_4970.png,c:\Users\HP\OneDrive\Desktop\Flood_AI_Dataset\05_S1GFloods\B\image_4970.png,c:\Users\HP\OneDrive\Desktop\Flood_AI_Dataset\05_S1GFloods\Label\image_4970.png,13.475,2
image_2093.png,c:\Users\HP\OneDrive\Desktop\Flood_AI_Dataset\05_S1GFloods\A\image_2093.png,c:\Users\HP\OneDrive\Desktop\Flood_AI_Dataset\05_S1GFloods\B\image_2093.png,c:\Users\HP\OneDrive\Desktop\Flood_AI_Dataset\05_S1GFloods\Label\image_2093.png,18.5593,2
image_3209.png,c:\Users\HP\OneDrive\Desktop\Flood_AI_Dataset\05_S1GFloods\A\image_3209.png,c:\Users\HP\OneDrive\Desktop\Flood_AI_Dataset\05_S1GFloods\B\image_3209.png,c:\Users\HP\OneDrive\Desktop\Flood_AI_Dataset\05_S1GFloods\Label\image_3209.png,21.2677,2
image_2204.png,c:\Users\HP\OneDrive\Desktop\Flood_AI_Dataset\05_S1GFloods\A\image_2204.png,c:\Users\HP\OneDrive\Desktop\Flood_AI_Dataset\05_S1GFloods\B\image_2204.png,c:\Users\HP\OneDrive\Desktop\Flood_AI_Dataset\05_S1GFloods\Label\image_2204.png,15.5975,2
image_3138.png,c:\Users\HP\OneDrive\Desktop\Flood_AI_Dataset\05_S1GFloods\A\image_3138.png,c:\Users\HP\OneDrive\Desktop\Flood_AI_Dataset\05_S1GFloods\B\image_3138.png,c:\Users\HP\OneDrive\Desktop\Flood_AI_Dataset\05_S1GFloods\Label\image_3138.png,8.4244,1
image_3287.png,c:\Users\HP\OneDrive\Desktop\Flood_AI_Dataset\05_S1GFloods\A\image_3287.png,c:\Users\HP\OneDrive\Desktop\Flood_AI_Dataset\05_S1GFloods\B\image_3287.png,c:\Users\HP\OneDrive\Desktop\Flood_AI_Dataset\05_S1GFloods\Label\image_3287.png,11.2259,2
image_997.png,c:\Users\HP\OneDrive\Desktop\Flood_AI_Dataset\05_S1GFloods\A\image_997.png,c:\Users\HP\OneDrive\Desktop\Flood_AI_Dataset\05_S1GFloods\B\image_997.png,c:\Users\HP\OneDrive\Desktop\Flood_AI_Dataset\05_S1GFloods\Label\image_997.png,52.7725,2
image_3424.png,c:\Users\HP\OneDrive\Desktop\Flood_AI_Dataset\05_S1GFloods\A\image_3424.png,c:\Users\HP\OneDrive\Desktop\Flood_AI_Dataset\05_S1GFloods\B\image_3424.png,c:\Users\HP\OneDrive\Desktop\Flood_AI_Dataset\05_S1GFloods\Label\image_3424.png,20.7214,2
image_4523.png,c:\Users\HP\OneDrive\Desktop\Flood_AI_Dataset\05_S1GFloods\A\image_4523.png,c:\Users\HP\OneDrive\Desktop\Flood_AI_Dataset\05_S1GFloods\B\image_4523.png,c:\Users\HP\OneDrive\Desktop\Flood_AI_Dataset\05_S1GFloods\Label\image_4523.png,20.4224,2
image_4640.png,c:\Users\HP\OneDrive\Desktop\Flood_AI_Dataset\05_S1GFloods\A\image_4640.png,c:\Users\HP\OneDrive\Desktop\Flood_AI_Dataset\05_S1GFloods\B\image_4640.png,c:\Users\HP\OneDrive\Desktop\Flood_AI_Dataset\05_S1GFloods\Label\image_4640.png,23.3414,2
image_3301.png,c:\Users\HP\OneDrive\Desktop\Flood_AI_Dataset\05_S1GFloods\A\image_3301.png,c:\Users\HP\OneDrive\Desktop\Flood_AI_Dataset\05_S1GFloods\B\image_3301.png,c:\Users\HP\OneDrive\Desktop\Flood_AI_Dataset\05_S1GFloods\Label\image_3301.png,7.2678,1
image_2041.png,c:\Users\HP\OneDrive\Desktop\Flood_AI_Dataset\05_S1GFloods\A\image_2041.png,c:\Users\HP\OneDrive\Desktop\Flood_AI_Dataset\05_S1GFloods\B\image_2041.png,c:\Users\HP\OneDrive\Desktop\Flood_AI_Dataset\05_S1GFloods\Label\image_2041.png,5.8685,1
image_3021.png,c:\Users\HP\OneDrive\Desktop\Flood_AI_Dataset\05_S1GFloods\A\image_3021.png,c:\Users\HP\OneDrive\Desktop\Flood_AI_Dataset\05_S1GFloods\B\image_3021.png,c:\Users\HP\OneDrive\Desktop\Flood_AI_Dataset\05_S1GFloods\Label\image_3021.png,12.7045,2
image_2780.png,c:\Users\HP\OneDrive\Desktop\Flood_AI_Dataset\05_S1GFloods\A\image_2780.png,c:\Users\HP\OneDrive\Desktop\Flood_AI_Dataset\05_S1GFloods\B\image_2780.png,c:\Users\HP\OneDrive\Desktop\Flood_AI_Dataset\05_S1GFloods\Label\image_2780.png,8.5846,1
image_2249.png,c:\Users\HP\OneDrive\Desktop\Flood_AI_Dataset\05_S1GFloods\A\image_2249.png,c:\Users\HP\OneDrive\Desktop\Flood_AI_Dataset\05_S1GFloods\B\image_2249.png,c:\Users\HP\OneDrive\Desktop\Flood_AI_Dataset\05_S1GFloods\Label\image_2249.png,35.3455,2
image_2467.png,c:\Users\HP\OneDrive\Desktop\Flood_AI_Dataset\05_S1GFloods\A\image_2467.png,c:\Users\HP\OneDrive\Desktop\Flood_AI_Dataset\05_S1GFloods\B\image_2467.png,c:\Users\HP\OneDrive\Desktop\Flood_AI_Dataset\05_S1GFloods\Label\image_2467.png,6.5903,1
image_2406.png,c:\Users\HP\OneDrive\Desktop\Flood_AI_Dataset\05_S1GFloods\A\image_2406.png,c:\Users\HP\OneDrive\Desktop\Flood_AI_Dataset\05_S1GFloods\B\image_2406.png,c:\Users\HP\OneDrive\Desktop\Flood_AI_Dataset\05_S1GFloods\Label\image_2406.png,6.2637,1
image_1002.png,c:\Users\HP\OneDrive\Desktop\Flood_AI_Dataset\05_S1GFloods\A\image_1002.png,c:\Users\HP\OneDrive\Desktop\Flood_AI_Dataset\05_S1GFloods\B\image_1002.png,c:\Users\HP\OneDrive\Desktop\Flood_AI_Dataset\05_S1GFloods\Label\image_1002.png,80.0003,2
image_3971.png,c:\Users\HP\OneDrive\Desktop\Flood_AI_Dataset\05_S1GFloods\A\image_3971.png,c:\Users\HP\OneDrive\Desktop\Flood_AI_Dataset\05_S1GFloods\B\image_3971.png,c:\Users\HP\OneDrive\Desktop\Flood_AI_Dataset\05_S1GFloods\Label\image_3971.png,99.1272,2
image_3827.png,c:\Users\HP\OneDrive\Desktop\Flood_AI_Dataset\05_S1GFloods\A\image_3827.png,c:\Users\HP\OneDrive\Desktop\Flood_AI_Dataset\05_S1GFloods\B\image_3827.png,c:\Users\HP\OneDrive\Desktop\Flood_AI_Dataset\05_S1GFloods\Label\image_3827.png,30.2719,2
image_917.png,c:\Users\HP\OneDrive\Desktop\Flood_AI_Dataset\05_S1GFloods\A\image_917.png,c:\Users\HP\OneDrive\Desktop\Flood_AI_Dataset\05_S1GFloods\B\image_917.png,c:\Users\HP\OneDrive\Desktop\Flood_AI_Dataset\05_S1GFloods\Label\image_917.png,6.0593,1
image_3454.png,c:\Users\HP\OneDrive\Desktop\Flood_AI_Dataset\05_S1GFloods\A\image_3454.png,c:\Users\HP\OneDrive\Desktop\Flood_AI_Dataset\05_S1GFloods\B\image_3454.png,c:\Users\HP\OneDrive\Desktop\Flood_AI_Dataset\05_S1GFloods\Label\image_3454.png,5.0354,1
image_2021.png,c:\Users\HP\OneDrive\Desktop\Flood_AI_Dataset\05_S1GFloods\A\image_2021.png,c:\Users\HP\OneDrive\Desktop\Flood_AI_Dataset\05_S1GFloods\B\image_2021.png,c:\Users\HP\OneDrive\Desktop\Flood_AI_Dataset\05_S1GFloods\Label\image_2021.png,33.7875,2
image_612.png,c:\Users\HP\OneDrive\Desktop\Flood_AI_Dataset\05_S1GFloods\A\image_612.png,c:\Users\HP\OneDrive\Desktop\Flood_AI_Dataset\05_S1GFloods\B\image_612.png,c:\Users\HP\OneDrive\Desktop\Flood_AI_Dataset\05_S1GFloods\Label\image_612.png,76.9409,2
image_5103.png,c:\Users\HP\OneDrive\Desktop\Flood_AI_Dataset\05_S1GFloods\A\image_5103.png,c:\Users\HP\OneDrive\Desktop\Flood_AI_Dataset\05_S1GFloods\B\image_5103.png,c:\Users\HP\OneDrive\Desktop\Flood_AI_Dataset\05_S1GFloods\Label\image_5103.png,5.6747,1
image_3039.png,c:\Users\HP\OneDrive\Desktop\Flood_AI_Dataset\05_S1GFloods\A\image_3039.png,c:\Users\HP\OneDrive\Desktop\Flood_AI_Dataset\05_S1GFloods\B\image_3039.png,c:\Users\HP\OneDrive\Desktop\Flood_AI_Dataset\05_S1GFloods\Label\image_3039.png,22.7417,2
image_2324.png,c:\Users\HP\OneDrive\Desktop\Flood_AI_Dataset\05_S1GFloods\A\image_2324.png,c:\Users\HP\OneDrive\Desktop\Flood_AI_Dataset\05_S1GFloods\B\image_2324.png,c:\Users\HP\OneDrive\Desktop\Flood_AI_Dataset\05_S1GFloods\Label\image_2324.png,11.9415,2
image_3350.png,c:\Users\HP\OneDrive\Desktop\Flood_AI_Dataset\05_S1GFloods\A\image_3350.png,c:\Users\HP\OneDrive\Desktop\Flood_AI_Dataset\05_S1GFloods\B\image_3350.png,c:\Users\HP\OneDrive\Desktop\Flood_AI_Dataset\05_S1GFloods\Label\image_3350.png,5.0186,1
image_483.png,c:\Users\HP\OneDrive\Desktop\Flood_AI_Dataset\05_S1GFloods\A\image_483.png,c:\Users\HP\OneDrive\Desktop\Flood_AI_Dataset\05_S1GFloods\B\image_483.png,c:\Users\HP\OneDrive\Desktop\Flood_AI_Dataset\05_S1GFloods\Label\image_483.png,13.1393,2
image_5227.png,c:\Users\HP\OneDrive\Desktop\Flood_AI_Dataset\05_S1GFloods\A\image_5227.png,c:\Users\HP\OneDrive\Desktop\Flood_AI_Dataset\05_S1GFloods\B\image_5227.png,c:\Users\HP\OneDrive\Desktop\Flood_AI_Dataset\05_S1GFloods\Label\image_5227.png,14.1602,2
image_2336.png,c:\Users\HP\OneDrive\Desktop\Flood_AI_Dataset\05_S1GFloods\A\image_2336.png,c:\Users\HP\OneDrive\Desktop\Flood_AI_Dataset\05_S1GFloods\B\image_2336.png,c:\Users\HP\OneDrive\Desktop\Flood_AI_Dataset\05_S1GFloods\Label\image_2336.png,8.6441,1
image_3703.png,c:\Users\HP\OneDrive\Desktop\Flood_AI_Dataset\05_S1GFloods\A\image_3703.png,c:\Users\HP\OneDrive\Desktop\Flood_AI_Dataset\05_S1GFloods\B\image_3703.png,c:\Users\HP\OneDrive\Desktop\Flood_AI_Dataset\05_S1GFloods\Label\image_3703.png,16.655,2
image_3577.png,c:\Users\HP\OneDrive\Desktop\Flood_AI_Dataset\05_S1GFloods\A\image_3577.png,c:\Users\HP\OneDrive\Desktop\Flood_AI_Dataset\05_S1GFloods\B\image_3577.png,c:\Users\HP\OneDrive\Desktop\Flood_AI_Dataset\05_S1GFloods\Label\image_3577.png,11.0229,2
image_1241.png,c:\Users\HP\OneDrive\Desktop\Flood_AI_Dataset\05_S1GFloods\A\image_1241.png,c:\Users\HP\OneDrive\Desktop\Flood_AI_Dataset\05_S1GFloods\B\image_1241.png,c:\Users\HP\OneDrive\Desktop\Flood_AI_Dataset\05_S1GFloods\Label\image_1241.png,26.2985,2
image_4071.png,c:\Users\HP\OneDrive\Desktop\Flood_AI_Dataset\05_S1GFloods\A\image_4071.png,c:\Users\HP\OneDrive\Desktop\Flood_AI_Dataset\05_S1GFloods\B\image_4071.png,c:\Users\HP\OneDrive\Desktop\Flood_AI_Dataset\05_S1GFloods\Label\image_4071.png,9.7748,1
image_3481.png,c:\Users\HP\OneDrive\Desktop\Flood_AI_Dataset\05_S1GFloods\A\image_3481.png,c:\Users\HP\OneDrive\Desktop\Flood_AI_Dataset\05_S1GFloods\B\image_3481.png,c:\Users\HP\OneDrive\Desktop\Flood_AI_Dataset\05_S1GFloods\Label\image_3481.png,9.8267,1
image_5194.png,c:\Users\HP\OneDrive\Desktop\Flood_AI_Dataset\05_S1GFloods\A\image_5194.png,c:\Users\HP\OneDrive\Desktop\Flood_AI_Dataset\05_S1GFloods\B\image_5194.png,c:\Users\HP\OneDrive\Desktop\Flood_AI_Dataset\05_S1GFloods\Label\image_5194.png,7.8262,1
image_3265.png,c:\Users\HP\OneDrive\Desktop\Flood_AI_Dataset\05_S1GFloods\A\image_3265.png,c:\Users\HP\OneDrive\Desktop\Flood_AI_Dataset\05_S1GFloods\B\image_3265.png,c:\Users\HP\OneDrive\Desktop\Flood_AI_Dataset\05_S1GFloods\Label\image_3265.png,44.4122,2
image_1767.png,c:\Users\HP\OneDrive\Desktop\Flood_AI_Dataset\05_S1GFloods\A\image_1767.png,c:\Users\HP\OneDrive\Desktop\Flood_AI_Dataset\05_S1GFloods\B\image_1767.png,c:\Users\HP\OneDrive\Desktop\Flood_AI_Dataset\05_S1GFloods\Label\image_1767.png,6.0776,1
image_2858.png,c:\Users\HP\OneDrive\Desktop\Flood_AI_Dataset\05_S1GFloods\A\image_2858.png,c:\Users\HP\OneDrive\Desktop\Flood_AI_Dataset\05_S1GFloods\B\image_2858.png,c:\Users\HP\OneDrive\Desktop\Flood_AI_Dataset\05_S1GFloods\Label\image_2858.png,45.6985,2
image_4139.png,c:\Users\HP\OneDrive\Desktop\Flood_AI_Dataset\05_S1GFloods\A\image_4139.png,c:\Users\HP\OneDrive\Desktop\Flood_AI_Dataset\05_S1GFloods\B\image_4139.png,c:\Users\HP\OneDrive\Desktop\Flood_AI_Dataset\05_S1GFloods\Label\image_4139.png,5.629,1
image_2016.png,c:\Users\HP\OneDrive\Desktop\Flood_AI_Dataset\05_S1GFloods\A\image_2016.png,c:\Users\HP\OneDrive\Desktop\Flood_AI_Dataset\05_S1GFloods\B\image_2016.png,c:\Users\HP\OneDrive\Desktop\Flood_AI_Dataset\05_S1GFloods\Label\image_2016.png,5.9448,1
image_1578.png,c:\Users\HP\OneDrive\Desktop\Flood_AI_Dataset\05_S1GFloods\A\image_1578.png,c:\Users\HP\OneDrive\Desktop\Flood_AI_Dataset\05_S1GFloods\B\image_1578.png,c:\Users\HP\OneDrive\Desktop\Flood_AI_Dataset\05_S1GFloods\Label\image_1578.png,79.5593,2
image_2224.png,c:\Users\HP\OneDrive\Desktop\Flood_AI_Dataset\05_S1GFloods\A\image_2224.png,c:\Users\HP\OneDrive\Desktop\Flood_AI_Dataset\05_S1GFloods\B\image_2224.png,c:\Users\HP\OneDrive\Desktop\Flood_AI_Dataset\05_S1GFloods\Label\image_2224.png,21.6873,2
image_221.png,c:\Users\HP\OneDrive\Desktop\Flood_AI_Dataset\05_S1GFloods\A\image_221.png,c:\Users\HP\OneDrive\Desktop\Flood_AI_Dataset\05_S1GFloods\B\image_221.png,c:\Users\HP\OneDrive\Desktop\Flood_AI_Dataset\05_S1GFloods\Label\image_221.png,7.3578,1
image_4614.png,c:\Users\HP\OneDrive\Desktop\Flood_AI_Dataset\05_S1GFloods\A\image_4614.png,c:\Users\HP\OneDrive\Desktop\Flood_AI_Dataset\05_S1GFloods\B\image_4614.png,c:\Users\HP\OneDrive\Desktop\Flood_AI_Dataset\05_S1GFloods\Label\image_4614.png,18.9529,2
image_2358.png,c:\Users\HP\OneDrive\Desktop\Flood_AI_Dataset\05_S1GFloods\A\image_2358.png,c:\Users\HP\OneDrive\Desktop\Flood_AI_Dataset\05_S1GFloods\B\image_2358.png,c:\Users\HP\OneDrive\Desktop\Flood_AI_Dataset\05_S1GFloods\Label\image_2358.png,11.5005,2
image_4450.png,c:\Users\HP\OneDrive\Desktop\Flood_AI_Dataset\05_S1GFloods\A\image_4450.png,c:\Users\HP\OneDrive\Desktop\Flood_AI_Dataset\05_S1GFloods\B\image_4450.png,c:\Users\HP\OneDrive\Desktop\Flood_AI_Dataset\05_S1GFloods\Label\image_4450.png,97.8638,2
image_3578.png,c:\Users\HP\OneDrive\Desktop\Flood_AI_Dataset\05_S1GFloods\A\image_3578.png,c:\Users\HP\OneDrive\Desktop\Flood_AI_Dataset\05_S1GFloods\B\image_3578.png,c:\Users\HP\OneDrive\Desktop\Flood_AI_Dataset\05_S1GFloods\Label\image_3578.png,12.384,2
image_5025.png,c:\Users\HP\OneDrive\Desktop\Flood_AI_Dataset\05_S1GFloods\A\image_5025.png,c:\Users\HP\OneDrive\Desktop\Flood_AI_Dataset\05_S1GFloods\B\image_5025.png,c:\Users\HP\OneDrive\Desktop\Flood_AI_Dataset\05_S1GFloods\Label\image_5025.png,9.2575,1
image_1487.png,c:\Users\HP\OneDrive\Desktop\Flood_AI_Dataset\05_S1GFloods\A\image_1487.png,c:\Users\HP\OneDrive\Desktop\Flood_AI_Dataset\05_S1GFloods\B\image_1487.png,c:\Users\HP\OneDrive\Desktop\Flood_AI_Dataset\05_S1GFloods\Label\image_1487.png,58.6365,2
image_2196.png,c:\Users\HP\OneDrive\Desktop\Flood_AI_Dataset\05_S1GFloods\A\image_2196.png,c:\Users\HP\OneDrive\Desktop\Flood_AI_Dataset\05_S1GFloods\B\image_2196.png,c:\Users\HP\OneDrive\Desktop\Flood_AI_Dataset\05_S1GFloods\Label\image_2196.png,13.6734,2
image_2128.png,c:\Users\HP\OneDrive\Desktop\Flood_AI_Dataset\05_S1GFloods\A\image_2128.png,c:\Users\HP\OneDrive\Desktop\Flood_AI_Dataset\05_S1GFloods\B\image_2128.png,c:\Users\HP\OneDrive\Desktop\Flood_AI_Dataset\05_S1GFloods\Label\image_2128.png,8.0902,1
image_1339.png,c:\Users\HP\OneDrive\Desktop\Flood_AI_Dataset\05_S1GFloods\A\image_1339.png,c:\Users\HP\OneDrive\Desktop\Flood_AI_Dataset\05_S1GFloods\B\image_1339.png,c:\Users\HP\OneDrive\Desktop\Flood_AI_Dataset\05_S1GFloods\Label\image_1339.png,11.2793,2
image_34.png,c:\Users\HP\OneDrive\Desktop\Flood_AI_Dataset\05_S1GFloods\A\image_34.png,c:\Users\HP\OneDrive\Desktop\Flood_AI_Dataset\05_S1GFloods\B\image_34.png,c:\Users\HP\OneDrive\Desktop\Flood_AI_Dataset\05_S1GFloods\Label\image_34.png,48.5535,2
image_4604.png,c:\Users\HP\OneDrive\Desktop\Flood_AI_Dataset\05_S1GFloods\A\image_4604.png,c:\Users\HP\OneDrive\Desktop\Flood_AI_Dataset\05_S1GFloods\B\image_4604.png,c:\Users\HP\OneDrive\Desktop\Flood_AI_Dataset\05_S1GFloods\Label\image_4604.png,5.1498,1
image_2845.png,c:\Users\HP\OneDrive\Desktop\Flood_AI_Dataset\05_S1GFloods\A\image_2845.png,c:\Users\HP\OneDrive\Desktop\Flood_AI_Dataset\05_S1GFloods\B\image_2845.png,c:\Users\HP\OneDrive\Desktop\Flood_AI_Dataset\05_S1GFloods\Label\image_2845.png,75.9125,2
image_3161.png,c:\Users\HP\OneDrive\Desktop\Flood_AI_Dataset\05_S1GFloods\A\image_3161.png,c:\Users\HP\OneDrive\Desktop\Flood_AI_Dataset\05_S1GFloods\B\image_3161.png,c:\Users\HP\OneDrive\Desktop\Flood_AI_Dataset\05_S1GFloods\Label\image_3161.png,85.9375,2
image_4456.png,c:\Users\HP\OneDrive\Desktop\Flood_AI_Dataset\05_S1GFloods\A\image_4456.png,c:\Users\HP\OneDrive\Desktop\Flood_AI_Dataset\05_S1GFloods\B\image_4456.png,c:\Users\HP\OneDrive\Desktop\Flood_AI_Dataset\05_S1GFloods\Label\image_4456.png,10.3333,2
image_2558.png,c:\Users\HP\OneDrive\Desktop\Flood_AI_Dataset\05_S1GFloods\A\image_2558.png,c:\Users\HP\OneDrive\Desktop\Flood_AI_Dataset\05_S1GFloods\B\image_2558.png,c:\Users\HP\OneDrive\Desktop\Flood_AI_Dataset\05_S1GFloods\Label\image_2558.png,8.3588,1
image_5308.png,c:\Users\HP\OneDrive\Desktop\Flood_AI_Dataset\05_S1GFloods\A\image_5308.png,c:\Users\HP\OneDrive\Desktop\Flood_AI_Dataset\05_S1GFloods\B\image_5308.png,c:\Users\HP\OneDrive\Desktop\Flood_AI_Dataset\05_S1GFloods\Label\image_5308.png,38.1729,2
image_3670.png,c:\Users\HP\OneDrive\Desktop\Flood_AI_Dataset\05_S1GFloods\A\image_3670.png,c:\Users\HP\OneDrive\Desktop\Flood_AI_Dataset\05_S1GFloods\B\image_3670.png,c:\Users\HP\OneDrive\Desktop\Flood_AI_Dataset\05_S1GFloods\Label\image_3670.png,7.5104,1
image_948.png,c:\Users\HP\OneDrive\Desktop\Flood_AI_Dataset\05_S1GFloods\A\image_948.png,c:\Users\HP\OneDrive\Desktop\Flood_AI_Dataset\05_S1GFloods\B\image_948.png,c:\Users\HP\OneDrive\Desktop\Flood_AI_Dataset\05_S1GFloods\Label\image_948.png,72.4976,2
image_1062.png,c:\Users\HP\OneDrive\Desktop\Flood_AI_Dataset\05_S1GFloods\A\image_1062.png,c:\Users\HP\OneDrive\Desktop\Flood_AI_Dataset\05_S1GFloods\B\image_1062.png,c:\Users\HP\OneDrive\Desktop\Flood_AI_Dataset\05_S1GFloods\Label\image_1062.png,19.5801,2
image_2144.png,c:\Users\HP\OneDrive\Desktop\Flood_AI_Dataset\05_S1GFloods\A\image_2144.png,c:\Users\HP\OneDrive\Desktop\Flood_AI_Dataset\05_S1GFloods\B\image_2144.png,c:\Users\HP\OneDrive\Desktop\Flood_AI_Dataset\05_S1GFloods\Label\image_2144.png,14.7842,2
image_584.png,c:\Users\HP\OneDrive\Desktop\Flood_AI_Dataset\05_S1GFloods\A\image_584.png,c:\Users\HP\OneDrive\Desktop\Flood_AI_Dataset\05_S1GFloods\B\image_584.png,c:\Users\HP\OneDrive\Desktop\Flood_AI_Dataset\05_S1GFloods\Label\image_584.png,75.5661,2
image_4417.png,c:\Users\HP\OneDrive\Desktop\Flood_AI_Dataset\05_S1GFloods\A\image_4417.png,c:\Users\HP\OneDrive\Desktop\Flood_AI_Dataset\05_S1GFloods\B\image_4417.png,c:\Users\HP\OneDrive\Desktop\Flood_AI_Dataset\05_S1GFloods\Label\image_4417.png,48.5428,2
image_3561.png,c:\Users\HP\OneDrive\Desktop\Flood_AI_Dataset\05_S1GFloods\A\image_3561.png,c:\Users\HP\OneDrive\Desktop\Flood_AI_Dataset\05_S1GFloods\B\image_3561.png,c:\Users\HP\OneDrive\Desktop\Flood_AI_Dataset\05_S1GFloods\Label\image_3561.png,13.8779,2
image_4574.png,c:\Users\HP\OneDrive\Desktop\Flood_AI_Dataset\05_S1GFloods\A\image_4574.png,c:\Users\HP\OneDrive\Desktop\Flood_AI_Dataset\05_S1GFloods\B\image_4574.png,c:\Users\HP\OneDrive\Desktop\Flood_AI_Dataset\05_S1GFloods\Label\image_4574.png,24.3149,2
image_2805.png,c:\Users\HP\OneDrive\Desktop\Flood_AI_Dataset\05_S1GFloods\A\image_2805.png,c:\Users\HP\OneDrive\Desktop\Flood_AI_Dataset\05_S1GFloods\B\image_2805.png,c:\Users\HP\OneDrive\Desktop\Flood_AI_Dataset\05_S1GFloods\Label\image_2805.png,60.2615,2
image_2233.png,c:\Users\HP\OneDrive\Desktop\Flood_AI_Dataset\05_S1GFloods\A\image_2233.png,c:\Users\HP\OneDrive\Desktop\Flood_AI_Dataset\05_S1GFloods\B\image_2233.png,c:\Users\HP\OneDrive\Desktop\Flood_AI_Dataset\05_S1GFloods\Label\image_2233.png,9.4528,1
image_3053.png,c:\Users\HP\OneDrive\Desktop\Flood_AI_Dataset\05_S1GFloods\A\image_3053.png,c:\Users\HP\OneDrive\Desktop\Flood_AI_Dataset\05_S1GFloods\B\image_3053.png,c:\Users\HP\OneDrive\Desktop\Flood_AI_Dataset\05_S1GFloods\Label\image_3053.png,9.0164,1
image_1443.png,c:\Users\HP\OneDrive\Desktop\Flood_AI_Dataset\05_S1GFloods\A\image_1443.png,c:\Users\HP\OneDrive\Desktop\Flood_AI_Dataset\05_S1GFloods\B\image_1443.png,c:\Users\HP\OneDrive\Desktop\Flood_AI_Dataset\05_S1GFloods\Label\image_1443.png,12.2894,2
image_4729.png,c:\Users\HP\OneDrive\Desktop\Flood_AI_Dataset\05_S1GFloods\A\image_4729.png,c:\Users\HP\OneDrive\Desktop\Flood_AI_Dataset\05_S1GFloods\B\image_4729.png,c:\Users\HP\OneDrive\Desktop\Flood_AI_Dataset\05_S1GFloods\Label\image_4729.png,7.402,1
image_3890.png,c:\Users\HP\OneDrive\Desktop\Flood_AI_Dataset\05_S1GFloods\A\image_3890.png,c:\Users\HP\OneDrive\Desktop\Flood_AI_Dataset\05_S1GFloods\B\image_3890.png,c:\Users\HP\OneDrive\Desktop\Flood_AI_Dataset\05_S1GFloods\Label\image_3890.png,56.3461,2
image_2653.png,c:\Users\HP\OneDrive\Desktop\Flood_AI_Dataset\05_S1GFloods\A\image_2653.png,c:\Users\HP\OneDrive\Desktop\Flood_AI_Dataset\05_S1GFloods\B\image_2653.png,c:\Users\HP\OneDrive\Desktop\Flood_AI_Dataset\05_S1GFloods\Label\image_2653.png,5.1376,1
image_1315.png,c:\Users\HP\OneDrive\Desktop\Flood_AI_Dataset\05_S1GFloods\A\image_1315.png,c:\Users\HP\OneDrive\Desktop\Flood_AI_Dataset\05_S1GFloods\B\image_1315.png,c:\Users\HP\OneDrive\Desktop\Flood_AI_Dataset\05_S1GFloods\Label\image_1315.png,68.5944,2
image_3692.png,c:\Users\HP\OneDrive\Desktop\Flood_AI_Dataset\05_S1GFloods\A\image_3692.png,c:\Users\HP\OneDrive\Desktop\Flood_AI_Dataset\05_S1GFloods\B\image_3692.png,c:\Users\HP\OneDrive\Desktop\Flood_AI_Dataset\05_S1GFloods\Label\image_3692.png,86.2045,2
image_2086.png,c:\Users\HP\OneDrive\Desktop\Flood_AI_Dataset\05_S1GFloods\A\image_2086.png,c:\Users\HP\OneDrive\Desktop\Flood_AI_Dataset\05_S1GFloods\B\image_2086.png,c:\Users\HP\OneDrive\Desktop\Flood_AI_Dataset\05_S1GFloods\Label\image_2086.png,5.8502,1
image_1158.png,c:\Users\HP\OneDrive\Desktop\Flood_AI_Dataset\05_S1GFloods\A\image_1158.png,c:\Users\HP\OneDrive\Desktop\Flood_AI_Dataset\05_S1GFloods\B\image_1158.png,c:\Users\HP\OneDrive\Desktop\Flood_AI_Dataset\05_S1GFloods\Label\image_1158.png,50.058,2
image_211.png,c:\Users\HP\OneDrive\Desktop\Flood_AI_Dataset\05_S1GFloods\A\image_211.png,c:\Users\HP\OneDrive\Desktop\Flood_AI_Dataset\05_S1GFloods\B\image_211.png,c:\Users\HP\OneDrive\Desktop\Flood_AI_Dataset\05_S1GFloods\Label\image_211.png,9.5093,1
image_449.png,c:\Users\HP\OneDrive\Desktop\Flood_AI_Dataset\05_S1GFloods\A\image_449.png,c:\Users\HP\OneDrive\Desktop\Flood_AI_Dataset\05_S1GFloods\B\image_449.png,c:\Users\HP\OneDrive\Desktop\Flood_AI_Dataset\05_S1GFloods\Label\image_449.png,20.5887,2
image_3212.png,c:\Users\HP\OneDrive\Desktop\Flood_AI_Dataset\05_S1GFloods\A\image_3212.png,c:\Users\HP\OneDrive\Desktop\Flood_AI_Dataset\05_S1GFloods\B\image_3212.png,c:\Users\HP\OneDrive\Desktop\Flood_AI_Dataset\05_S1GFloods\Label\image_3212.png,79.4235,2
image_1744.png,c:\Users\HP\OneDrive\Desktop\Flood_AI_Dataset\05_S1GFloods\A\image_1744.png,c:\Users\HP\OneDrive\Desktop\Flood_AI_Dataset\05_S1GFloods\B\image_1744.png,c:\Users\HP\OneDrive\Desktop\Flood_AI_Dataset\05_S1GFloods\Label\image_1744.png,52.9175,2
image_1979.png,c:\Users\HP\OneDrive\Desktop\Flood_AI_Dataset\05_S1GFloods\A\image_1979.png,c:\Users\HP\OneDrive\Desktop\Flood_AI_Dataset\05_S1GFloods\B\image_1979.png,c:\Users\HP\OneDrive\Desktop\Flood_AI_Dataset\05_S1GFloods\Label\image_1979.png,9.4681,1
image_4359.png,c:\Users\HP\OneDrive\Desktop\Flood_AI_Dataset\05_S1GFloods\A\image_4359.png,c:\Users\HP\OneDrive\Desktop\Flood_AI_Dataset\05_S1GFloods\B\image_4359.png,c:\Users\HP\OneDrive\Desktop\Flood_AI_Dataset\05_S1GFloods\Label\image_4359.png,66.925,2
image_4437.png,c:\Users\HP\OneDrive\Desktop\Flood_AI_Dataset\05_S1GFloods\A\image_4437.png,c:\Users\HP\OneDrive\Desktop\Flood_AI_Dataset\05_S1GFloods\B\image_4437.png,c:\Users\HP\OneDrive\Desktop\Flood_AI_Dataset\05_S1GFloods\Label\image_4437.png,31.7566,2
image_3970.png,c:\Users\HP\OneDrive\Desktop\Flood_AI_Dataset\05_S1GFloods\A\image_3970.png,c:\Users\HP\OneDrive\Desktop\Flood_AI_Dataset\05_S1GFloods\B\image_3970.png,c:\Users\HP\OneDrive\Desktop\Flood_AI_Dataset\05_S1GFloods\Label\image_3970.png,79.6829,2
image_3761.png,c:\Users\HP\OneDrive\Desktop\Flood_AI_Dataset\05_S1GFloods\A\image_3761.png,c:\Users\HP\OneDrive\Desktop\Flood_AI_Dataset\05_S1GFloods\B\image_3761.png,c:\Users\HP\OneDrive\Desktop\Flood_AI_Dataset\05_S1GFloods\Label\image_3761.png,21.1929,2
image_256.png,c:\Users\HP\OneDrive\Desktop\Flood_AI_Dataset\05_S1GFloods\A\image_256.png,c:\Users\HP\OneDrive\Desktop\Flood_AI_Dataset\05_S1GFloods\B\image_256.png,c:\Users\HP\OneDrive\Desktop\Flood_AI_Dataset\05_S1GFloods\Label\image_256.png,70.0897,2
image_1724.png,c:\Users\HP\OneDrive\Desktop\Flood_AI_Dataset\05_S1GFloods\A\image_1724.png,c:\Users\HP\OneDrive\Desktop\Flood_AI_Dataset\05_S1GFloods\B\image_1724.png,c:\Users\HP\OneDrive\Desktop\Flood_AI_Dataset\05_S1GFloods\Label\image_1724.png,35.7574,2
image_1396.png,c:\Users\HP\OneDrive\Desktop\Flood_AI_Dataset\05_S1GFloods\A\image_1396.png,c:\Users\HP\OneDrive\Desktop\Flood_AI_Dataset\05_S1GFloods\B\image_1396.png,c:\Users\HP\OneDrive\Desktop\Flood_AI_Dataset\05_S1GFloods\Label\image_1396.png,25.6653,2
image_3663.png,c:\Users\HP\OneDrive\Desktop\Flood_AI_Dataset\05_S1GFloods\A\image_3663.png,c:\Users\HP\OneDrive\Desktop\Flood_AI_Dataset\05_S1GFloods\B\image_3663.png,c:\Users\HP\OneDrive\Desktop\Flood_AI_Dataset\05_S1GFloods\Label\image_3663.png,65.9973,2
image_1247.png,c:\Users\HP\OneDrive\Desktop\Flood_AI_Dataset\05_S1GFloods\A\image_1247.png,c:\Users\HP\OneDrive\Desktop\Flood_AI_Dataset\05_S1GFloods\B\image_1247.png,c:\Users\HP\OneDrive\Desktop\Flood_AI_Dataset\05_S1GFloods\Label\image_1247.png,7.7759,1
image_2200.png,c:\Users\HP\OneDrive\Desktop\Flood_AI_Dataset\05_S1GFloods\A\image_2200.png,c:\Users\HP\OneDrive\Desktop\Flood_AI_Dataset\05_S1GFloods\B\image_2200.png,c:\Users\HP\OneDrive\Desktop\Flood_AI_Dataset\05_S1GFloods\Label\image_2200.png,10.1074,2
image_17.png,c:\Users\HP\OneDrive\Desktop\Flood_AI_Dataset\05_S1GFloods\A\image_17.png,c:\Users\HP\OneDrive\Desktop\Flood_AI_Dataset\05_S1GFloods\B\image_17.png,c:\Users\HP\OneDrive\Desktop\Flood_AI_Dataset\05_S1GFloods\Label\image_17.png,13.6642,2
image_2690.png,c:\Users\HP\OneDrive\Desktop\Flood_AI_Dataset\05_S1GFloods\A\image_2690.png,c:\Users\HP\OneDrive\Desktop\Flood_AI_Dataset\05_S1GFloods\B\image_2690.png,c:\Users\HP\OneDrive\Desktop\Flood_AI_Dataset\05_S1GFloods\Label\image_2690.png,58.9722,2
image_153.png,c:\Users\HP\OneDrive\Desktop\Flood_AI_Dataset\05_S1GFloods\A\image_153.png,c:\Users\HP\OneDrive\Desktop\Flood_AI_Dataset\05_S1GFloods\B\image_153.png,c:\Users\HP\OneDrive\Desktop\Flood_AI_Dataset\05_S1GFloods\Label\image_153.png,10.318,2
image_116.png,c:\Users\HP\OneDrive\Desktop\Flood_AI_Dataset\05_S1GFloods\A\image_116.png,c:\Users\HP\OneDrive\Desktop\Flood_AI_Dataset\05_S1GFloods\B\image_116.png,c:\Users\HP\OneDrive\Desktop\Flood_AI_Dataset\05_S1GFloods\Label\image_116.png,14.8819,2
image_4860.png,c:\Users\HP\OneDrive\Desktop\Flood_AI_Dataset\05_S1GFloods\A\image_4860.png,c:\Users\HP\OneDrive\Desktop\Flood_AI_Dataset\05_S1GFloods\B\image_4860.png,c:\Users\HP\OneDrive\Desktop\Flood_AI_Dataset\05_S1GFloods\Label\image_4860.png,9.9014,1
image_1420.png,c:\Users\HP\OneDrive\Desktop\Flood_AI_Dataset\05_S1GFloods\A\image_1420.png,c:\Users\HP\OneDrive\Desktop\Flood_AI_Dataset\05_S1GFloods\B\image_1420.png,c:\Users\HP\OneDrive\Desktop\Flood_AI_Dataset\05_S1GFloods\Label\image_1420.png,49.4827,2
image_3011.png,c:\Users\HP\OneDrive\Desktop\Flood_AI_Dataset\05_S1GFloods\A\image_3011.png,c:\Users\HP\OneDrive\Desktop\Flood_AI_Dataset\05_S1GFloods\B\image_3011.png,c:\Users\HP\OneDrive\Desktop\Flood_AI_Dataset\05_S1GFloods\Label\image_3011.png,10.6216,2
image_3001.png,c:\Users\HP\OneDrive\Desktop\Flood_AI_Dataset\05_S1GFloods\A\image_3001.png,c:\Users\HP\OneDrive\Desktop\Flood_AI_Dataset\05_S1GFloods\B\image_3001.png,c:\Users\HP\OneDrive\Desktop\Flood_AI_Dataset\05_S1GFloods\Label\image_3001.png,9.0485,1
image_1856.png,c:\Users\HP\OneDrive\Desktop\Flood_AI_Dataset\05_S1GFloods\A\image_1856.png,c:\Users\HP\OneDrive\Desktop\Flood_AI_Dataset\05_S1GFloods\B\image_1856.png,c:\Users\HP\OneDrive\Desktop\Flood_AI_Dataset\05_S1GFloods\Label\image_1856.png,5.4901,1
image_1219.png,c:\Users\HP\OneDrive\Desktop\Flood_AI_Dataset\05_S1GFloods\A\image_1219.png,c:\Users\HP\OneDrive\Desktop\Flood_AI_Dataset\05_S1GFloods\B\image_1219.png,c:\Users\HP\OneDrive\Desktop\Flood_AI_Dataset\05_S1GFloods\Label\image_1219.png,32.0419,2
image_2674.png,c:\Users\HP\OneDrive\Desktop\Flood_AI_Dataset\05_S1GFloods\A\image_2674.png,c:\Users\HP\OneDrive\Desktop\Flood_AI_Dataset\05_S1GFloods\B\image_2674.png,c:\Users\HP\OneDrive\Desktop\Flood_AI_Dataset\05_S1GFloods\Label\image_2674.png,55.069,2
image_2156.png,c:\Users\HP\OneDrive\Desktop\Flood_AI_Dataset\05_S1GFloods\A\image_2156.png,c:\Users\HP\OneDrive\Desktop\Flood_AI_Dataset\05_S1GFloods\B\image_2156.png,c:\Users\HP\OneDrive\Desktop\Flood_AI_Dataset\05_S1GFloods\Label\image_2156.png,7.7179,1
image_1144.png,c:\Users\HP\OneDrive\Desktop\Flood_AI_Dataset\05_S1GFloods\A\image_1144.png,c:\Users\HP\OneDrive\Desktop\Flood_AI_Dataset\05_S1GFloods\B\image_1144.png,c:\Users\HP\OneDrive\Desktop\Flood_AI_Dataset\05_S1GFloods\Label\image_1144.png,9.8663,1
image_1491.png,c:\Users\HP\OneDrive\Desktop\Flood_AI_Dataset\05_S1GFloods\A\image_1491.png,c:\Users\HP\OneDrive\Desktop\Flood_AI_Dataset\05_S1GFloods\B\image_1491.png,c:\Users\HP\OneDrive\Desktop\Flood_AI_Dataset\05_S1GFloods\Label\image_1491.png,48.6771,2
image_3931.png,c:\Users\HP\OneDrive\Desktop\Flood_AI_Dataset\05_S1GFloods\A\image_3931.png,c:\Users\HP\OneDrive\Desktop\Flood_AI_Dataset\05_S1GFloods\B\image_3931.png,c:\Users\HP\OneDrive\Desktop\Flood_AI_Dataset\05_S1GFloods\Label\image_3931.png,6.842,1
image_1389.png,c:\Users\HP\OneDrive\Desktop\Flood_AI_Dataset\05_S1GFloods\A\image_1389.png,c:\Users\HP\OneDrive\Desktop\Flood_AI_Dataset\05_S1GFloods\B\image_1389.png,c:\Users\HP\OneDrive\Desktop\Flood_AI_Dataset\05_S1GFloods\Label\image_1389.png,14.5828,2
image_3953.png,c:\Users\HP\OneDrive\Desktop\Flood_AI_Dataset\05_S1GFloods\A\image_3953.png,c:\Users\HP\OneDrive\Desktop\Flood_AI_Dataset\05_S1GFloods\B\image_3953.png,c:\Users\HP\OneDrive\Desktop\Flood_AI_Dataset\05_S1GFloods\Label\image_3953.png,8.5129,1
image_2746.png,c:\Users\HP\OneDrive\Desktop\Flood_AI_Dataset\05_S1GFloods\A\image_2746.png,c:\Users\HP\OneDrive\Desktop\Flood_AI_Dataset\05_S1GFloods\B\image_2746.png,c:\Users\HP\OneDrive\Desktop\Flood_AI_Dataset\05_S1GFloods\Label\image_2746.png,78.2608,2
image_1671.png,c:\Users\HP\OneDrive\Desktop\Flood_AI_Dataset\05_S1GFloods\A\image_1671.png,c:\Users\HP\OneDrive\Desktop\Flood_AI_Dataset\05_S1GFloods\B\image_1671.png,c:\Users\HP\OneDrive\Desktop\Flood_AI_Dataset\05_S1GFloods\Label\image_1671.png,32.4997,2
image_770.png,c:\Users\HP\OneDrive\Desktop\Flood_AI_Dataset\05_S1GFloods\A\image_770.png,c:\Users\HP\OneDrive\Desktop\Flood_AI_Dataset\05_S1GFloods\B\image_770.png,c:\Users\HP\OneDrive\Desktop\Flood_AI_Dataset\05_S1GFloods\Label\image_770.png,93.1824,2
image_5013.png,c:\Users\HP\OneDrive\Desktop\Flood_AI_Dataset\05_S1GFloods\A\image_5013.png,c:\Users\HP\OneDrive\Desktop\Flood_AI_Dataset\05_S1GFloods\B\image_5013.png,c:\Users\HP\OneDrive\Desktop\Flood_AI_Dataset\05_S1GFloods\Label\image_5013.png,7.164,1
image_3902.png,c:\Users\HP\OneDrive\Desktop\Flood_AI_Dataset\05_S1GFloods\A\image_3902.png,c:\Users\HP\OneDrive\Desktop\Flood_AI_Dataset\05_S1GFloods\B\image_3902.png,c:\Users\HP\OneDrive\Desktop\Flood_AI_Dataset\05_S1GFloods\Label\image_3902.png,13.6429,2
image_1495.png,c:\Users\HP\OneDrive\Desktop\Flood_AI_Dataset\05_S1GFloods\A\image_1495.png,c:\Users\HP\OneDrive\Desktop\Flood_AI_Dataset\05_S1GFloods\B\image_1495.png,c:\Users\HP\OneDrive\Desktop\Flood_AI_Dataset\05_S1GFloods\Label\image_1495.png,13.0402,2
image_59.png,c:\Users\HP\OneDrive\Desktop\Flood_AI_Dataset\05_S1GFloods\A\image_59.png,c:\Users\HP\OneDrive\Desktop\Flood_AI_Dataset\05_S1GFloods\B\image_59.png,c:\Users\HP\OneDrive\Desktop\Flood_AI_Dataset\05_S1GFloods\Label\image_59.png,5.0385,1
image_1827.png,c:\Users\HP\OneDrive\Desktop\Flood_AI_Dataset\05_S1GFloods\A\image_1827.png,c:\Users\HP\OneDrive\Desktop\Flood_AI_Dataset\05_S1GFloods\B\image_1827.png,c:\Users\HP\OneDrive\Desktop\Flood_AI_Dataset\05_S1GFloods\Label\image_1827.png,8.139,1
image_105.png,c:\Users\HP\OneDrive\Desktop\Flood_AI_Dataset\05_S1GFloods\A\image_105.png,c:\Users\HP\OneDrive\Desktop\Flood_AI_Dataset\05_S1GFloods\B\image_105.png,c:\Users\HP\OneDrive\Desktop\Flood_AI_Dataset\05_S1GFloods\Label\image_105.png,6.424,1
image_1485.png,c:\Users\HP\OneDrive\Desktop\Flood_AI_Dataset\05_S1GFloods\A\image_1485.png,c:\Users\HP\OneDrive\Desktop\Flood_AI_Dataset\05_S1GFloods\B\image_1485.png,c:\Users\HP\OneDrive\Desktop\Flood_AI_Dataset\05_S1GFloods\Label\image_1485.png,9.7534,1
image_606.png,c:\Users\HP\OneDrive\Desktop\Flood_AI_Dataset\05_S1GFloods\A\image_606.png,c:\Users\HP\OneDrive\Desktop\Flood_AI_Dataset\05_S1GFloods\B\image_606.png,c:\Users\HP\OneDrive\Desktop\Flood_AI_Dataset\05_S1GFloods\Label\image_606.png,81.2027,2
image_2911.png,c:\Users\HP\OneDrive\Desktop\Flood_AI_Dataset\05_S1GFloods\A\image_2911.png,c:\Users\HP\OneDrive\Desktop\Flood_AI_Dataset\05_S1GFloods\B\image_2911.png,c:\Users\HP\OneDrive\Desktop\Flood_AI_Dataset\05_S1GFloods\Label\image_2911.png,37.8265,2
image_2438.png,c:\Users\HP\OneDrive\Desktop\Flood_AI_Dataset\05_S1GFloods\A\image_2438.png,c:\Users\HP\OneDrive\Desktop\Flood_AI_Dataset\05_S1GFloods\B\image_2438.png,c:\Users\HP\OneDrive\Desktop\Flood_AI_Dataset\05_S1GFloods\Label\image_2438.png,5.9845,1
image_3275.png,c:\Users\HP\OneDrive\Desktop\Flood_AI_Dataset\05_S1GFloods\A\image_3275.png,c:\Users\HP\OneDrive\Desktop\Flood_AI_Dataset\05_S1GFloods\B\image_3275.png,c:\Users\HP\OneDrive\Desktop\Flood_AI_Dataset\05_S1GFloods\Label\image_3275.png,6.7657,1
image_3593.png,c:\Users\HP\OneDrive\Desktop\Flood_AI_Dataset\05_S1GFloods\A\image_3593.png,c:\Users\HP\OneDrive\Desktop\Flood_AI_Dataset\05_S1GFloods\B\image_3593.png,c:\Users\HP\OneDrive\Desktop\Flood_AI_Dataset\05_S1GFloods\Label\image_3593.png,14.1861,2
image_1805.png,c:\Users\HP\OneDrive\Desktop\Flood_AI_Dataset\05_S1GFloods\A\image_1805.png,c:\Users\HP\OneDrive\Desktop\Flood_AI_Dataset\05_S1GFloods\B\image_1805.png,c:\Users\HP\OneDrive\Desktop\Flood_AI_Dataset\05_S1GFloods\Label\image_1805.png,8.6472,1
image_4626.png,c:\Users\HP\OneDrive\Desktop\Flood_AI_Dataset\05_S1GFloods\A\image_4626.png,c:\Users\HP\OneDrive\Desktop\Flood_AI_Dataset\05_S1GFloods\B\image_4626.png,c:\Users\HP\OneDrive\Desktop\Flood_AI_Dataset\05_S1GFloods\Label\image_4626.png,42.4789,2
image_593.png,c:\Users\HP\OneDrive\Desktop\Flood_AI_Dataset\05_S1GFloods\A\image_593.png,c:\Users\HP\OneDrive\Desktop\Flood_AI_Dataset\05_S1GFloods\B\image_593.png,c:\Users\HP\OneDrive\Desktop\Flood_AI_Dataset\05_S1GFloods\Label\image_593.png,6.2668,1
image_3285.png,c:\Users\HP\OneDrive\Desktop\Flood_AI_Dataset\05_S1GFloods\A\image_3285.png,c:\Users\HP\OneDrive\Desktop\Flood_AI_Dataset\05_S1GFloods\B\image_3285.png,c:\Users\HP\OneDrive\Desktop\Flood_AI_Dataset\05_S1GFloods\Label\image_3285.png,32.2128,2
image_4659.png,c:\Users\HP\OneDrive\Desktop\Flood_AI_Dataset\05_S1GFloods\A\image_4659.png,c:\Users\HP\OneDrive\Desktop\Flood_AI_Dataset\05_S1GFloods\B\image_4659.png,c:\Users\HP\OneDrive\Desktop\Flood_AI_Dataset\05_S1GFloods\Label\image_4659.png,16.8015,2
image_3229.png,c:\Users\HP\OneDrive\Desktop\Flood_AI_Dataset\05_S1GFloods\A\image_3229.png,c:\Users\HP\OneDrive\Desktop\Flood_AI_Dataset\05_S1GFloods\B\image_3229.png,c:\Users\HP\OneDrive\Desktop\Flood_AI_Dataset\05_S1GFloods\Label\image_3229.png,13.5025,2
image_551.png,c:\Users\HP\OneDrive\Desktop\Flood_AI_Dataset\05_S1GFloods\A\image_551.png,c:\Users\HP\OneDrive\Desktop\Flood_AI_Dataset\05_S1GFloods\B\image_551.png,c:\Users\HP\OneDrive\Desktop\Flood_AI_Dataset\05_S1GFloods\Label\image_551.png,26.0605,2
image_274.png,c:\Users\HP\OneDrive\Desktop\Flood_AI_Dataset\05_S1GFloods\A\image_274.png,c:\Users\HP\OneDrive\Desktop\Flood_AI_Dataset\05_S1GFloods\B\image_274.png,c:\Users\HP\OneDrive\Desktop\Flood_AI_Dataset\05_S1GFloods\Label\image_274.png,75.441,2
image_4551.png,c:\Users\HP\OneDrive\Desktop\Flood_AI_Dataset\05_S1GFloods\A\image_4551.png,c:\Users\HP\OneDrive\Desktop\Flood_AI_Dataset\05_S1GFloods\B\image_4551.png,c:\Users\HP\OneDrive\Desktop\Flood_AI_Dataset\05_S1GFloods\Label\image_4551.png,5.2139,1
image_779.png,c:\Users\HP\OneDrive\Desktop\Flood_AI_Dataset\05_S1GFloods\A\image_779.png,c:\Users\HP\OneDrive\Desktop\Flood_AI_Dataset\05_S1GFloods\B\image_779.png,c:\Users\HP\OneDrive\Desktop\Flood_AI_Dataset\05_S1GFloods\Label\image_779.png,75.4028,2
image_2307.png,c:\Users\HP\OneDrive\Desktop\Flood_AI_Dataset\05_S1GFloods\A\image_2307.png,c:\Users\HP\OneDrive\Desktop\Flood_AI_Dataset\05_S1GFloods\B\image_2307.png,c:\Users\HP\OneDrive\Desktop\Flood_AI_Dataset\05_S1GFloods\Label\image_2307.png,16.954,2
image_805.png,c:\Users\HP\OneDrive\Desktop\Flood_AI_Dataset\05_S1GFloods\A\image_805.png,c:\Users\HP\OneDrive\Desktop\Flood_AI_Dataset\05_S1GFloods\B\image_805.png,c:\Users\HP\OneDrive\Desktop\Flood_AI_Dataset\05_S1GFloods\Label\image_805.png,84.4086,2
image_682.png,c:\Users\HP\OneDrive\Desktop\Flood_AI_Dataset\05_S1GFloods\A\image_682.png,c:\Users\HP\OneDrive\Desktop\Flood_AI_Dataset\05_S1GFloods\B\image_682.png,c:\Users\HP\OneDrive\Desktop\Flood_AI_Dataset\05_S1GFloods\Label\image_682.png,89.7522,2
image_1798.png,c:\Users\HP\OneDrive\Desktop\Flood_AI_Dataset\05_S1GFloods\A\image_1798.png,c:\Users\HP\OneDrive\Desktop\Flood_AI_Dataset\05_S1GFloods\B\image_1798.png,c:\Users\HP\OneDrive\Desktop\Flood_AI_Dataset\05_S1GFloods\Label\image_1798.png,6.6284,1
image_3686.png,c:\Users\HP\OneDrive\Desktop\Flood_AI_Dataset\05_S1GFloods\A\image_3686.png,c:\Users\HP\OneDrive\Desktop\Flood_AI_Dataset\05_S1GFloods\B\image_3686.png,c:\Users\HP\OneDrive\Desktop\Flood_AI_Dataset\05_S1GFloods\Label\image_3686.png,6.102,1
image_4192.png,c:\Users\HP\OneDrive\Desktop\Flood_AI_Dataset\05_S1GFloods\A\image_4192.png,c:\Users\HP\OneDrive\Desktop\Flood_AI_Dataset\05_S1GFloods\B\image_4192.png,c:\Users\HP\OneDrive\Desktop\Flood_AI_Dataset\05_S1GFloods\Label\image_4192.png,36.3388,2
image_4530.png,c:\Users\HP\OneDrive\Desktop\Flood_AI_Dataset\05_S1GFloods\A\image_4530.png,c:\Users\HP\OneDrive\Desktop\Flood_AI_Dataset\05_S1GFloods\B\image_4530.png,c:\Users\HP\OneDrive\Desktop\Flood_AI_Dataset\05_S1GFloods\Label\image_4530.png,7.8384,1
image_3493.png,c:\Users\HP\OneDrive\Desktop\Flood_AI_Dataset\05_S1GFloods\A\image_3493.png,c:\Users\HP\OneDrive\Desktop\Flood_AI_Dataset\05_S1GFloods\B\image_3493.png,c:\Users\HP\OneDrive\Desktop\Flood_AI_Dataset\05_S1GFloods\Label\image_3493.png,24.0479,2
image_968.png,c:\Users\HP\OneDrive\Desktop\Flood_AI_Dataset\05_S1GFloods\A\image_968.png,c:\Users\HP\OneDrive\Desktop\Flood_AI_Dataset\05_S1GFloods\B\image_968.png,c:\Users\HP\OneDrive\Desktop\Flood_AI_Dataset\05_S1GFloods\Label\image_968.png,95.7397,2
image_2854.png,c:\Users\HP\OneDrive\Desktop\Flood_AI_Dataset\05_S1GFloods\A\image_2854.png,c:\Users\HP\OneDrive\Desktop\Flood_AI_Dataset\05_S1GFloods\B\image_2854.png,c:\Users\HP\OneDrive\Desktop\Flood_AI_Dataset\05_S1GFloods\Label\image_2854.png,11.3663,2
image_4601.png,c:\Users\HP\OneDrive\Desktop\Flood_AI_Dataset\05_S1GFloods\A\image_4601.png,c:\Users\HP\OneDrive\Desktop\Flood_AI_Dataset\05_S1GFloods\B\image_4601.png,c:\Users\HP\OneDrive\Desktop\Flood_AI_Dataset\05_S1GFloods\Label\image_4601.png,5.1849,1
image_2507.png,c:\Users\HP\OneDrive\Desktop\Flood_AI_Dataset\05_S1GFloods\A\image_2507.png,c:\Users\HP\OneDrive\Desktop\Flood_AI_Dataset\05_S1GFloods\B\image_2507.png,c:\Users\HP\OneDrive\Desktop\Flood_AI_Dataset\05_S1GFloods\Label\image_2507.png,41.7328,2
image_2104.png,c:\Users\HP\OneDrive\Desktop\Flood_AI_Dataset\05_S1GFloods\A\image_2104.png,c:\Users\HP\OneDrive\Desktop\Flood_AI_Dataset\05_S1GFloods\B\image_2104.png,c:\Users\HP\OneDrive\Desktop\Flood_AI_Dataset\05_S1GFloods\Label\image_2104.png,5.6,1
image_1314.png,c:\Users\HP\OneDrive\Desktop\Flood_AI_Dataset\05_S1GFloods\A\image_1314.png,c:\Users\HP\OneDrive\Desktop\Flood_AI_Dataset\05_S1GFloods\B\image_1314.png,c:\Users\HP\OneDrive\Desktop\Flood_AI_Dataset\05_S1GFloods\Label\image_1314.png,63.7924,2
image_152.png,c:\Users\HP\OneDrive\Desktop\Flood_AI_Dataset\05_S1GFloods\A\image_152.png,c:\Users\HP\OneDrive\Desktop\Flood_AI_Dataset\05_S1GFloods\B\image_152.png,c:\Users\HP\OneDrive\Desktop\Flood_AI_Dataset\05_S1GFloods\Label\image_152.png,59.111,2
image_2538.png,c:\Users\HP\OneDrive\Desktop\Flood_AI_Dataset\05_S1GFloods\A\image_2538.png,c:\Users\HP\OneDrive\Desktop\Flood_AI_Dataset\05_S1GFloods\B\image_2538.png,c:\Users\HP\OneDrive\Desktop\Flood_AI_Dataset\05_S1GFloods\Label\image_2538.png,21.843,2
image_1475.png,c:\Users\HP\OneDrive\Desktop\Flood_AI_Dataset\05_S1GFloods\A\image_1475.png,c:\Users\HP\OneDrive\Desktop\Flood_AI_Dataset\05_S1GFloods\B\image_1475.png,c:\Users\HP\OneDrive\Desktop\Flood_AI_Dataset\05_S1GFloods\Label\image_1475.png,30.5557,2
image_5190.png,c:\Users\HP\OneDrive\Desktop\Flood_AI_Dataset\05_S1GFloods\A\image_5190.png,c:\Users\HP\OneDrive\Desktop\Flood_AI_Dataset\05_S1GFloods\B\image_5190.png,c:\Users\HP\OneDrive\Desktop\Flood_AI_Dataset\05_S1GFloods\Label\image_5190.png,54.5898,2
image_1541.png,c:\Users\HP\OneDrive\Desktop\Flood_AI_Dataset\05_S1GFloods\A\image_1541.png,c:\Users\HP\OneDrive\Desktop\Flood_AI_Dataset\05_S1GFloods\B\image_1541.png,c:\Users\HP\OneDrive\Desktop\Flood_AI_Dataset\05_S1GFloods\Label\image_1541.png,5.7983,1
image_4799.png,c:\Users\HP\OneDrive\Desktop\Flood_AI_Dataset\05_S1GFloods\A\image_4799.png,c:\Users\HP\OneDrive\Desktop\Flood_AI_Dataset\05_S1GFloods\B\image_4799.png,c:\Users\HP\OneDrive\Desktop\Flood_AI_Dataset\05_S1GFloods\Label\image_4799.png,23.5336,2
image_2931.png,c:\Users\HP\OneDrive\Desktop\Flood_AI_Dataset\05_S1GFloods\A\image_2931.png,c:\Users\HP\OneDrive\Desktop\Flood_AI_Dataset\05_S1GFloods\B\image_2931.png,c:\Users\HP\OneDrive\Desktop\Flood_AI_Dataset\05_S1GFloods\Label\image_2931.png,13.1363,2
image_5192.png,c:\Users\HP\OneDrive\Desktop\Flood_AI_Dataset\05_S1GFloods\A\image_5192.png,c:\Users\HP\OneDrive\Desktop\Flood_AI_Dataset\05_S1GFloods\B\image_5192.png,c:\Users\HP\OneDrive\Desktop\Flood_AI_Dataset\05_S1GFloods\Label\image_5192.png,12.8555,2
image_2564.png,c:\Users\HP\OneDrive\Desktop\Flood_AI_Dataset\05_S1GFloods\A\image_2564.png,c:\Users\HP\OneDrive\Desktop\Flood_AI_Dataset\05_S1GFloods\B\image_2564.png,c:\Users\HP\OneDrive\Desktop\Flood_AI_Dataset\05_S1GFloods\Label\image_2564.png,7.1503,1
image_4455.png,c:\Users\HP\OneDrive\Desktop\Flood_AI_Dataset\05_S1GFloods\A\image_4455.png,c:\Users\HP\OneDrive\Desktop\Flood_AI_Dataset\05_S1GFloods\B\image_4455.png,c:\Users\HP\OneDrive\Desktop\Flood_AI_Dataset\05_S1GFloods\Label\image_4455.png,46.2051,2
image_2112.png,c:\Users\HP\OneDrive\Desktop\Flood_AI_Dataset\05_S1GFloods\A\image_2112.png,c:\Users\HP\OneDrive\Desktop\Flood_AI_Dataset\05_S1GFloods\B\image_2112.png,c:\Users\HP\OneDrive\Desktop\Flood_AI_Dataset\05_S1GFloods\Label\image_2112.png,8.8181,1
image_1553.png,c:\Users\HP\OneDrive\Desktop\Flood_AI_Dataset\05_S1GFloods\A\image_1553.png,c:\Users\HP\OneDrive\Desktop\Flood_AI_Dataset\05_S1GFloods\B\image_1553.png,c:\Users\HP\OneDrive\Desktop\Flood_AI_Dataset\05_S1GFloods\Label\image_1553.png,11.5479,2
image_2169.png,c:\Users\HP\OneDrive\Desktop\Flood_AI_Dataset\05_S1GFloods\A\image_2169.png,c:\Users\HP\OneDrive\Desktop\Flood_AI_Dataset\05_S1GFloods\B\image_2169.png,c:\Users\HP\OneDrive\Desktop\Flood_AI_Dataset\05_S1GFloods\Label\image_2169.png,11.1984,2
image_1753.png,c:\Users\HP\OneDrive\Desktop\Flood_AI_Dataset\05_S1GFloods\A\image_1753.png,c:\Users\HP\OneDrive\Desktop\Flood_AI_Dataset\05_S1GFloods\B\image_1753.png,c:\Users\HP\OneDrive\Desktop\Flood_AI_Dataset\05_S1GFloods\Label\image_1753.png,5.1529,1
image_276.png,c:\Users\HP\OneDrive\Desktop\Flood_AI_Dataset\05_S1GFloods\A\image_276.png,c:\Users\HP\OneDrive\Desktop\Flood_AI_Dataset\05_S1GFloods\B\image_276.png,c:\Users\HP\OneDrive\Desktop\Flood_AI_Dataset\05_S1GFloods\Label\image_276.png,7.7301,1
image_4078.png,c:\Users\HP\OneDrive\Desktop\Flood_AI_Dataset\05_S1GFloods\A\image_4078.png,c:\Users\HP\OneDrive\Desktop\Flood_AI_Dataset\05_S1GFloods\B\image_4078.png,c:\Users\HP\OneDrive\Desktop\Flood_AI_Dataset\05_S1GFloods\Label\image_4078.png,11.3388,2
image_1371.png,c:\Users\HP\OneDrive\Desktop\Flood_AI_Dataset\05_S1GFloods\A\image_1371.png,c:\Users\HP\OneDrive\Desktop\Flood_AI_Dataset\05_S1GFloods\B\image_1371.png,c:\Users\HP\OneDrive\Desktop\Flood_AI_Dataset\05_S1GFloods\Label\image_1371.png,36.0367,2
image_2380.png,c:\Users\HP\OneDrive\Desktop\Flood_AI_Dataset\05_S1GFloods\A\image_2380.png,c:\Users\HP\OneDrive\Desktop\Flood_AI_Dataset\05_S1GFloods\B\image_2380.png,c:\Users\HP\OneDrive\Desktop\Flood_AI_Dataset\05_S1GFloods\Label\image_2380.png,15.1611,2
image_2949.png,c:\Users\HP\OneDrive\Desktop\Flood_AI_Dataset\05_S1GFloods\A\image_2949.png,c:\Users\HP\OneDrive\Desktop\Flood_AI_Dataset\05_S1GFloods\B\image_2949.png,c:\Users\HP\OneDrive\Desktop\Flood_AI_Dataset\05_S1GFloods\Label\image_2949.png,86.3907,2
image_342.png,c:\Users\HP\OneDrive\Desktop\Flood_AI_Dataset\05_S1GFloods\A\image_342.png,c:\Users\HP\OneDrive\Desktop\Flood_AI_Dataset\05_S1GFloods\B\image_342.png,c:\Users\HP\OneDrive\Desktop\Flood_AI_Dataset\05_S1GFloods\Label\image_342.png,16.1102,2
image_801.png,c:\Users\HP\OneDrive\Desktop\Flood_AI_Dataset\05_S1GFloods\A\image_801.png,c:\Users\HP\OneDrive\Desktop\Flood_AI_Dataset\05_S1GFloods\B\image_801.png,c:\Users\HP\OneDrive\Desktop\Flood_AI_Dataset\05_S1GFloods\Label\image_801.png,88.1348,2
image_3729.png,c:\Users\HP\OneDrive\Desktop\Flood_AI_Dataset\05_S1GFloods\A\image_3729.png,c:\Users\HP\OneDrive\Desktop\Flood_AI_Dataset\05_S1GFloods\B\image_3729.png,c:\Users\HP\OneDrive\Desktop\Flood_AI_Dataset\05_S1GFloods\Label\image_3729.png,24.1623,2
image_522.png,c:\Users\HP\OneDrive\Desktop\Flood_AI_Dataset\05_S1GFloods\A\image_522.png,c:\Users\HP\OneDrive\Desktop\Flood_AI_Dataset\05_S1GFloods\B\image_522.png,c:\Users\HP\OneDrive\Desktop\Flood_AI_Dataset\05_S1GFloods\Label\image_522.png,97.0886,2
image_1517.png,c:\Users\HP\OneDrive\Desktop\Flood_AI_Dataset\05_S1GFloods\A\image_1517.png,c:\Users\HP\OneDrive\Desktop\Flood_AI_Dataset\05_S1GFloods\B\image_1517.png,c:\Users\HP\OneDrive\Desktop\Flood_AI_Dataset\05_S1GFloods\Label\image_1517.png,29.837,2
image_3014.png,c:\Users\HP\OneDrive\Desktop\Flood_AI_Dataset\05_S1GFloods\A\image_3014.png,c:\Users\HP\OneDrive\Desktop\Flood_AI_Dataset\05_S1GFloods\B\image_3014.png,c:\Users\HP\OneDrive\Desktop\Flood_AI_Dataset\05_S1GFloods\Label\image_3014.png,77.9938,2
image_3599.png,c:\Users\HP\OneDrive\Desktop\Flood_AI_Dataset\05_S1GFloods\A\image_3599.png,c:\Users\HP\OneDrive\Desktop\Flood_AI_Dataset\05_S1GFloods\B\image_3599.png,c:\Users\HP\OneDrive\Desktop\Flood_AI_Dataset\05_S1GFloods\Label\image_3599.png,21.2982,2
image_1251.png,c:\Users\HP\OneDrive\Desktop\Flood_AI_Dataset\05_S1GFloods\A\image_1251.png,c:\Users\HP\OneDrive\Desktop\Flood_AI_Dataset\05_S1GFloods\B\image_1251.png,c:\Users\HP\OneDrive\Desktop\Flood_AI_Dataset\05_S1GFloods\Label\image_1251.png,52.2461,2
image_1939.png,c:\Users\HP\OneDrive\Desktop\Flood_AI_Dataset\05_S1GFloods\A\image_1939.png,c:\Users\HP\OneDrive\Desktop\Flood_AI_Dataset\05_S1GFloods\B\image_1939.png,c:\Users\HP\OneDrive\Desktop\Flood_AI_Dataset\05_S1GFloods\Label\image_1939.png,8.2199,1
image_1345.png,c:\Users\HP\OneDrive\Desktop\Flood_AI_Dataset\05_S1GFloods\A\image_1345.png,c:\Users\HP\OneDrive\Desktop\Flood_AI_Dataset\05_S1GFloods\B\image_1345.png,c:\Users\HP\OneDrive\Desktop\Flood_AI_Dataset\05_S1GFloods\Label\image_1345.png,10.5804,2
image_1786.png,c:\Users\HP\OneDrive\Desktop\Flood_AI_Dataset\05_S1GFloods\A\image_1786.png,c:\Users\HP\OneDrive\Desktop\Flood_AI_Dataset\05_S1GFloods\B\image_1786.png,c:\Users\HP\OneDrive\Desktop\Flood_AI_Dataset\05_S1GFloods\Label\image_1786.png,5.2002,1
image_3819.png,c:\Users\HP\OneDrive\Desktop\Flood_AI_Dataset\05_S1GFloods\A\image_3819.png,c:\Users\HP\OneDrive\Desktop\Flood_AI_Dataset\05_S1GFloods\B\image_3819.png,c:\Users\HP\OneDrive\Desktop\Flood_AI_Dataset\05_S1GFloods\Label\image_3819.png,72.1817,2
image_1868.png,c:\Users\HP\OneDrive\Desktop\Flood_AI_Dataset\05_S1GFloods\A\image_1868.png,c:\Users\HP\OneDrive\Desktop\Flood_AI_Dataset\05_S1GFloods\B\image_1868.png,c:\Users\HP\OneDrive\Desktop\Flood_AI_Dataset\05_S1GFloods\Label\image_1868.png,5.3619,1
image_4529.png,c:\Users\HP\OneDrive\Desktop\Flood_AI_Dataset\05_S1GFloods\A\image_4529.png,c:\Users\HP\OneDrive\Desktop\Flood_AI_Dataset\05_S1GFloods\B\image_4529.png,c:\Users\HP\OneDrive\Desktop\Flood_AI_Dataset\05_S1GFloods\Label\image_4529.png,5.632,1
image_777.png,c:\Users\HP\OneDrive\Desktop\Flood_AI_Dataset\05_S1GFloods\A\image_777.png,c:\Users\HP\OneDrive\Desktop\Flood_AI_Dataset\05_S1GFloods\B\image_777.png,c:\Users\HP\OneDrive\Desktop\Flood_AI_Dataset\05_S1GFloods\Label\image_777.png,96.6904,2
image_4886.png,c:\Users\HP\OneDrive\Desktop\Flood_AI_Dataset\05_S1GFloods\A\image_4886.png,c:\Users\HP\OneDrive\Desktop\Flood_AI_Dataset\05_S1GFloods\B\image_4886.png,c:\Users\HP\OneDrive\Desktop\Flood_AI_Dataset\05_S1GFloods\Label\image_4886.png,20.9335,2
image_1068.png,c:\Users\HP\OneDrive\Desktop\Flood_AI_Dataset\05_S1GFloods\A\image_1068.png,c:\Users\HP\OneDrive\Desktop\Flood_AI_Dataset\05_S1GFloods\B\image_1068.png,c:\Users\HP\OneDrive\Desktop\Flood_AI_Dataset\05_S1GFloods\Label\image_1068.png,70.0455,2
image_4155.png,c:\Users\HP\OneDrive\Desktop\Flood_AI_Dataset\05_S1GFloods\A\image_4155.png,c:\Users\HP\OneDrive\Desktop\Flood_AI_Dataset\05_S1GFloods\B\image_4155.png,c:\Users\HP\OneDrive\Desktop\Flood_AI_Dataset\05_S1GFloods\Label\image_4155.png,16.7511,2
image_3527.png,c:\Users\HP\OneDrive\Desktop\Flood_AI_Dataset\05_S1GFloods\A\image_3527.png,c:\Users\HP\OneDrive\Desktop\Flood_AI_Dataset\05_S1GFloods\B\image_3527.png,c:\Users\HP\OneDrive\Desktop\Flood_AI_Dataset\05_S1GFloods\Label\image_3527.png,86.8988,2
image_4516.png,c:\Users\HP\OneDrive\Desktop\Flood_AI_Dataset\05_S1GFloods\A\image_4516.png,c:\Users\HP\OneDrive\Desktop\Flood_AI_Dataset\05_S1GFloods\B\image_4516.png,c:\Users\HP\OneDrive\Desktop\Flood_AI_Dataset\05_S1GFloods\Label\image_4516.png,86.1191,2
image_5339.png,c:\Users\HP\OneDrive\Desktop\Flood_AI_Dataset\05_S1GFloods\A\image_5339.png,c:\Users\HP\OneDrive\Desktop\Flood_AI_Dataset\05_S1GFloods\B\image_5339.png,c:\Users\HP\OneDrive\Desktop\Flood_AI_Dataset\05_S1GFloods\Label\image_5339.png,8.2092,1
image_2362.png,c:\Users\HP\OneDrive\Desktop\Flood_AI_Dataset\05_S1GFloods\A\image_2362.png,c:\Users\HP\OneDrive\Desktop\Flood_AI_Dataset\05_S1GFloods\B\image_2362.png,c:\Users\HP\OneDrive\Desktop\Flood_AI_Dataset\05_S1GFloods\Label\image_2362.png,8.2794,1
image_4151.png,c:\Users\HP\OneDrive\Desktop\Flood_AI_Dataset\05_S1GFloods\A\image_4151.png,c:\Users\HP\OneDrive\Desktop\Flood_AI_Dataset\05_S1GFloods\B\image_4151.png,c:\Users\HP\OneDrive\Desktop\Flood_AI_Dataset\05_S1GFloods\Label\image_4151.png,67.9825,2
image_413.png,c:\Users\HP\OneDrive\Desktop\Flood_AI_Dataset\05_S1GFloods\A\image_413.png,c:\Users\HP\OneDrive\Desktop\Flood_AI_Dataset\05_S1GFloods\B\image_413.png,c:\Users\HP\OneDrive\Desktop\Flood_AI_Dataset\05_S1GFloods\Label\image_413.png,90.2573,2
image_1631.png,c:\Users\HP\OneDrive\Desktop\Flood_AI_Dataset\05_S1GFloods\A\image_1631.png,c:\Users\HP\OneDrive\Desktop\Flood_AI_Dataset\05_S1GFloods\B\image_1631.png,c:\Users\HP\OneDrive\Desktop\Flood_AI_Dataset\05_S1GFloods\Label\image_1631.png,34.3582,2
image_2615.png,c:\Users\HP\OneDrive\Desktop\Flood_AI_Dataset\05_S1GFloods\A\image_2615.png,c:\Users\HP\OneDrive\Desktop\Flood_AI_Dataset\05_S1GFloods\B\image_2615.png,c:\Users\HP\OneDrive\Desktop\Flood_AI_Dataset\05_S1GFloods\Label\image_2615.png,19.9738,2
image_4032.png,c:\Users\HP\OneDrive\Desktop\Flood_AI_Dataset\05_S1GFloods\A\image_4032.png,c:\Users\HP\OneDrive\Desktop\Flood_AI_Dataset\05_S1GFloods\B\image_4032.png,c:\Users\HP\OneDrive\Desktop\Flood_AI_Dataset\05_S1GFloods\Label\image_4032.png,8.2657,1
image_4422.png,c:\Users\HP\OneDrive\Desktop\Flood_AI_Dataset\05_S1GFloods\A\image_4422.png,c:\Users\HP\OneDrive\Desktop\Flood_AI_Dataset\05_S1GFloods\B\image_4422.png,c:\Users\HP\OneDrive\Desktop\Flood_AI_Dataset\05_S1GFloods\Label\image_4422.png,73.0484,2
image_3365.png,c:\Users\HP\OneDrive\Desktop\Flood_AI_Dataset\05_S1GFloods\A\image_3365.png,c:\Users\HP\OneDrive\Desktop\Flood_AI_Dataset\05_S1GFloods\B\image_3365.png,c:\Users\HP\OneDrive\Desktop\Flood_AI_Dataset\05_S1GFloods\Label\image_3365.png,6.311,1
image_2735.png,c:\Users\HP\OneDrive\Desktop\Flood_AI_Dataset\05_S1GFloods\A\image_2735.png,c:\Users\HP\OneDrive\Desktop\Flood_AI_Dataset\05_S1GFloods\B\image_2735.png,c:\Users\HP\OneDrive\Desktop\Flood_AI_Dataset\05_S1GFloods\Label\image_2735.png,30.6259,2
image_1556.png,c:\Users\HP\OneDrive\Desktop\Flood_AI_Dataset\05_S1GFloods\A\image_1556.png,c:\Users\HP\OneDrive\Desktop\Flood_AI_Dataset\05_S1GFloods\B\image_1556.png,c:\Users\HP\OneDrive\Desktop\Flood_AI_Dataset\05_S1GFloods\Label\image_1556.png,75.5737,2
image_2634.png,c:\Users\HP\OneDrive\Desktop\Flood_AI_Dataset\05_S1GFloods\A\image_2634.png,c:\Users\HP\OneDrive\Desktop\Flood_AI_Dataset\05_S1GFloods\B\image_2634.png,c:\Users\HP\OneDrive\Desktop\Flood_AI_Dataset\05_S1GFloods\Label\image_2634.png,37.8418,2
image_316.png,c:\Users\HP\OneDrive\Desktop\Flood_AI_Dataset\05_S1GFloods\A\image_316.png,c:\Users\HP\OneDrive\Desktop\Flood_AI_Dataset\05_S1GFloods\B\image_316.png,c:\Users\HP\OneDrive\Desktop\Flood_AI_Dataset\05_S1GFloods\Label\image_316.png,80.1331,2
image_4967.png,c:\Users\HP\OneDrive\Desktop\Flood_AI_Dataset\05_S1GFloods\A\image_4967.png,c:\Users\HP\OneDrive\Desktop\Flood_AI_Dataset\05_S1GFloods\B\image_4967.png,c:\Users\HP\OneDrive\Desktop\Flood_AI_Dataset\05_S1GFloods\Label\image_4967.png,18.8171,2
image_1562.png,c:\Users\HP\OneDrive\Desktop\Flood_AI_Dataset\05_S1GFloods\A\image_1562.png,c:\Users\HP\OneDrive\Desktop\Flood_AI_Dataset\05_S1GFloods\B\image_1562.png,c:\Users\HP\OneDrive\Desktop\Flood_AI_Dataset\05_S1GFloods\Label\image_1562.png,18.6676,2
image_3881.png,c:\Users\HP\OneDrive\Desktop\Flood_AI_Dataset\05_S1GFloods\A\image_3881.png,c:\Users\HP\OneDrive\Desktop\Flood_AI_Dataset\05_S1GFloods\B\image_3881.png,c:\Users\HP\OneDrive\Desktop\Flood_AI_Dataset\05_S1GFloods\Label\image_3881.png,41.8411,2
image_5161.png,c:\Users\HP\OneDrive\Desktop\Flood_AI_Dataset\05_S1GFloods\A\image_5161.png,c:\Users\HP\OneDrive\Desktop\Flood_AI_Dataset\05_S1GFloods\B\image_5161.png,c:\Users\HP\OneDrive\Desktop\Flood_AI_Dataset\05_S1GFloods\Label\image_5161.png,23.3704,2
image_84.png,c:\Users\HP\OneDrive\Desktop\Flood_AI_Dataset\05_S1GFloods\A\image_84.png,c:\Users\HP\OneDrive\Desktop\Flood_AI_Dataset\05_S1GFloods\B\image_84.png,c:\Users\HP\OneDrive\Desktop\Flood_AI_Dataset\05_S1GFloods\Label\image_84.png,13.3484,2
image_1540.png,c:\Users\HP\OneDrive\Desktop\Flood_AI_Dataset\05_S1GFloods\A\image_1540.png,c:\Users\HP\OneDrive\Desktop\Flood_AI_Dataset\05_S1GFloods\B\image_1540.png,c:\Users\HP\OneDrive\Desktop\Flood_AI_Dataset\05_S1GFloods\Label\image_1540.png,30.9555,2
image_3748.png,c:\Users\HP\OneDrive\Desktop\Flood_AI_Dataset\05_S1GFloods\A\image_3748.png,c:\Users\HP\OneDrive\Desktop\Flood_AI_Dataset\05_S1GFloods\B\image_3748.png,c:\Users\HP\OneDrive\Desktop\Flood_AI_Dataset\05_S1GFloods\Label\image_3748.png,13.6566,2
image_378.png,c:\Users\HP\OneDrive\Desktop\Flood_AI_Dataset\05_S1GFloods\A\image_378.png,c:\Users\HP\OneDrive\Desktop\Flood_AI_Dataset\05_S1GFloods\B\image_378.png,c:\Users\HP\OneDrive\Desktop\Flood_AI_Dataset\05_S1GFloods\Label\image_378.png,42.0135,2
image_4506.png,c:\Users\HP\OneDrive\Desktop\Flood_AI_Dataset\05_S1GFloods\A\image_4506.png,c:\Users\HP\OneDrive\Desktop\Flood_AI_Dataset\05_S1GFloods\B\image_4506.png,c:\Users\HP\OneDrive\Desktop\Flood_AI_Dataset\05_S1GFloods\Label\image_4506.png,20.5399,2
image_2418.png,c:\Users\HP\OneDrive\Desktop\Flood_AI_Dataset\05_S1GFloods\A\image_2418.png,c:\Users\HP\OneDrive\Desktop\Flood_AI_Dataset\05_S1GFloods\B\image_2418.png,c:\Users\HP\OneDrive\Desktop\Flood_AI_Dataset\05_S1GFloods\Label\image_2418.png,10.7712,2
image_2473.png,c:\Users\HP\OneDrive\Desktop\Flood_AI_Dataset\05_S1GFloods\A\image_2473.png,c:\Users\HP\OneDrive\Desktop\Flood_AI_Dataset\05_S1GFloods\B\image_2473.png,c:\Users\HP\OneDrive\Desktop\Flood_AI_Dataset\05_S1GFloods\Label\image_2473.png,11.8637,2
image_1862.png,c:\Users\HP\OneDrive\Desktop\Flood_AI_Dataset\05_S1GFloods\A\image_1862.png,c:\Users\HP\OneDrive\Desktop\Flood_AI_Dataset\05_S1GFloods\B\image_1862.png,c:\Users\HP\OneDrive\Desktop\Flood_AI_Dataset\05_S1GFloods\Label\image_1862.png,18.042,2
image_3960.png,c:\Users\HP\OneDrive\Desktop\Flood_AI_Dataset\05_S1GFloods\A\image_3960.png,c:\Users\HP\OneDrive\Desktop\Flood_AI_Dataset\05_S1GFloods\B\image_3960.png,c:\Users\HP\OneDrive\Desktop\Flood_AI_Dataset\05_S1GFloods\Label\image_3960.png,88.8474,2
image_590.png,c:\Users\HP\OneDrive\Desktop\Flood_AI_Dataset\05_S1GFloods\A\image_590.png,c:\Users\HP\OneDrive\Desktop\Flood_AI_Dataset\05_S1GFloods\B\image_590.png,c:\Users\HP\OneDrive\Desktop\Flood_AI_Dataset\05_S1GFloods\Label\image_590.png,5.9601,1
image_4570.png,c:\Users\HP\OneDrive\Desktop\Flood_AI_Dataset\05_S1GFloods\A\image_4570.png,c:\Users\HP\OneDrive\Desktop\Flood_AI_Dataset\05_S1GFloods\B\image_4570.png,c:\Users\HP\OneDrive\Desktop\Flood_AI_Dataset\05_S1GFloods\Label\image_4570.png,32.0404,2
image_1561.png,c:\Users\HP\OneDrive\Desktop\Flood_AI_Dataset\05_S1GFloods\A\image_1561.png,c:\Users\HP\OneDrive\Desktop\Flood_AI_Dataset\05_S1GFloods\B\image_1561.png,c:\Users\HP\OneDrive\Desktop\Flood_AI_Dataset\05_S1GFloods\Label\image_1561.png,23.4299,2
image_2855.png,c:\Users\HP\OneDrive\Desktop\Flood_AI_Dataset\05_S1GFloods\A\image_2855.png,c:\Users\HP\OneDrive\Desktop\Flood_AI_Dataset\05_S1GFloods\B\image_2855.png,c:\Users\HP\OneDrive\Desktop\Flood_AI_Dataset\05_S1GFloods\Label\image_2855.png,9.491,1
image_3180.png,c:\Users\HP\OneDrive\Desktop\Flood_AI_Dataset\05_S1GFloods\A\image_3180.png,c:\Users\HP\OneDrive\Desktop\Flood_AI_Dataset\05_S1GFloods\B\image_3180.png,c:\Users\HP\OneDrive\Desktop\Flood_AI_Dataset\05_S1GFloods\Label\image_3180.png,10.6903,2
image_1397.png,c:\Users\HP\OneDrive\Desktop\Flood_AI_Dataset\05_S1GFloods\A\image_1397.png,c:\Users\HP\OneDrive\Desktop\Flood_AI_Dataset\05_S1GFloods\B\image_1397.png,c:\Users\HP\OneDrive\Desktop\Flood_AI_Dataset\05_S1GFloods\Label\image_1397.png,79.361,2
image_2488.png,c:\Users\HP\OneDrive\Desktop\Flood_AI_Dataset\05_S1GFloods\A\image_2488.png,c:\Users\HP\OneDrive\Desktop\Flood_AI_Dataset\05_S1GFloods\B\image_2488.png,c:\Users\HP\OneDrive\Desktop\Flood_AI_Dataset\05_S1GFloods\Label\image_2488.png,7.8369,1
image_2330.png,c:\Users\HP\OneDrive\Desktop\Flood_AI_Dataset\05_S1GFloods\A\image_2330.png,c:\Users\HP\OneDrive\Desktop\Flood_AI_Dataset\05_S1GFloods\B\image_2330.png,c:\Users\HP\OneDrive\Desktop\Flood_AI_Dataset\05_S1GFloods\Label\image_2330.png,9.7824,1
image_53.png,c:\Users\HP\OneDrive\Desktop\Flood_AI_Dataset\05_S1GFloods\A\image_53.png,c:\Users\HP\OneDrive\Desktop\Flood_AI_Dataset\05_S1GFloods\B\image_53.png,c:\Users\HP\OneDrive\Desktop\Flood_AI_Dataset\05_S1GFloods\Label\image_53.png,54.1306,2
image_1531.png,c:\Users\HP\OneDrive\Desktop\Flood_AI_Dataset\05_S1GFloods\A\image_1531.png,c:\Users\HP\OneDrive\Desktop\Flood_AI_Dataset\05_S1GFloods\B\image_1531.png,c:\Users\HP\OneDrive\Desktop\Flood_AI_Dataset\05_S1GFloods\Label\image_1531.png,11.7447,2
image_950.png,c:\Users\HP\OneDrive\Desktop\Flood_AI_Dataset\05_S1GFloods\A\image_950.png,c:\Users\HP\OneDrive\Desktop\Flood_AI_Dataset\05_S1GFloods\B\image_950.png,c:\Users\HP\OneDrive\Desktop\Flood_AI_Dataset\05_S1GFloods\Label\image_950.png,52.2827,2
image_5231.png,c:\Users\HP\OneDrive\Desktop\Flood_AI_Dataset\05_S1GFloods\A\image_5231.png,c:\Users\HP\OneDrive\Desktop\Flood_AI_Dataset\05_S1GFloods\B\image_5231.png,c:\Users\HP\OneDrive\Desktop\Flood_AI_Dataset\05_S1GFloods\Label\image_5231.png,19.7891,2
image_3728.png,c:\Users\HP\OneDrive\Desktop\Flood_AI_Dataset\05_S1GFloods\A\image_3728.png,c:\Users\HP\OneDrive\Desktop\Flood_AI_Dataset\05_S1GFloods\B\image_3728.png,c:\Users\HP\OneDrive\Desktop\Flood_AI_Dataset\05_S1GFloods\Label\image_3728.png,50.3525,2
image_5221.png,c:\Users\HP\OneDrive\Desktop\Flood_AI_Dataset\05_S1GFloods\A\image_5221.png,c:\Users\HP\OneDrive\Desktop\Flood_AI_Dataset\05_S1GFloods\B\image_5221.png,c:\Users\HP\OneDrive\Desktop\Flood_AI_Dataset\05_S1GFloods\Label\image_5221.png,11.0504,2
image_1917.png,c:\Users\HP\OneDrive\Desktop\Flood_AI_Dataset\05_S1GFloods\A\image_1917.png,c:\Users\HP\OneDrive\Desktop\Flood_AI_Dataset\05_S1GFloods\B\image_1917.png,c:\Users\HP\OneDrive\Desktop\Flood_AI_Dataset\05_S1GFloods\Label\image_1917.png,10.9512,2
image_480.png,c:\Users\HP\OneDrive\Desktop\Flood_AI_Dataset\05_S1GFloods\A\image_480.png,c:\Users\HP\OneDrive\Desktop\Flood_AI_Dataset\05_S1GFloods\B\image_480.png,c:\Users\HP\OneDrive\Desktop\Flood_AI_Dataset\05_S1GFloods\Label\image_480.png,11.9171,2
image_3530.png,c:\Users\HP\OneDrive\Desktop\Flood_AI_Dataset\05_S1GFloods\A\image_3530.png,c:\Users\HP\OneDrive\Desktop\Flood_AI_Dataset\05_S1GFloods\B\image_3530.png,c:\Users\HP\OneDrive\Desktop\Flood_AI_Dataset\05_S1GFloods\Label\image_3530.png,6.131,1
image_4132.png,c:\Users\HP\OneDrive\Desktop\Flood_AI_Dataset\05_S1GFloods\A\image_4132.png,c:\Users\HP\OneDrive\Desktop\Flood_AI_Dataset\05_S1GFloods\B\image_4132.png,c:\Users\HP\OneDrive\Desktop\Flood_AI_Dataset\05_S1GFloods\Label\image_4132.png,6.4117,1
image_3688.png,c:\Users\HP\OneDrive\Desktop\Flood_AI_Dataset\05_S1GFloods\A\image_3688.png,c:\Users\HP\OneDrive\Desktop\Flood_AI_Dataset\05_S1GFloods\B\image_3688.png,c:\Users\HP\OneDrive\Desktop\Flood_AI_Dataset\05_S1GFloods\Label\image_3688.png,11.6592,2
image_926.png,c:\Users\HP\OneDrive\Desktop\Flood_AI_Dataset\05_S1GFloods\A\image_926.png,c:\Users\HP\OneDrive\Desktop\Flood_AI_Dataset\05_S1GFloods\B\image_926.png,c:\Users\HP\OneDrive\Desktop\Flood_AI_Dataset\05_S1GFloods\Label\image_926.png,65.5579,2
image_1985.png,c:\Users\HP\OneDrive\Desktop\Flood_AI_Dataset\05_S1GFloods\A\image_1985.png,c:\Users\HP\OneDrive\Desktop\Flood_AI_Dataset\05_S1GFloods\B\image_1985.png,c:\Users\HP\OneDrive\Desktop\Flood_AI_Dataset\05_S1GFloods\Label\image_1985.png,18.0206,2
image_4562.png,c:\Users\HP\OneDrive\Desktop\Flood_AI_Dataset\05_S1GFloods\A\image_4562.png,c:\Users\HP\OneDrive\Desktop\Flood_AI_Dataset\05_S1GFloods\B\image_4562.png,c:\Users\HP\OneDrive\Desktop\Flood_AI_Dataset\05_S1GFloods\Label\image_4562.png,24.4858,2
image_2468.png,c:\Users\HP\OneDrive\Desktop\Flood_AI_Dataset\05_S1GFloods\A\image_2468.png,c:\Users\HP\OneDrive\Desktop\Flood_AI_Dataset\05_S1GFloods\B\image_2468.png,c:\Users\HP\OneDrive\Desktop\Flood_AI_Dataset\05_S1GFloods\Label\image_2468.png,10.2509,2
image_1726.png,c:\Users\HP\OneDrive\Desktop\Flood_AI_Dataset\05_S1GFloods\A\image_1726.png,c:\Users\HP\OneDrive\Desktop\Flood_AI_Dataset\05_S1GFloods\B\image_1726.png,c:\Users\HP\OneDrive\Desktop\Flood_AI_Dataset\05_S1GFloods\Label\image_1726.png,5.0507,1
image_4118.png,c:\Users\HP\OneDrive\Desktop\Flood_AI_Dataset\05_S1GFloods\A\image_4118.png,c:\Users\HP\OneDrive\Desktop\Flood_AI_Dataset\05_S1GFloods\B\image_4118.png,c:\Users\HP\OneDrive\Desktop\Flood_AI_Dataset\05_S1GFloods\Label\image_4118.png,28.8055,2
image_206.png,c:\Users\HP\OneDrive\Desktop\Flood_AI_Dataset\05_S1GFloods\A\image_206.png,c:\Users\HP\OneDrive\Desktop\Flood_AI_Dataset\05_S1GFloods\B\image_206.png,c:\Users\HP\OneDrive\Desktop\Flood_AI_Dataset\05_S1GFloods\Label\image_206.png,77.8351,2
image_4389.png,c:\Users\HP\OneDrive\Desktop\Flood_AI_Dataset\05_S1GFloods\A\image_4389.png,c:\Users\HP\OneDrive\Desktop\Flood_AI_Dataset\05_S1GFloods\B\image_4389.png,c:\Users\HP\OneDrive\Desktop\Flood_AI_Dataset\05_S1GFloods\Label\image_4389.png,41.9357,2
image_1758.png,c:\Users\HP\OneDrive\Desktop\Flood_AI_Dataset\05_S1GFloods\A\image_1758.png,c:\Users\HP\OneDrive\Desktop\Flood_AI_Dataset\05_S1GFloods\B\image_1758.png,c:\Users\HP\OneDrive\Desktop\Flood_AI_Dataset\05_S1GFloods\Label\image_1758.png,6.8512,1
image_813.png,c:\Users\HP\OneDrive\Desktop\Flood_AI_Dataset\05_S1GFloods\A\image_813.png,c:\Users\HP\OneDrive\Desktop\Flood_AI_Dataset\05_S1GFloods\B\image_813.png,c:\Users\HP\OneDrive\Desktop\Flood_AI_Dataset\05_S1GFloods\Label\image_813.png,52.4857,2
image_4923.png,c:\Users\HP\OneDrive\Desktop\Flood_AI_Dataset\05_S1GFloods\A\image_4923.png,c:\Users\HP\OneDrive\Desktop\Flood_AI_Dataset\05_S1GFloods\B\image_4923.png,c:\Users\HP\OneDrive\Desktop\Flood_AI_Dataset\05_S1GFloods\Label\image_4923.png,17.775,2
image_2116.png,c:\Users\HP\OneDrive\Desktop\Flood_AI_Dataset\05_S1GFloods\A\image_2116.png,c:\Users\HP\OneDrive\Desktop\Flood_AI_Dataset\05_S1GFloods\B\image_2116.png,c:\Users\HP\OneDrive\Desktop\Flood_AI_Dataset\05_S1GFloods\Label\image_2116.png,6.4377,1
image_2209.png,c:\Users\HP\OneDrive\Desktop\Flood_AI_Dataset\05_S1GFloods\A\image_2209.png,c:\Users\HP\OneDrive\Desktop\Flood_AI_Dataset\05_S1GFloods\B\image_2209.png,c:\Users\HP\OneDrive\Desktop\Flood_AI_Dataset\05_S1GFloods\Label\image_2209.png,8.9523,1
image_4391.png,c:\Users\HP\OneDrive\Desktop\Flood_AI_Dataset\05_S1GFloods\A\image_4391.png,c:\Users\HP\OneDrive\Desktop\Flood_AI_Dataset\05_S1GFloods\B\image_4391.png,c:\Users\HP\OneDrive\Desktop\Flood_AI_Dataset\05_S1GFloods\Label\image_4391.png,43.0084,2
image_4409.png,c:\Users\HP\OneDrive\Desktop\Flood_AI_Dataset\05_S1GFloods\A\image_4409.png,c:\Users\HP\OneDrive\Desktop\Flood_AI_Dataset\05_S1GFloods\B\image_4409.png,c:\Users\HP\OneDrive\Desktop\Flood_AI_Dataset\05_S1GFloods\Label\image_4409.png,80.3757,2
image_4683.png,c:\Users\HP\OneDrive\Desktop\Flood_AI_Dataset\05_S1GFloods\A\image_4683.png,c:\Users\HP\OneDrive\Desktop\Flood_AI_Dataset\05_S1GFloods\B\image_4683.png,c:\Users\HP\OneDrive\Desktop\Flood_AI_Dataset\05_S1GFloods\Label\image_4683.png,5.957,1
image_2290.png,c:\Users\HP\OneDrive\Desktop\Flood_AI_Dataset\05_S1GFloods\A\image_2290.png,c:\Users\HP\OneDrive\Desktop\Flood_AI_Dataset\05_S1GFloods\B\image_2290.png,c:\Users\HP\OneDrive\Desktop\Flood_AI_Dataset\05_S1GFloods\Label\image_2290.png,40.0986,2
image_804.png,c:\Users\HP\OneDrive\Desktop\Flood_AI_Dataset\05_S1GFloods\A\image_804.png,c:\Users\HP\OneDrive\Desktop\Flood_AI_Dataset\05_S1GFloods\B\image_804.png,c:\Users\HP\OneDrive\Desktop\Flood_AI_Dataset\05_S1GFloods\Label\image_804.png,90.2267,2
image_527.png,c:\Users\HP\OneDrive\Desktop\Flood_AI_Dataset\05_S1GFloods\A\image_527.png,c:\Users\HP\OneDrive\Desktop\Flood_AI_Dataset\05_S1GFloods\B\image_527.png,c:\Users\HP\OneDrive\Desktop\Flood_AI_Dataset\05_S1GFloods\Label\image_527.png,41.394,2
image_1952.png,c:\Users\HP\OneDrive\Desktop\Flood_AI_Dataset\05_S1GFloods\A\image_1952.png,c:\Users\HP\OneDrive\Desktop\Flood_AI_Dataset\05_S1GFloods\B\image_1952.png,c:\Users\HP\OneDrive\Desktop\Flood_AI_Dataset\05_S1GFloods\Label\image_1952.png,7.486,1
image_36.png,c:\Users\HP\OneDrive\Desktop\Flood_AI_Dataset\05_S1GFloods\A\image_36.png,c:\Users\HP\OneDrive\Desktop\Flood_AI_Dataset\05_S1GFloods\B\image_36.png,c:\Users\HP\OneDrive\Desktop\Flood_AI_Dataset\05_S1GFloods\Label\image_36.png,6.2912,1
image_1291.png,c:\Users\HP\OneDrive\Desktop\Flood_AI_Dataset\05_S1GFloods\A\image_1291.png,c:\Users\HP\OneDrive\Desktop\Flood_AI_Dataset\05_S1GFloods\B\image_1291.png,c:\Users\HP\OneDrive\Desktop\Flood_AI_Dataset\05_S1GFloods\Label\image_1291.png,34.9045,2
image_4878.png,c:\Users\HP\OneDrive\Desktop\Flood_AI_Dataset\05_S1GFloods\A\image_4878.png,c:\Users\HP\OneDrive\Desktop\Flood_AI_Dataset\05_S1GFloods\B\image_4878.png,c:\Users\HP\OneDrive\Desktop\Flood_AI_Dataset\05_S1GFloods\Label\image_4878.png,6.604,1
image_1912.png,c:\Users\HP\OneDrive\Desktop\Flood_AI_Dataset\05_S1GFloods\A\image_1912.png,c:\Users\HP\OneDrive\Desktop\Flood_AI_Dataset\05_S1GFloods\B\image_1912.png,c:\Users\HP\OneDrive\Desktop\Flood_AI_Dataset\05_S1GFloods\Label\image_1912.png,14.093,2
image_1815.png,c:\Users\HP\OneDrive\Desktop\Flood_AI_Dataset\05_S1GFloods\A\image_1815.png,c:\Users\HP\OneDrive\Desktop\Flood_AI_Dataset\05_S1GFloods\B\image_1815.png,c:\Users\HP\OneDrive\Desktop\Flood_AI_Dataset\05_S1GFloods\Label\image_1815.png,8.4625,1
image_3603.png,c:\Users\HP\OneDrive\Desktop\Flood_AI_Dataset\05_S1GFloods\A\image_3603.png,c:\Users\HP\OneDrive\Desktop\Flood_AI_Dataset\05_S1GFloods\B\image_3603.png,c:\Users\HP\OneDrive\Desktop\Flood_AI_Dataset\05_S1GFloods\Label\image_3603.png,56.485,2
image_2839.png,c:\Users\HP\OneDrive\Desktop\Flood_AI_Dataset\05_S1GFloods\A\image_2839.png,c:\Users\HP\OneDrive\Desktop\Flood_AI_Dataset\05_S1GFloods\B\image_2839.png,c:\Users\HP\OneDrive\Desktop\Flood_AI_Dataset\05_S1GFloods\Label\image_2839.png,24.9069,2
image_4138.png,c:\Users\HP\OneDrive\Desktop\Flood_AI_Dataset\05_S1GFloods\A\image_4138.png,c:\Users\HP\OneDrive\Desktop\Flood_AI_Dataset\05_S1GFloods\B\image_4138.png,c:\Users\HP\OneDrive\Desktop\Flood_AI_Dataset\05_S1GFloods\Label\image_4138.png,99.3515,2
image_4957.png,c:\Users\HP\OneDrive\Desktop\Flood_AI_Dataset\05_S1GFloods\A\image_4957.png,c:\Users\HP\OneDrive\Desktop\Flood_AI_Dataset\05_S1GFloods\B\image_4957.png,c:\Users\HP\OneDrive\Desktop\Flood_AI_Dataset\05_S1GFloods\Label\image_4957.png,17.5858,2
image_2479.png,c:\Users\HP\OneDrive\Desktop\Flood_AI_Dataset\05_S1GFloods\A\image_2479.png,c:\Users\HP\OneDrive\Desktop\Flood_AI_Dataset\05_S1GFloods\B\image_2479.png,c:\Users\HP\OneDrive\Desktop\Flood_AI_Dataset\05_S1GFloods\Label\image_2479.png,10.0632,2
image_2625.png,c:\Users\HP\OneDrive\Desktop\Flood_AI_Dataset\05_S1GFloods\A\image_2625.png,c:\Users\HP\OneDrive\Desktop\Flood_AI_Dataset\05_S1GFloods\B\image_2625.png,c:\Users\HP\OneDrive\Desktop\Flood_AI_Dataset\05_S1GFloods\Label\image_2625.png,11.8561,2
image_4598.png,c:\Users\HP\OneDrive\Desktop\Flood_AI_Dataset\05_S1GFloods\A\image_4598.png,c:\Users\HP\OneDrive\Desktop\Flood_AI_Dataset\05_S1GFloods\B\image_4598.png,c:\Users\HP\OneDrive\Desktop\Flood_AI_Dataset\05_S1GFloods\Label\image_4598.png,10.0601,2
image_579.png,c:\Users\HP\OneDrive\Desktop\Flood_AI_Dataset\05_S1GFloods\A\image_579.png,c:\Users\HP\OneDrive\Desktop\Flood_AI_Dataset\05_S1GFloods\B\image_579.png,c:\Users\HP\OneDrive\Desktop\Flood_AI_Dataset\05_S1GFloods\Label\image_579.png,44.8532,2
image_3517.png,c:\Users\HP\OneDrive\Desktop\Flood_AI_Dataset\05_S1GFloods\A\image_3517.png,c:\Users\HP\OneDrive\Desktop\Flood_AI_Dataset\05_S1GFloods\B\image_3517.png,c:\Users\HP\OneDrive\Desktop\Flood_AI_Dataset\05_S1GFloods\Label\image_3517.png,57.4188,2
image_4755.png,c:\Users\HP\OneDrive\Desktop\Flood_AI_Dataset\05_S1GFloods\A\image_4755.png,c:\Users\HP\OneDrive\Desktop\Flood_AI_Dataset\05_S1GFloods\B\image_4755.png,c:\Users\HP\OneDrive\Desktop\Flood_AI_Dataset\05_S1GFloods\Label\image_4755.png,48.2071,2
image_146.png,c:\Users\HP\OneDrive\Desktop\Flood_AI_Dataset\05_S1GFloods\A\image_146.png,c:\Users\HP\OneDrive\Desktop\Flood_AI_Dataset\05_S1GFloods\B\image_146.png,c:\Users\HP\OneDrive\Desktop\Flood_AI_Dataset\05_S1GFloods\Label\image_146.png,27.7664,2
image_958.png,c:\Users\HP\OneDrive\Desktop\Flood_AI_Dataset\05_S1GFloods\A\image_958.png,c:\Users\HP\OneDrive\Desktop\Flood_AI_Dataset\05_S1GFloods\B\image_958.png,c:\Users\HP\OneDrive\Desktop\Flood_AI_Dataset\05_S1GFloods\Label\image_958.png,46.1349,2
image_435.png,c:\Users\HP\OneDrive\Desktop\Flood_AI_Dataset\05_S1GFloods\A\image_435.png,c:\Users\HP\OneDrive\Desktop\Flood_AI_Dataset\05_S1GFloods\B\image_435.png,c:\Users\HP\OneDrive\Desktop\Flood_AI_Dataset\05_S1GFloods\Label\image_435.png,18.2953,2
image_1267.png,c:\Users\HP\OneDrive\Desktop\Flood_AI_Dataset\05_S1GFloods\A\image_1267.png,c:\Users\HP\OneDrive\Desktop\Flood_AI_Dataset\05_S1GFloods\B\image_1267.png,c:\Users\HP\OneDrive\Desktop\Flood_AI_Dataset\05_S1GFloods\Label\image_1267.png,13.6215,2
image_504.png,c:\Users\HP\OneDrive\Desktop\Flood_AI_Dataset\05_S1GFloods\A\image_504.png,c:\Users\HP\OneDrive\Desktop\Flood_AI_Dataset\05_S1GFloods\B\image_504.png,c:\Users\HP\OneDrive\Desktop\Flood_AI_Dataset\05_S1GFloods\Label\image_504.png,26.4374,2
image_3895.png,c:\Users\HP\OneDrive\Desktop\Flood_AI_Dataset\05_S1GFloods\A\image_3895.png,c:\Users\HP\OneDrive\Desktop\Flood_AI_Dataset\05_S1GFloods\B\image_3895.png,c:\Users\HP\OneDrive\Desktop\Flood_AI_Dataset\05_S1GFloods\Label\image_3895.png,35.1837,2
image_1243.png,c:\Users\HP\OneDrive\Desktop\Flood_AI_Dataset\05_S1GFloods\A\image_1243.png,c:\Users\HP\OneDrive\Desktop\Flood_AI_Dataset\05_S1GFloods\B\image_1243.png,c:\Users\HP\OneDrive\Desktop\Flood_AI_Dataset\05_S1GFloods\Label\image_1243.png,8.2321,1
image_3580.png,c:\Users\HP\OneDrive\Desktop\Flood_AI_Dataset\05_S1GFloods\A\image_3580.png,c:\Users\HP\OneDrive\Desktop\Flood_AI_Dataset\05_S1GFloods\B\image_3580.png,c:\Users\HP\OneDrive\Desktop\Flood_AI_Dataset\05_S1GFloods\Label\image_3580.png,10.6659,2
image_622.png,c:\Users\HP\OneDrive\Desktop\Flood_AI_Dataset\05_S1GFloods\A\image_622.png,c:\Users\HP\OneDrive\Desktop\Flood_AI_Dataset\05_S1GFloods\B\image_622.png,c:\Users\HP\OneDrive\Desktop\Flood_AI_Dataset\05_S1GFloods\Label\image_622.png,5.1926,1
image_1120.png,c:\Users\HP\OneDrive\Desktop\Flood_AI_Dataset\05_S1GFloods\A\image_1120.png,c:\Users\HP\OneDrive\Desktop\Flood_AI_Dataset\05_S1GFloods\B\image_1120.png,c:\Users\HP\OneDrive\Desktop\Flood_AI_Dataset\05_S1GFloods\Label\image_1120.png,90.3229,2
image_541.png,c:\Users\HP\OneDrive\Desktop\Flood_AI_Dataset\05_S1GFloods\A\image_541.png,c:\Users\HP\OneDrive\Desktop\Flood_AI_Dataset\05_S1GFloods\B\image_541.png,c:\Users\HP\OneDrive\Desktop\Flood_AI_Dataset\05_S1GFloods\Label\image_541.png,80.0537,2
image_1640.png,c:\Users\HP\OneDrive\Desktop\Flood_AI_Dataset\05_S1GFloods\A\image_1640.png,c:\Users\HP\OneDrive\Desktop\Flood_AI_Dataset\05_S1GFloods\B\image_1640.png,c:\Users\HP\OneDrive\Desktop\Flood_AI_Dataset\05_S1GFloods\Label\image_1640.png,8.3649,1
image_1976.png,c:\Users\HP\OneDrive\Desktop\Flood_AI_Dataset\05_S1GFloods\A\image_1976.png,c:\Users\HP\OneDrive\Desktop\Flood_AI_Dataset\05_S1GFloods\B\image_1976.png,c:\Users\HP\OneDrive\Desktop\Flood_AI_Dataset\05_S1GFloods\Label\image_1976.png,32.5333,2
image_1821.png,c:\Users\HP\OneDrive\Desktop\Flood_AI_Dataset\05_S1GFloods\A\image_1821.png,c:\Users\HP\OneDrive\Desktop\Flood_AI_Dataset\05_S1GFloods\B\image_1821.png,c:\Users\HP\OneDrive\Desktop\Flood_AI_Dataset\05_S1GFloods\Label\image_1821.png,6.9885,1
image_26.png,c:\Users\HP\OneDrive\Desktop\Flood_AI_Dataset\05_S1GFloods\A\image_26.png,c:\Users\HP\OneDrive\Desktop\Flood_AI_Dataset\05_S1GFloods\B\image_26.png,c:\Users\HP\OneDrive\Desktop\Flood_AI_Dataset\05_S1GFloods\Label\image_26.png,71.1121,2
image_4652.png,c:\Users\HP\OneDrive\Desktop\Flood_AI_Dataset\05_S1GFloods\A\image_4652.png,c:\Users\HP\OneDrive\Desktop\Flood_AI_Dataset\05_S1GFloods\B\image_4652.png,c:\Users\HP\OneDrive\Desktop\Flood_AI_Dataset\05_S1GFloods\Label\image_4652.png,19.78,2
image_819.png,c:\Users\HP\OneDrive\Desktop\Flood_AI_Dataset\05_S1GFloods\A\image_819.png,c:\Users\HP\OneDrive\Desktop\Flood_AI_Dataset\05_S1GFloods\B\image_819.png,c:\Users\HP\OneDrive\Desktop\Flood_AI_Dataset\05_S1GFloods\Label\image_819.png,12.9639,2
image_5250.png,c:\Users\HP\OneDrive\Desktop\Flood_AI_Dataset\05_S1GFloods\A\image_5250.png,c:\Users\HP\OneDrive\Desktop\Flood_AI_Dataset\05_S1GFloods\B\image_5250.png,c:\Users\HP\OneDrive\Desktop\Flood_AI_Dataset\05_S1GFloods\Label\image_5250.png,17.3538,2
image_1134.png,c:\Users\HP\OneDrive\Desktop\Flood_AI_Dataset\05_S1GFloods\A\image_1134.png,c:\Users\HP\OneDrive\Desktop\Flood_AI_Dataset\05_S1GFloods\B\image_1134.png,c:\Users\HP\OneDrive\Desktop\Flood_AI_Dataset\05_S1GFloods\Label\image_1134.png,11.4868,2
image_4909.png,c:\Users\HP\OneDrive\Desktop\Flood_AI_Dataset\05_S1GFloods\A\image_4909.png,c:\Users\HP\OneDrive\Desktop\Flood_AI_Dataset\05_S1GFloods\B\image_4909.png,c:\Users\HP\OneDrive\Desktop\Flood_AI_Dataset\05_S1GFloods\Label\image_4909.png,9.0103,1
image_1481.png,c:\Users\HP\OneDrive\Desktop\Flood_AI_Dataset\05_S1GFloods\A\image_1481.png,c:\Users\HP\OneDrive\Desktop\Flood_AI_Dataset\05_S1GFloods\B\image_1481.png,c:\Users\HP\OneDrive\Desktop\Flood_AI_Dataset\05_S1GFloods\Label\image_1481.png,7.9391,1
image_1390.png,c:\Users\HP\OneDrive\Desktop\Flood_AI_Dataset\05_S1GFloods\A\image_1390.png,c:\Users\HP\OneDrive\Desktop\Flood_AI_Dataset\05_S1GFloods\B\image_1390.png,c:\Users\HP\OneDrive\Desktop\Flood_AI_Dataset\05_S1GFloods\Label\image_1390.png,7.2296,1
image_1770.png,c:\Users\HP\OneDrive\Desktop\Flood_AI_Dataset\05_S1GFloods\A\image_1770.png,c:\Users\HP\OneDrive\Desktop\Flood_AI_Dataset\05_S1GFloods\B\image_1770.png,c:\Users\HP\OneDrive\Desktop\Flood_AI_Dataset\05_S1GFloods\Label\image_1770.png,10.2631,2
image_3165.png,c:\Users\HP\OneDrive\Desktop\Flood_AI_Dataset\05_S1GFloods\A\image_3165.png,c:\Users\HP\OneDrive\Desktop\Flood_AI_Dataset\05_S1GFloods\B\image_3165.png,c:\Users\HP\OneDrive\Desktop\Flood_AI_Dataset\05_S1GFloods\Label\image_3165.png,8.3282,1
image_4453.png,c:\Users\HP\OneDrive\Desktop\Flood_AI_Dataset\05_S1GFloods\A\image_4453.png,c:\Users\HP\OneDrive\Desktop\Flood_AI_Dataset\05_S1GFloods\B\image_4453.png,c:\Users\HP\OneDrive\Desktop\Flood_AI_Dataset\05_S1GFloods\Label\image_4453.png,56.926,2
image_4512.png,c:\Users\HP\OneDrive\Desktop\Flood_AI_Dataset\05_S1GFloods\A\image_4512.png,c:\Users\HP\OneDrive\Desktop\Flood_AI_Dataset\05_S1GFloods\B\image_4512.png,c:\Users\HP\OneDrive\Desktop\Flood_AI_Dataset\05_S1GFloods\Label\image_4512.png,5.0247,1
image_314.png,c:\Users\HP\OneDrive\Desktop\Flood_AI_Dataset\05_S1GFloods\A\image_314.png,c:\Users\HP\OneDrive\Desktop\Flood_AI_Dataset\05_S1GFloods\B\image_314.png,c:\Users\HP\OneDrive\Desktop\Flood_AI_Dataset\05_S1GFloods\Label\image_314.png,16.3788,2
image_3532.png,c:\Users\HP\OneDrive\Desktop\Flood_AI_Dataset\05_S1GFloods\A\image_3532.png,c:\Users\HP\OneDrive\Desktop\Flood_AI_Dataset\05_S1GFloods\B\image_3532.png,c:\Users\HP\OneDrive\Desktop\Flood_AI_Dataset\05_S1GFloods\Label\image_3532.png,9.5276,1
image_3351.png,c:\Users\HP\OneDrive\Desktop\Flood_AI_Dataset\05_S1GFloods\A\image_3351.png,c:\Users\HP\OneDrive\Desktop\Flood_AI_Dataset\05_S1GFloods\B\image_3351.png,c:\Users\HP\OneDrive\Desktop\Flood_AI_Dataset\05_S1GFloods\Label\image_3351.png,35.7452,2
image_1736.png,c:\Users\HP\OneDrive\Desktop\Flood_AI_Dataset\05_S1GFloods\A\image_1736.png,c:\Users\HP\OneDrive\Desktop\Flood_AI_Dataset\05_S1GFloods\B\image_1736.png,c:\Users\HP\OneDrive\Desktop\Flood_AI_Dataset\05_S1GFloods\Label\image_1736.png,41.4169,2
image_3974.png,c:\Users\HP\OneDrive\Desktop\Flood_AI_Dataset\05_S1GFloods\A\image_3974.png,c:\Users\HP\OneDrive\Desktop\Flood_AI_Dataset\05_S1GFloods\B\image_3974.png,c:\Users\HP\OneDrive\Desktop\Flood_AI_Dataset\05_S1GFloods\Label\image_3974.png,26.0681,2
image_4661.png,c:\Users\HP\OneDrive\Desktop\Flood_AI_Dataset\05_S1GFloods\A\image_4661.png,c:\Users\HP\OneDrive\Desktop\Flood_AI_Dataset\05_S1GFloods\B\image_4661.png,c:\Users\HP\OneDrive\Desktop\Flood_AI_Dataset\05_S1GFloods\Label\image_4661.png,13.5986,2
image_2987.png,c:\Users\HP\OneDrive\Desktop\Flood_AI_Dataset\05_S1GFloods\A\image_2987.png,c:\Users\HP\OneDrive\Desktop\Flood_AI_Dataset\05_S1GFloods\B\image_2987.png,c:\Users\HP\OneDrive\Desktop\Flood_AI_Dataset\05_S1GFloods\Label\image_2987.png,46.1838,2
image_869.png,c:\Users\HP\OneDrive\Desktop\Flood_AI_Dataset\05_S1GFloods\A\image_869.png,c:\Users\HP\OneDrive\Desktop\Flood_AI_Dataset\05_S1GFloods\B\image_869.png,c:\Users\HP\OneDrive\Desktop\Flood_AI_Dataset\05_S1GFloods\Label\image_869.png,7.9803,1
image_1593.png,c:\Users\HP\OneDrive\Desktop\Flood_AI_Dataset\05_S1GFloods\A\image_1593.png,c:\Users\HP\OneDrive\Desktop\Flood_AI_Dataset\05_S1GFloods\B\image_1593.png,c:\Users\HP\OneDrive\Desktop\Flood_AI_Dataset\05_S1GFloods\Label\image_1593.png,11.3281,2
image_1408.png,c:\Users\HP\OneDrive\Desktop\Flood_AI_Dataset\05_S1GFloods\A\image_1408.png,c:\Users\HP\OneDrive\Desktop\Flood_AI_Dataset\05_S1GFloods\B\image_1408.png,c:\Users\HP\OneDrive\Desktop\Flood_AI_Dataset\05_S1GFloods\Label\image_1408.png,12.9593,2
image_759.png,c:\Users\HP\OneDrive\Desktop\Flood_AI_Dataset\05_S1GFloods\A\image_759.png,c:\Users\HP\OneDrive\Desktop\Flood_AI_Dataset\05_S1GFloods\B\image_759.png,c:\Users\HP\OneDrive\Desktop\Flood_AI_Dataset\05_S1GFloods\Label\image_759.png,6.2408,1
image_2373.png,c:\Users\HP\OneDrive\Desktop\Flood_AI_Dataset\05_S1GFloods\A\image_2373.png,c:\Users\HP\OneDrive\Desktop\Flood_AI_Dataset\05_S1GFloods\B\image_2373.png,c:\Users\HP\OneDrive\Desktop\Flood_AI_Dataset\05_S1GFloods\Label\image_2373.png,12.5961,2
image_3993.png,c:\Users\HP\OneDrive\Desktop\Flood_AI_Dataset\05_S1GFloods\A\image_3993.png,c:\Users\HP\OneDrive\Desktop\Flood_AI_Dataset\05_S1GFloods\B\image_3993.png,c:\Users\HP\OneDrive\Desktop\Flood_AI_Dataset\05_S1GFloods\Label\image_3993.png,5.7861,1
image_3814.png,c:\Users\HP\OneDrive\Desktop\Flood_AI_Dataset\05_S1GFloods\A\image_3814.png,c:\Users\HP\OneDrive\Desktop\Flood_AI_Dataset\05_S1GFloods\B\image_3814.png,c:\Users\HP\OneDrive\Desktop\Flood_AI_Dataset\05_S1GFloods\Label\image_3814.png,8.7006,1
image_4796.png,c:\Users\HP\OneDrive\Desktop\Flood_AI_Dataset\05_S1GFloods\A\image_4796.png,c:\Users\HP\OneDrive\Desktop\Flood_AI_Dataset\05_S1GFloods\B\image_4796.png,c:\Users\HP\OneDrive\Desktop\Flood_AI_Dataset\05_S1GFloods\Label\image_4796.png,13.2355,2
image_4859.png,c:\Users\HP\OneDrive\Desktop\Flood_AI_Dataset\05_S1GFloods\A\image_4859.png,c:\Users\HP\OneDrive\Desktop\Flood_AI_Dataset\05_S1GFloods\B\image_4859.png,c:\Users\HP\OneDrive\Desktop\Flood_AI_Dataset\05_S1GFloods\Label\image_4859.png,34.6039,2
image_5050.png,c:\Users\HP\OneDrive\Desktop\Flood_AI_Dataset\05_S1GFloods\A\image_5050.png,c:\Users\HP\OneDrive\Desktop\Flood_AI_Dataset\05_S1GFloods\B\image_5050.png,c:\Users\HP\OneDrive\Desktop\Flood_AI_Dataset\05_S1GFloods\Label\image_5050.png,49.678,2
image_2262.png,c:\Users\HP\OneDrive\Desktop\Flood_AI_Dataset\05_S1GFloods\A\image_2262.png,c:\Users\HP\OneDrive\Desktop\Flood_AI_Dataset\05_S1GFloods\B\image_2262.png,c:\Users\HP\OneDrive\Desktop\Flood_AI_Dataset\05_S1GFloods\Label\image_2262.png,9.6405,1
image_4380.png,c:\Users\HP\OneDrive\Desktop\Flood_AI_Dataset\05_S1GFloods\A\image_4380.png,c:\Users\HP\OneDrive\Desktop\Flood_AI_Dataset\05_S1GFloods\B\image_4380.png,c:\Users\HP\OneDrive\Desktop\Flood_AI_Dataset\05_S1GFloods\Label\image_4380.png,42.2226,2
image_3823.png,c:\Users\HP\OneDrive\Desktop\Flood_AI_Dataset\05_S1GFloods\A\image_3823.png,c:\Users\HP\OneDrive\Desktop\Flood_AI_Dataset\05_S1GFloods\B\image_3823.png,c:\Users\HP\OneDrive\Desktop\Flood_AI_Dataset\05_S1GFloods\Label\image_3823.png,93.4357,2
image_78.png,c:\Users\HP\OneDrive\Desktop\Flood_AI_Dataset\05_S1GFloods\A\image_78.png,c:\Users\HP\OneDrive\Desktop\Flood_AI_Dataset\05_S1GFloods\B\image_78.png,c:\Users\HP\OneDrive\Desktop\Flood_AI_Dataset\05_S1GFloods\Label\image_78.png,79.4815,2
image_1433.png,c:\Users\HP\OneDrive\Desktop\Flood_AI_Dataset\05_S1GFloods\A\image_1433.png,c:\Users\HP\OneDrive\Desktop\Flood_AI_Dataset\05_S1GFloods\B\image_1433.png,c:\Users\HP\OneDrive\Desktop\Flood_AI_Dataset\05_S1GFloods\Label\image_1433.png,33.8898,2
image_255.png,c:\Users\HP\OneDrive\Desktop\Flood_AI_Dataset\05_S1GFloods\A\image_255.png,c:\Users\HP\OneDrive\Desktop\Flood_AI_Dataset\05_S1GFloods\B\image_255.png,c:\Users\HP\OneDrive\Desktop\Flood_AI_Dataset\05_S1GFloods\Label\image_255.png,83.4686,2
image_572.png,c:\Users\HP\OneDrive\Desktop\Flood_AI_Dataset\05_S1GFloods\A\image_572.png,c:\Users\HP\OneDrive\Desktop\Flood_AI_Dataset\05_S1GFloods\B\image_572.png,c:\Users\HP\OneDrive\Desktop\Flood_AI_Dataset\05_S1GFloods\Label\image_572.png,95.8694,2
image_4858.png,c:\Users\HP\OneDrive\Desktop\Flood_AI_Dataset\05_S1GFloods\A\image_4858.png,c:\Users\HP\OneDrive\Desktop\Flood_AI_Dataset\05_S1GFloods\B\image_4858.png,c:\Users\HP\OneDrive\Desktop\Flood_AI_Dataset\05_S1GFloods\Label\image_4858.png,11.5341,2
image_3128.png,c:\Users\HP\OneDrive\Desktop\Flood_AI_Dataset\05_S1GFloods\A\image_3128.png,c:\Users\HP\OneDrive\Desktop\Flood_AI_Dataset\05_S1GFloods\B\image_3128.png,c:\Users\HP\OneDrive\Desktop\Flood_AI_Dataset\05_S1GFloods\Label\image_3128.png,14.975,2
image_1721.png,c:\Users\HP\OneDrive\Desktop\Flood_AI_Dataset\05_S1GFloods\A\image_1721.png,c:\Users\HP\OneDrive\Desktop\Flood_AI_Dataset\05_S1GFloods\B\image_1721.png,c:\Users\HP\OneDrive\Desktop\Flood_AI_Dataset\05_S1GFloods\Label\image_1721.png,6.2958,1
image_2628.png,c:\Users\HP\OneDrive\Desktop\Flood_AI_Dataset\05_S1GFloods\A\image_2628.png,c:\Users\HP\OneDrive\Desktop\Flood_AI_Dataset\05_S1GFloods\B\image_2628.png,c:\Users\HP\OneDrive\Desktop\Flood_AI_Dataset\05_S1GFloods\Label\image_2628.png,60.9497,2
image_391.png,c:\Users\HP\OneDrive\Desktop\Flood_AI_Dataset\05_S1GFloods\A\image_391.png,c:\Users\HP\OneDrive\Desktop\Flood_AI_Dataset\05_S1GFloods\B\image_391.png,c:\Users\HP\OneDrive\Desktop\Flood_AI_Dataset\05_S1GFloods\Label\image_391.png,83.2504,2
image_2527.png,c:\Users\HP\OneDrive\Desktop\Flood_AI_Dataset\05_S1GFloods\A\image_2527.png,c:\Users\HP\OneDrive\Desktop\Flood_AI_Dataset\05_S1GFloods\B\image_2527.png,c:\Users\HP\OneDrive\Desktop\Flood_AI_Dataset\05_S1GFloods\Label\image_2527.png,78.8162,2
image_4018.png,c:\Users\HP\OneDrive\Desktop\Flood_AI_Dataset\05_S1GFloods\A\image_4018.png,c:\Users\HP\OneDrive\Desktop\Flood_AI_Dataset\05_S1GFloods\B\image_4018.png,c:\Users\HP\OneDrive\Desktop\Flood_AI_Dataset\05_S1GFloods\Label\image_4018.png,16.3269,2
image_87.png,c:\Users\HP\OneDrive\Desktop\Flood_AI_Dataset\05_S1GFloods\A\image_87.png,c:\Users\HP\OneDrive\Desktop\Flood_AI_Dataset\05_S1GFloods\B\image_87.png,c:\Users\HP\OneDrive\Desktop\Flood_AI_Dataset\05_S1GFloods\Label\image_87.png,26.1078,2
image_1894.png,c:\Users\HP\OneDrive\Desktop\Flood_AI_Dataset\05_S1GFloods\A\image_1894.png,c:\Users\HP\OneDrive\Desktop\Flood_AI_Dataset\05_S1GFloods\B\image_1894.png,c:\Users\HP\OneDrive\Desktop\Flood_AI_Dataset\05_S1GFloods\Label\image_1894.png,13.4995,2
image_729.png,c:\Users\HP\OneDrive\Desktop\Flood_AI_Dataset\05_S1GFloods\A\image_729.png,c:\Users\HP\OneDrive\Desktop\Flood_AI_Dataset\05_S1GFloods\B\image_729.png,c:\Users\HP\OneDrive\Desktop\Flood_AI_Dataset\05_S1GFloods\Label\image_729.png,54.538,2
image_2859.png,c:\Users\HP\OneDrive\Desktop\Flood_AI_Dataset\05_S1GFloods\A\image_2859.png,c:\Users\HP\OneDrive\Desktop\Flood_AI_Dataset\05_S1GFloods\B\image_2859.png,c:\Users\HP\OneDrive\Desktop\Flood_AI_Dataset\05_S1GFloods\Label\image_2859.png,39.4791,2
image_4351.png,c:\Users\HP\OneDrive\Desktop\Flood_AI_Dataset\05_S1GFloods\A\image_4351.png,c:\Users\HP\OneDrive\Desktop\Flood_AI_Dataset\05_S1GFloods\B\image_4351.png,c:\Users\HP\OneDrive\Desktop\Flood_AI_Dataset\05_S1GFloods\Label\image_4351.png,96.9391,2
image_811.png,c:\Users\HP\OneDrive\Desktop\Flood_AI_Dataset\05_S1GFloods\A\image_811.png,c:\Users\HP\OneDrive\Desktop\Flood_AI_Dataset\05_S1GFloods\B\image_811.png,c:\Users\HP\OneDrive\Desktop\Flood_AI_Dataset\05_S1GFloods\Label\image_811.png,87.6556,2
image_4402.png,c:\Users\HP\OneDrive\Desktop\Flood_AI_Dataset\05_S1GFloods\A\image_4402.png,c:\Users\HP\OneDrive\Desktop\Flood_AI_Dataset\05_S1GFloods\B\image_4402.png,c:\Users\HP\OneDrive\Desktop\Flood_AI_Dataset\05_S1GFloods\Label\image_4402.png,82.8232,2
image_2345.png,c:\Users\HP\OneDrive\Desktop\Flood_AI_Dataset\05_S1GFloods\A\image_2345.png,c:\Users\HP\OneDrive\Desktop\Flood_AI_Dataset\05_S1GFloods\B\image_2345.png,c:\Users\HP\OneDrive\Desktop\Flood_AI_Dataset\05_S1GFloods\Label\image_2345.png,61.8622,2
image_4879.png,c:\Users\HP\OneDrive\Desktop\Flood_AI_Dataset\05_S1GFloods\A\image_4879.png,c:\Users\HP\OneDrive\Desktop\Flood_AI_Dataset\05_S1GFloods\B\image_4879.png,c:\Users\HP\OneDrive\Desktop\Flood_AI_Dataset\05_S1GFloods\Label\image_4879.png,8.9157,1
image_2383.png,c:\Users\HP\OneDrive\Desktop\Flood_AI_Dataset\05_S1GFloods\A\image_2383.png,c:\Users\HP\OneDrive\Desktop\Flood_AI_Dataset\05_S1GFloods\B\image_2383.png,c:\Users\HP\OneDrive\Desktop\Flood_AI_Dataset\05_S1GFloods\Label\image_2383.png,17.0929,2
image_3990.png,c:\Users\HP\OneDrive\Desktop\Flood_AI_Dataset\05_S1GFloods\A\image_3990.png,c:\Users\HP\OneDrive\Desktop\Flood_AI_Dataset\05_S1GFloods\B\image_3990.png,c:\Users\HP\OneDrive\Desktop\Flood_AI_Dataset\05_S1GFloods\Label\image_3990.png,10.7315,2
image_3687.png,c:\Users\HP\OneDrive\Desktop\Flood_AI_Dataset\05_S1GFloods\A\image_3687.png,c:\Users\HP\OneDrive\Desktop\Flood_AI_Dataset\05_S1GFloods\B\image_3687.png,c:\Users\HP\OneDrive\Desktop\Flood_AI_Dataset\05_S1GFloods\Label\image_3687.png,14.592,2
image_1003.png,c:\Users\HP\OneDrive\Desktop\Flood_AI_Dataset\05_S1GFloods\A\image_1003.png,c:\Users\HP\OneDrive\Desktop\Flood_AI_Dataset\05_S1GFloods\B\image_1003.png,c:\Users\HP\OneDrive\Desktop\Flood_AI_Dataset\05_S1GFloods\Label\image_1003.png,38.7878,2
image_3203.png,c:\Users\HP\OneDrive\Desktop\Flood_AI_Dataset\05_S1GFloods\A\image_3203.png,c:\Users\HP\OneDrive\Desktop\Flood_AI_Dataset\05_S1GFloods\B\image_3203.png,c:\Users\HP\OneDrive\Desktop\Flood_AI_Dataset\05_S1GFloods\Label\image_3203.png,14.3066,2
image_3509.png,c:\Users\HP\OneDrive\Desktop\Flood_AI_Dataset\05_S1GFloods\A\image_3509.png,c:\Users\HP\OneDrive\Desktop\Flood_AI_Dataset\05_S1GFloods\B\image_3509.png,c:\Users\HP\OneDrive\Desktop\Flood_AI_Dataset\05_S1GFloods\Label\image_3509.png,91.1514,2
image_2066.png,c:\Users\HP\OneDrive\Desktop\Flood_AI_Dataset\05_S1GFloods\A\image_2066.png,c:\Users\HP\OneDrive\Desktop\Flood_AI_Dataset\05_S1GFloods\B\image_2066.png,c:\Users\HP\OneDrive\Desktop\Flood_AI_Dataset\05_S1GFloods\Label\image_2066.png,6.842,1
image_3655.png,c:\Users\HP\OneDrive\Desktop\Flood_AI_Dataset\05_S1GFloods\A\image_3655.png,c:\Users\HP\OneDrive\Desktop\Flood_AI_Dataset\05_S1GFloods\B\image_3655.png,c:\Users\HP\OneDrive\Desktop\Flood_AI_Dataset\05_S1GFloods\Label\image_3655.png,5.2536,1
image_1803.png,c:\Users\HP\OneDrive\Desktop\Flood_AI_Dataset\05_S1GFloods\A\image_1803.png,c:\Users\HP\OneDrive\Desktop\Flood_AI_Dataset\05_S1GFloods\B\image_1803.png,c:\Users\HP\OneDrive\Desktop\Flood_AI_Dataset\05_S1GFloods\Label\image_1803.png,5.7983,1
image_2534.png,c:\Users\HP\OneDrive\Desktop\Flood_AI_Dataset\05_S1GFloods\A\image_2534.png,c:\Users\HP\OneDrive\Desktop\Flood_AI_Dataset\05_S1GFloods\B\image_2534.png,c:\Users\HP\OneDrive\Desktop\Flood_AI_Dataset\05_S1GFloods\Label\image_2534.png,9.0958,1
image_315.png,c:\Users\HP\OneDrive\Desktop\Flood_AI_Dataset\05_S1GFloods\A\image_315.png,c:\Users\HP\OneDrive\Desktop\Flood_AI_Dataset\05_S1GFloods\B\image_315.png,c:\Users\HP\OneDrive\Desktop\Flood_AI_Dataset\05_S1GFloods\Label\image_315.png,18.9911,2
image_5208.png,c:\Users\HP\OneDrive\Desktop\Flood_AI_Dataset\05_S1GFloods\A\image_5208.png,c:\Users\HP\OneDrive\Desktop\Flood_AI_Dataset\05_S1GFloods\B\image_5208.png,c:\Users\HP\OneDrive\Desktop\Flood_AI_Dataset\05_S1GFloods\Label\image_5208.png,19.2032,2
image_2252.png,c:\Users\HP\OneDrive\Desktop\Flood_AI_Dataset\05_S1GFloods\A\image_2252.png,c:\Users\HP\OneDrive\Desktop\Flood_AI_Dataset\05_S1GFloods\B\image_2252.png,c:\Users\HP\OneDrive\Desktop\Flood_AI_Dataset\05_S1GFloods\Label\image_2252.png,50.6531,2
image_2783.png,c:\Users\HP\OneDrive\Desktop\Flood_AI_Dataset\05_S1GFloods\A\image_2783.png,c:\Users\HP\OneDrive\Desktop\Flood_AI_Dataset\05_S1GFloods\B\image_2783.png,c:\Users\HP\OneDrive\Desktop\Flood_AI_Dataset\05_S1GFloods\Label\image_2783.png,88.3728,2
image_1326.png,c:\Users\HP\OneDrive\Desktop\Flood_AI_Dataset\05_S1GFloods\A\image_1326.png,c:\Users\HP\OneDrive\Desktop\Flood_AI_Dataset\05_S1GFloods\B\image_1326.png,c:\Users\HP\OneDrive\Desktop\Flood_AI_Dataset\05_S1GFloods\Label\image_1326.png,88.7817,2
image_3160.png,c:\Users\HP\OneDrive\Desktop\Flood_AI_Dataset\05_S1GFloods\A\image_3160.png,c:\Users\HP\OneDrive\Desktop\Flood_AI_Dataset\05_S1GFloods\B\image_3160.png,c:\Users\HP\OneDrive\Desktop\Flood_AI_Dataset\05_S1GFloods\Label\image_3160.png,58.992,2
image_3856.png,c:\Users\HP\OneDrive\Desktop\Flood_AI_Dataset\05_S1GFloods\A\image_3856.png,c:\Users\HP\OneDrive\Desktop\Flood_AI_Dataset\05_S1GFloods\B\image_3856.png,c:\Users\HP\OneDrive\Desktop\Flood_AI_Dataset\05_S1GFloods\Label\image_3856.png,28.3539,2
image_4044.png,c:\Users\HP\OneDrive\Desktop\Flood_AI_Dataset\05_S1GFloods\A\image_4044.png,c:\Users\HP\OneDrive\Desktop\Flood_AI_Dataset\05_S1GFloods\B\image_4044.png,c:\Users\HP\OneDrive\Desktop\Flood_AI_Dataset\05_S1GFloods\Label\image_4044.png,25.5188,2
image_1233.png,c:\Users\HP\OneDrive\Desktop\Flood_AI_Dataset\05_S1GFloods\A\image_1233.png,c:\Users\HP\OneDrive\Desktop\Flood_AI_Dataset\05_S1GFloods\B\image_1233.png,c:\Users\HP\OneDrive\Desktop\Flood_AI_Dataset\05_S1GFloods\Label\image_1233.png,9.5016,1
image_2239.png,c:\Users\HP\OneDrive\Desktop\Flood_AI_Dataset\05_S1GFloods\A\image_2239.png,c:\Users\HP\OneDrive\Desktop\Flood_AI_Dataset\05_S1GFloods\B\image_2239.png,c:\Users\HP\OneDrive\Desktop\Flood_AI_Dataset\05_S1GFloods\Label\image_2239.png,5.3497,1
image_482.png,c:\Users\HP\OneDrive\Desktop\Flood_AI_Dataset\05_S1GFloods\A\image_482.png,c:\Users\HP\OneDrive\Desktop\Flood_AI_Dataset\05_S1GFloods\B\image_482.png,c:\Users\HP\OneDrive\Desktop\Flood_AI_Dataset\05_S1GFloods\Label\image_482.png,11.7294,2
image_1250.png,c:\Users\HP\OneDrive\Desktop\Flood_AI_Dataset\05_S1GFloods\A\image_1250.png,c:\Users\HP\OneDrive\Desktop\Flood_AI_Dataset\05_S1GFloods\B\image_1250.png,c:\Users\HP\OneDrive\Desktop\Flood_AI_Dataset\05_S1GFloods\Label\image_1250.png,53.8315,2
image_669.png,c:\Users\HP\OneDrive\Desktop\Flood_AI_Dataset\05_S1GFloods\A\image_669.png,c:\Users\HP\OneDrive\Desktop\Flood_AI_Dataset\05_S1GFloods\B\image_669.png,c:\Users\HP\OneDrive\Desktop\Flood_AI_Dataset\05_S1GFloods\Label\image_669.png,66.5939,2
image_2630.png,c:\Users\HP\OneDrive\Desktop\Flood_AI_Dataset\05_S1GFloods\A\image_2630.png,c:\Users\HP\OneDrive\Desktop\Flood_AI_Dataset\05_S1GFloods\B\image_2630.png,c:\Users\HP\OneDrive\Desktop\Flood_AI_Dataset\05_S1GFloods\Label\image_2630.png,24.6887,2
image_3991.png,c:\Users\HP\OneDrive\Desktop\Flood_AI_Dataset\05_S1GFloods\A\image_3991.png,c:\Users\HP\OneDrive\Desktop\Flood_AI_Dataset\05_S1GFloods\B\image_3991.png,c:\Users\HP\OneDrive\Desktop\Flood_AI_Dataset\05_S1GFloods\Label\image_3991.png,44.0521,2
image_3067.png,c:\Users\HP\OneDrive\Desktop\Flood_AI_Dataset\05_S1GFloods\A\image_3067.png,c:\Users\HP\OneDrive\Desktop\Flood_AI_Dataset\05_S1GFloods\B\image_3067.png,c:\Users\HP\OneDrive\Desktop\Flood_AI_Dataset\05_S1GFloods\Label\image_3067.png,32.0877,2
image_281.png,c:\Users\HP\OneDrive\Desktop\Flood_AI_Dataset\05_S1GFloods\A\image_281.png,c:\Users\HP\OneDrive\Desktop\Flood_AI_Dataset\05_S1GFloods\B\image_281.png,c:\Users\HP\OneDrive\Desktop\Flood_AI_Dataset\05_S1GFloods\Label\image_281.png,8.6227,1
image_4972.png,c:\Users\HP\OneDrive\Desktop\Flood_AI_Dataset\05_S1GFloods\A\image_4972.png,c:\Users\HP\OneDrive\Desktop\Flood_AI_Dataset\05_S1GFloods\B\image_4972.png,c:\Users\HP\OneDrive\Desktop\Flood_AI_Dataset\05_S1GFloods\Label\image_4972.png,15.5655,2
image_3383.png,c:\Users\HP\OneDrive\Desktop\Flood_AI_Dataset\05_S1GFloods\A\image_3383.png,c:\Users\HP\OneDrive\Desktop\Flood_AI_Dataset\05_S1GFloods\B\image_3383.png,c:\Users\HP\OneDrive\Desktop\Flood_AI_Dataset\05_S1GFloods\Label\image_3383.png,5.7632,1
image_2619.png,c:\Users\HP\OneDrive\Desktop\Flood_AI_Dataset\05_S1GFloods\A\image_2619.png,c:\Users\HP\OneDrive\Desktop\Flood_AI_Dataset\05_S1GFloods\B\image_2619.png,c:\Users\HP\OneDrive\Desktop\Flood_AI_Dataset\05_S1GFloods\Label\image_2619.png,38.7802,2
image_2399.png,c:\Users\HP\OneDrive\Desktop\Flood_AI_Dataset\05_S1GFloods\A\image_2399.png,c:\Users\HP\OneDrive\Desktop\Flood_AI_Dataset\05_S1GFloods\B\image_2399.png,c:\Users\HP\OneDrive\Desktop\Flood_AI_Dataset\05_S1GFloods\Label\image_2399.png,17.8085,2
image_3689.png,c:\Users\HP\OneDrive\Desktop\Flood_AI_Dataset\05_S1GFloods\A\image_3689.png,c:\Users\HP\OneDrive\Desktop\Flood_AI_Dataset\05_S1GFloods\B\image_3689.png,c:\Users\HP\OneDrive\Desktop\Flood_AI_Dataset\05_S1GFloods\Label\image_3689.png,28.9139,2
image_2588.png,c:\Users\HP\OneDrive\Desktop\Flood_AI_Dataset\05_S1GFloods\A\image_2588.png,c:\Users\HP\OneDrive\Desktop\Flood_AI_Dataset\05_S1GFloods\B\image_2588.png,c:\Users\HP\OneDrive\Desktop\Flood_AI_Dataset\05_S1GFloods\Label\image_2588.png,66.7725,2
image_5267.png,c:\Users\HP\OneDrive\Desktop\Flood_AI_Dataset\05_S1GFloods\A\image_5267.png,c:\Users\HP\OneDrive\Desktop\Flood_AI_Dataset\05_S1GFloods\B\image_5267.png,c:\Users\HP\OneDrive\Desktop\Flood_AI_Dataset\05_S1GFloods\Label\image_5267.png,31.044,2
image_3129.png,c:\Users\HP\OneDrive\Desktop\Flood_AI_Dataset\05_S1GFloods\A\image_3129.png,c:\Users\HP\OneDrive\Desktop\Flood_AI_Dataset\05_S1GFloods\B\image_3129.png,c:\Users\HP\OneDrive\Desktop\Flood_AI_Dataset\05_S1GFloods\Label\image_3129.png,9.9915,1
image_4016.png,c:\Users\HP\OneDrive\Desktop\Flood_AI_Dataset\05_S1GFloods\A\image_4016.png,c:\Users\HP\OneDrive\Desktop\Flood_AI_Dataset\05_S1GFloods\B\image_4016.png,c:\Users\HP\OneDrive\Desktop\Flood_AI_Dataset\05_S1GFloods\Label\image_4016.png,57.6294,2
image_156.png,c:\Users\HP\OneDrive\Desktop\Flood_AI_Dataset\05_S1GFloods\A\image_156.png,c:\Users\HP\OneDrive\Desktop\Flood_AI_Dataset\05_S1GFloods\B\image_156.png,c:\Users\HP\OneDrive\Desktop\Flood_AI_Dataset\05_S1GFloods\Label\image_156.png,14.1708,2
image_557.png,c:\Users\HP\OneDrive\Desktop\Flood_AI_Dataset\05_S1GFloods\A\image_557.png,c:\Users\HP\OneDrive\Desktop\Flood_AI_Dataset\05_S1GFloods\B\image_557.png,c:\Users\HP\OneDrive\Desktop\Flood_AI_Dataset\05_S1GFloods\Label\image_557.png,5.1971,1
image_2397.png,c:\Users\HP\OneDrive\Desktop\Flood_AI_Dataset\05_S1GFloods\A\image_2397.png,c:\Users\HP\OneDrive\Desktop\Flood_AI_Dataset\05_S1GFloods\B\image_2397.png,c:\Users\HP\OneDrive\Desktop\Flood_AI_Dataset\05_S1GFloods\Label\image_2397.png,7.3349,1
image_4986.png,c:\Users\HP\OneDrive\Desktop\Flood_AI_Dataset\05_S1GFloods\A\image_4986.png,c:\Users\HP\OneDrive\Desktop\Flood_AI_Dataset\05_S1GFloods\B\image_4986.png,c:\Users\HP\OneDrive\Desktop\Flood_AI_Dataset\05_S1GFloods\Label\image_4986.png,30.2246,2
image_4466.png,c:\Users\HP\OneDrive\Desktop\Flood_AI_Dataset\05_S1GFloods\A\image_4466.png,c:\Users\HP\OneDrive\Desktop\Flood_AI_Dataset\05_S1GFloods\B\image_4466.png,c:\Users\HP\OneDrive\Desktop\Flood_AI_Dataset\05_S1GFloods\Label\image_4466.png,43.1244,2
image_3299.png,c:\Users\HP\OneDrive\Desktop\Flood_AI_Dataset\05_S1GFloods\A\image_3299.png,c:\Users\HP\OneDrive\Desktop\Flood_AI_Dataset\05_S1GFloods\B\image_3299.png,c:\Users\HP\OneDrive\Desktop\Flood_AI_Dataset\05_S1GFloods\Label\image_3299.png,5.4306,1
image_4098.png,c:\Users\HP\OneDrive\Desktop\Flood_AI_Dataset\05_S1GFloods\A\image_4098.png,c:\Users\HP\OneDrive\Desktop\Flood_AI_Dataset\05_S1GFloods\B\image_4098.png,c:\Users\HP\OneDrive\Desktop\Flood_AI_Dataset\05_S1GFloods\Label\image_4098.png,5.3787,1
image_2517.png,c:\Users\HP\OneDrive\Desktop\Flood_AI_Dataset\05_S1GFloods\A\image_2517.png,c:\Users\HP\OneDrive\Desktop\Flood_AI_Dataset\05_S1GFloods\B\image_2517.png,c:\Users\HP\OneDrive\Desktop\Flood_AI_Dataset\05_S1GFloods\Label\image_2517.png,11.3129,2
image_768.png,c:\Users\HP\OneDrive\Desktop\Flood_AI_Dataset\05_S1GFloods\A\image_768.png,c:\Users\HP\OneDrive\Desktop\Flood_AI_Dataset\05_S1GFloods\B\image_768.png,c:\Users\HP\OneDrive\Desktop\Flood_AI_Dataset\05_S1GFloods\Label\image_768.png,19.2642,2
image_2898.png,c:\Users\HP\OneDrive\Desktop\Flood_AI_Dataset\05_S1GFloods\A\image_2898.png,c:\Users\HP\OneDrive\Desktop\Flood_AI_Dataset\05_S1GFloods\B\image_2898.png,c:\Users\HP\OneDrive\Desktop\Flood_AI_Dataset\05_S1GFloods\Label\image_2898.png,25.2213,2
image_4762.png,c:\Users\HP\OneDrive\Desktop\Flood_AI_Dataset\05_S1GFloods\A\image_4762.png,c:\Users\HP\OneDrive\Desktop\Flood_AI_Dataset\05_S1GFloods\B\image_4762.png,c:\Users\HP\OneDrive\Desktop\Flood_AI_Dataset\05_S1GFloods\Label\image_4762.png,10.968,2
image_5291.png,c:\Users\HP\OneDrive\Desktop\Flood_AI_Dataset\05_S1GFloods\A\image_5291.png,c:\Users\HP\OneDrive\Desktop\Flood_AI_Dataset\05_S1GFloods\B\image_5291.png,c:\Users\HP\OneDrive\Desktop\Flood_AI_Dataset\05_S1GFloods\Label\image_5291.png,16.4383,2
image_1424.png,c:\Users\HP\OneDrive\Desktop\Flood_AI_Dataset\05_S1GFloods\A\image_1424.png,c:\Users\HP\OneDrive\Desktop\Flood_AI_Dataset\05_S1GFloods\B\image_1424.png,c:\Users\HP\OneDrive\Desktop\Flood_AI_Dataset\05_S1GFloods\Label\image_1424.png,49.144,2
image_4265.png,c:\Users\HP\OneDrive\Desktop\Flood_AI_Dataset\05_S1GFloods\A\image_4265.png,c:\Users\HP\OneDrive\Desktop\Flood_AI_Dataset\05_S1GFloods\B\image_4265.png,c:\Users\HP\OneDrive\Desktop\Flood_AI_Dataset\05_S1GFloods\Label\image_4265.png,23.4085,2
image_826.png,c:\Users\HP\OneDrive\Desktop\Flood_AI_Dataset\05_S1GFloods\A\image_826.png,c:\Users\HP\OneDrive\Desktop\Flood_AI_Dataset\05_S1GFloods\B\image_826.png,c:\Users\HP\OneDrive\Desktop\Flood_AI_Dataset\05_S1GFloods\Label\image_826.png,59.8618,2
image_972.png,c:\Users\HP\OneDrive\Desktop\Flood_AI_Dataset\05_S1GFloods\A\image_972.png,c:\Users\HP\OneDrive\Desktop\Flood_AI_Dataset\05_S1GFloods\B\image_972.png,c:\Users\HP\OneDrive\Desktop\Flood_AI_Dataset\05_S1GFloods\Label\image_972.png,22.2168,2
image_1871.png,c:\Users\HP\OneDrive\Desktop\Flood_AI_Dataset\05_S1GFloods\A\image_1871.png,c:\Users\HP\OneDrive\Desktop\Flood_AI_Dataset\05_S1GFloods\B\image_1871.png,c:\Users\HP\OneDrive\Desktop\Flood_AI_Dataset\05_S1GFloods\Label\image_1871.png,10.2295,2
image_39.png,c:\Users\HP\OneDrive\Desktop\Flood_AI_Dataset\05_S1GFloods\A\image_39.png,c:\Users\HP\OneDrive\Desktop\Flood_AI_Dataset\05_S1GFloods\B\image_39.png,c:\Users\HP\OneDrive\Desktop\Flood_AI_Dataset\05_S1GFloods\Label\image_39.png,83.8562,2
image_4451.png,c:\Users\HP\OneDrive\Desktop\Flood_AI_Dataset\05_S1GFloods\A\image_4451.png,c:\Users\HP\OneDrive\Desktop\Flood_AI_Dataset\05_S1GFloods\B\image_4451.png,c:\Users\HP\OneDrive\Desktop\Flood_AI_Dataset\05_S1GFloods\Label\image_4451.png,93.4738,2
image_96.png,c:\Users\HP\OneDrive\Desktop\Flood_AI_Dataset\05_S1GFloods\A\image_96.png,c:\Users\HP\OneDrive\Desktop\Flood_AI_Dataset\05_S1GFloods\B\image_96.png,c:\Users\HP\OneDrive\Desktop\Flood_AI_Dataset\05_S1GFloods\Label\image_96.png,18.6462,2
image_3565.png,c:\Users\HP\OneDrive\Desktop\Flood_AI_Dataset\05_S1GFloods\A\image_3565.png,c:\Users\HP\OneDrive\Desktop\Flood_AI_Dataset\05_S1GFloods\B\image_3565.png,c:\Users\HP\OneDrive\Desktop\Flood_AI_Dataset\05_S1GFloods\Label\image_3565.png,79.8416,2
image_2053.png,c:\Users\HP\OneDrive\Desktop\Flood_AI_Dataset\05_S1GFloods\A\image_2053.png,c:\Users\HP\OneDrive\Desktop\Flood_AI_Dataset\05_S1GFloods\B\image_2053.png,c:\Users\HP\OneDrive\Desktop\Flood_AI_Dataset\05_S1GFloods\Label\image_2053.png,5.2063,1
image_5343.png,c:\Users\HP\OneDrive\Desktop\Flood_AI_Dataset\05_S1GFloods\A\image_5343.png,c:\Users\HP\OneDrive\Desktop\Flood_AI_Dataset\05_S1GFloods\B\image_5343.png,c:\Users\HP\OneDrive\Desktop\Flood_AI_Dataset\05_S1GFloods\Label\image_5343.png,26.0406,2
image_295.png,c:\Users\HP\OneDrive\Desktop\Flood_AI_Dataset\05_S1GFloods\A\image_295.png,c:\Users\HP\OneDrive\Desktop\Flood_AI_Dataset\05_S1GFloods\B\image_295.png,c:\Users\HP\OneDrive\Desktop\Flood_AI_Dataset\05_S1GFloods\Label\image_295.png,61.7081,2
image_1818.png,c:\Users\HP\OneDrive\Desktop\Flood_AI_Dataset\05_S1GFloods\A\image_1818.png,c:\Users\HP\OneDrive\Desktop\Flood_AI_Dataset\05_S1GFloods\B\image_1818.png,c:\Users\HP\OneDrive\Desktop\Flood_AI_Dataset\05_S1GFloods\Label\image_1818.png,6.7352,1
image_3529.png,c:\Users\HP\OneDrive\Desktop\Flood_AI_Dataset\05_S1GFloods\A\image_3529.png,c:\Users\HP\OneDrive\Desktop\Flood_AI_Dataset\05_S1GFloods\B\image_3529.png,c:\Users\HP\OneDrive\Desktop\Flood_AI_Dataset\05_S1GFloods\Label\image_3529.png,31.8512,2
image_1307.png,c:\Users\HP\OneDrive\Desktop\Flood_AI_Dataset\05_S1GFloods\A\image_1307.png,c:\Users\HP\OneDrive\Desktop\Flood_AI_Dataset\05_S1GFloods\B\image_1307.png,c:\Users\HP\OneDrive\Desktop\Flood_AI_Dataset\05_S1GFloods\Label\image_1307.png,49.9161,2
image_212.png,c:\Users\HP\OneDrive\Desktop\Flood_AI_Dataset\05_S1GFloods\A\image_212.png,c:\Users\HP\OneDrive\Desktop\Flood_AI_Dataset\05_S1GFloods\B\image_212.png,c:\Users\HP\OneDrive\Desktop\Flood_AI_Dataset\05_S1GFloods\Label\image_212.png,18.2602,2
image_3548.png,c:\Users\HP\OneDrive\Desktop\Flood_AI_Dataset\05_S1GFloods\A\image_3548.png,c:\Users\HP\OneDrive\Desktop\Flood_AI_Dataset\05_S1GFloods\B\image_3548.png,c:\Users\HP\OneDrive\Desktop\Flood_AI_Dataset\05_S1GFloods\Label\image_3548.png,17.6376,2
image_5283.png,c:\Users\HP\OneDrive\Desktop\Flood_AI_Dataset\05_S1GFloods\A\image_5283.png,c:\Users\HP\OneDrive\Desktop\Flood_AI_Dataset\05_S1GFloods\B\image_5283.png,c:\Users\HP\OneDrive\Desktop\Flood_AI_Dataset\05_S1GFloods\Label\image_5283.png,30.6,2
image_5116.png,c:\Users\HP\OneDrive\Desktop\Flood_AI_Dataset\05_S1GFloods\A\image_5116.png,c:\Users\HP\OneDrive\Desktop\Flood_AI_Dataset\05_S1GFloods\B\image_5116.png,c:\Users\HP\OneDrive\Desktop\Flood_AI_Dataset\05_S1GFloods\Label\image_5116.png,6.9824,1
image_1020.png,c:\Users\HP\OneDrive\Desktop\Flood_AI_Dataset\05_S1GFloods\A\image_1020.png,c:\Users\HP\OneDrive\Desktop\Flood_AI_Dataset\05_S1GFloods\B\image_1020.png,c:\Users\HP\OneDrive\Desktop\Flood_AI_Dataset\05_S1GFloods\Label\image_1020.png,22.5662,2
image_4428.png,c:\Users\HP\OneDrive\Desktop\Flood_AI_Dataset\05_S1GFloods\A\image_4428.png,c:\Users\HP\OneDrive\Desktop\Flood_AI_Dataset\05_S1GFloods\B\image_4428.png,c:\Users\HP\OneDrive\Desktop\Flood_AI_Dataset\05_S1GFloods\Label\image_4428.png,9.5474,1
image_1991.png,c:\Users\HP\OneDrive\Desktop\Flood_AI_Dataset\05_S1GFloods\A\image_1991.png,c:\Users\HP\OneDrive\Desktop\Flood_AI_Dataset\05_S1GFloods\B\image_1991.png,c:\Users\HP\OneDrive\Desktop\Flood_AI_Dataset\05_S1GFloods\Label\image_1991.png,10.1883,2
image_3787.png,c:\Users\HP\OneDrive\Desktop\Flood_AI_Dataset\05_S1GFloods\A\image_3787.png,c:\Users\HP\OneDrive\Desktop\Flood_AI_Dataset\05_S1GFloods\B\image_3787.png,c:\Users\HP\OneDrive\Desktop\Flood_AI_Dataset\05_S1GFloods\Label\image_3787.png,26.6281,2
image_4934.png,c:\Users\HP\OneDrive\Desktop\Flood_AI_Dataset\05_S1GFloods\A\image_4934.png,c:\Users\HP\OneDrive\Desktop\Flood_AI_Dataset\05_S1GFloods\B\image_4934.png,c:\Users\HP\OneDrive\Desktop\Flood_AI_Dataset\05_S1GFloods\Label\image_4934.png,10.6171,2
image_3221.png,c:\Users\HP\OneDrive\Desktop\Flood_AI_Dataset\05_S1GFloods\A\image_3221.png,c:\Users\HP\OneDrive\Desktop\Flood_AI_Dataset\05_S1GFloods\B\image_3221.png,c:\Users\HP\OneDrive\Desktop\Flood_AI_Dataset\05_S1GFloods\Label\image_3221.png,17.3218,2
image_828.png,c:\Users\HP\OneDrive\Desktop\Flood_AI_Dataset\05_S1GFloods\A\image_828.png,c:\Users\HP\OneDrive\Desktop\Flood_AI_Dataset\05_S1GFloods\B\image_828.png,c:\Users\HP\OneDrive\Desktop\Flood_AI_Dataset\05_S1GFloods\Label\image_828.png,99.675,2
image_2836.png,c:\Users\HP\OneDrive\Desktop\Flood_AI_Dataset\05_S1GFloods\A\image_2836.png,c:\Users\HP\OneDrive\Desktop\Flood_AI_Dataset\05_S1GFloods\B\image_2836.png,c:\Users\HP\OneDrive\Desktop\Flood_AI_Dataset\05_S1GFloods\Label\image_2836.png,6.8573,1
image_4337.png,c:\Users\HP\OneDrive\Desktop\Flood_AI_Dataset\05_S1GFloods\A\image_4337.png,c:\Users\HP\OneDrive\Desktop\Flood_AI_Dataset\05_S1GFloods\B\image_4337.png,c:\Users\HP\OneDrive\Desktop\Flood_AI_Dataset\05_S1GFloods\Label\image_4337.png,98.0469,2
image_720.png,c:\Users\HP\OneDrive\Desktop\Flood_AI_Dataset\05_S1GFloods\A\image_720.png,c:\Users\HP\OneDrive\Desktop\Flood_AI_Dataset\05_S1GFloods\B\image_720.png,c:\Users\HP\OneDrive\Desktop\Flood_AI_Dataset\05_S1GFloods\Label\image_720.png,6.1722,1
image_236.png,c:\Users\HP\OneDrive\Desktop\Flood_AI_Dataset\05_S1GFloods\A\image_236.png,c:\Users\HP\OneDrive\Desktop\Flood_AI_Dataset\05_S1GFloods\B\image_236.png,c:\Users\HP\OneDrive\Desktop\Flood_AI_Dataset\05_S1GFloods\Label\image_236.png,63.002,2
image_3540.png,c:\Users\HP\OneDrive\Desktop\Flood_AI_Dataset\05_S1GFloods\A\image_3540.png,c:\Users\HP\OneDrive\Desktop\Flood_AI_Dataset\05_S1GFloods\B\image_3540.png,c:\Users\HP\OneDrive\Desktop\Flood_AI_Dataset\05_S1GFloods\Label\image_3540.png,68.1458,2
image_588.png,c:\Users\HP\OneDrive\Desktop\Flood_AI_Dataset\05_S1GFloods\A\image_588.png,c:\Users\HP\OneDrive\Desktop\Flood_AI_Dataset\05_S1GFloods\B\image_588.png,c:\Users\HP\OneDrive\Desktop\Flood_AI_Dataset\05_S1GFloods\Label\image_588.png,33.4381,2
image_2498.png,c:\Users\HP\OneDrive\Desktop\Flood_AI_Dataset\05_S1GFloods\A\image_2498.png,c:\Users\HP\OneDrive\Desktop\Flood_AI_Dataset\05_S1GFloods\B\image_2498.png,c:\Users\HP\OneDrive\Desktop\Flood_AI_Dataset\05_S1GFloods\Label\image_2498.png,13.4201,2
image_3314.png,c:\Users\HP\OneDrive\Desktop\Flood_AI_Dataset\05_S1GFloods\A\image_3314.png,c:\Users\HP\OneDrive\Desktop\Flood_AI_Dataset\05_S1GFloods\B\image_3314.png,c:\Users\HP\OneDrive\Desktop\Flood_AI_Dataset\05_S1GFloods\Label\image_3314.png,28.2425,2
image_2751.png,c:\Users\HP\OneDrive\Desktop\Flood_AI_Dataset\05_S1GFloods\A\image_2751.png,c:\Users\HP\OneDrive\Desktop\Flood_AI_Dataset\05_S1GFloods\B\image_2751.png,c:\Users\HP\OneDrive\Desktop\Flood_AI_Dataset\05_S1GFloods\Label\image_2751.png,83.107,2
image_1285.png,c:\Users\HP\OneDrive\Desktop\Flood_AI_Dataset\05_S1GFloods\A\image_1285.png,c:\Users\HP\OneDrive\Desktop\Flood_AI_Dataset\05_S1GFloods\B\image_1285.png,c:\Users\HP\OneDrive\Desktop\Flood_AI_Dataset\05_S1GFloods\Label\image_1285.png,20.1157,2
image_2242.png,c:\Users\HP\OneDrive\Desktop\Flood_AI_Dataset\05_S1GFloods\A\image_2242.png,c:\Users\HP\OneDrive\Desktop\Flood_AI_Dataset\05_S1GFloods\B\image_2242.png,c:\Users\HP\OneDrive\Desktop\Flood_AI_Dataset\05_S1GFloods\Label\image_2242.png,9.4177,1
image_4434.png,c:\Users\HP\OneDrive\Desktop\Flood_AI_Dataset\05_S1GFloods\A\image_4434.png,c:\Users\HP\OneDrive\Desktop\Flood_AI_Dataset\05_S1GFloods\B\image_4434.png,c:\Users\HP\OneDrive\Desktop\Flood_AI_Dataset\05_S1GFloods\Label\image_4434.png,60.9146,2
image_2407.png,c:\Users\HP\OneDrive\Desktop\Flood_AI_Dataset\05_S1GFloods\A\image_2407.png,c:\Users\HP\OneDrive\Desktop\Flood_AI_Dataset\05_S1GFloods\B\image_2407.png,c:\Users\HP\OneDrive\Desktop\Flood_AI_Dataset\05_S1GFloods\Label\image_2407.png,8.6761,1
image_814.png,c:\Users\HP\OneDrive\Desktop\Flood_AI_Dataset\05_S1GFloods\A\image_814.png,c:\Users\HP\OneDrive\Desktop\Flood_AI_Dataset\05_S1GFloods\B\image_814.png,c:\Users\HP\OneDrive\Desktop\Flood_AI_Dataset\05_S1GFloods\Label\image_814.png,6.1646,1
image_3202.png,c:\Users\HP\OneDrive\Desktop\Flood_AI_Dataset\05_S1GFloods\A\image_3202.png,c:\Users\HP\OneDrive\Desktop\Flood_AI_Dataset\05_S1GFloods\B\image_3202.png,c:\Users\HP\OneDrive\Desktop\Flood_AI_Dataset\05_S1GFloods\Label\image_3202.png,15.213,2
image_1362.png,c:\Users\HP\OneDrive\Desktop\Flood_AI_Dataset\05_S1GFloods\A\image_1362.png,c:\Users\HP\OneDrive\Desktop\Flood_AI_Dataset\05_S1GFloods\B\image_1362.png,c:\Users\HP\OneDrive\Desktop\Flood_AI_Dataset\05_S1GFloods\Label\image_1362.png,18.2617,2
image_856.png,c:\Users\HP\OneDrive\Desktop\Flood_AI_Dataset\05_S1GFloods\A\image_856.png,c:\Users\HP\OneDrive\Desktop\Flood_AI_Dataset\05_S1GFloods\B\image_856.png,c:\Users\HP\OneDrive\Desktop\Flood_AI_Dataset\05_S1GFloods\Label\image_856.png,36.9171,2
image_2757.png,c:\Users\HP\OneDrive\Desktop\Flood_AI_Dataset\05_S1GFloods\A\image_2757.png,c:\Users\HP\OneDrive\Desktop\Flood_AI_Dataset\05_S1GFloods\B\image_2757.png,c:\Users\HP\OneDrive\Desktop\Flood_AI_Dataset\05_S1GFloods\Label\image_2757.png,56.6605,2
image_1704.png,c:\Users\HP\OneDrive\Desktop\Flood_AI_Dataset\05_S1GFloods\A\image_1704.png,c:\Users\HP\OneDrive\Desktop\Flood_AI_Dataset\05_S1GFloods\B\image_1704.png,c:\Users\HP\OneDrive\Desktop\Flood_AI_Dataset\05_S1GFloods\Label\image_1704.png,41.539,2
image_2824.png,c:\Users\HP\OneDrive\Desktop\Flood_AI_Dataset\05_S1GFloods\A\image_2824.png,c:\Users\HP\OneDrive\Desktop\Flood_AI_Dataset\05_S1GFloods\B\image_2824.png,c:\Users\HP\OneDrive\Desktop\Flood_AI_Dataset\05_S1GFloods\Label\image_2824.png,39.0717,2
image_2655.png,c:\Users\HP\OneDrive\Desktop\Flood_AI_Dataset\05_S1GFloods\A\image_2655.png,c:\Users\HP\OneDrive\Desktop\Flood_AI_Dataset\05_S1GFloods\B\image_2655.png,c:\Users\HP\OneDrive\Desktop\Flood_AI_Dataset\05_S1GFloods\Label\image_2655.png,5.7495,1
image_4852.png,c:\Users\HP\OneDrive\Desktop\Flood_AI_Dataset\05_S1GFloods\A\image_4852.png,c:\Users\HP\OneDrive\Desktop\Flood_AI_Dataset\05_S1GFloods\B\image_4852.png,c:\Users\HP\OneDrive\Desktop\Flood_AI_Dataset\05_S1GFloods\Label\image_4852.png,6.6406,1
image_1687.png,c:\Users\HP\OneDrive\Desktop\Flood_AI_Dataset\05_S1GFloods\A\image_1687.png,c:\Users\HP\OneDrive\Desktop\Flood_AI_Dataset\05_S1GFloods\B\image_1687.png,c:\Users\HP\OneDrive\Desktop\Flood_AI_Dataset\05_S1GFloods\Label\image_1687.png,13.739,2
image_2111.png,c:\Users\HP\OneDrive\Desktop\Flood_AI_Dataset\05_S1GFloods\A\image_2111.png,c:\Users\HP\OneDrive\Desktop\Flood_AI_Dataset\05_S1GFloods\B\image_2111.png,c:\Users\HP\OneDrive\Desktop\Flood_AI_Dataset\05_S1GFloods\Label\image_2111.png,9.4177,1
image_2326.png,c:\Users\HP\OneDrive\Desktop\Flood_AI_Dataset\05_S1GFloods\A\image_2326.png,c:\Users\HP\OneDrive\Desktop\Flood_AI_Dataset\05_S1GFloods\B\image_2326.png,c:\Users\HP\OneDrive\Desktop\Flood_AI_Dataset\05_S1GFloods\Label\image_2326.png,11.2732,2
image_3981.png,c:\Users\HP\OneDrive\Desktop\Flood_AI_Dataset\05_S1GFloods\A\image_3981.png,c:\Users\HP\OneDrive\Desktop\Flood_AI_Dataset\05_S1GFloods\B\image_3981.png,c:\Users\HP\OneDrive\Desktop\Flood_AI_Dataset\05_S1GFloods\Label\image_3981.png,80.1956,2
image_80.png,c:\Users\HP\OneDrive\Desktop\Flood_AI_Dataset\05_S1GFloods\A\image_80.png,c:\Users\HP\OneDrive\Desktop\Flood_AI_Dataset\05_S1GFloods\B\image_80.png,c:\Users\HP\OneDrive\Desktop\Flood_AI_Dataset\05_S1GFloods\Label\image_80.png,29.4235,2
image_2039.png,c:\Users\HP\OneDrive\Desktop\Flood_AI_Dataset\05_S1GFloods\A\image_2039.png,c:\Users\HP\OneDrive\Desktop\Flood_AI_Dataset\05_S1GFloods\B\image_2039.png,c:\Users\HP\OneDrive\Desktop\Flood_AI_Dataset\05_S1GFloods\Label\image_2039.png,5.0461,1
image_4442.png,c:\Users\HP\OneDrive\Desktop\Flood_AI_Dataset\05_S1GFloods\A\image_4442.png,c:\Users\HP\OneDrive\Desktop\Flood_AI_Dataset\05_S1GFloods\B\image_4442.png,c:\Users\HP\OneDrive\Desktop\Flood_AI_Dataset\05_S1GFloods\Label\image_4442.png,5.7556,1
image_3418.png,c:\Users\HP\OneDrive\Desktop\Flood_AI_Dataset\05_S1GFloods\A\image_3418.png,c:\Users\HP\OneDrive\Desktop\Flood_AI_Dataset\05_S1GFloods\B\image_3418.png,c:\Users\HP\OneDrive\Desktop\Flood_AI_Dataset\05_S1GFloods\Label\image_3418.png,8.9462,1
image_4308.png,c:\Users\HP\OneDrive\Desktop\Flood_AI_Dataset\05_S1GFloods\A\image_4308.png,c:\Users\HP\OneDrive\Desktop\Flood_AI_Dataset\05_S1GFloods\B\image_4308.png,c:\Users\HP\OneDrive\Desktop\Flood_AI_Dataset\05_S1GFloods\Label\image_4308.png,24.9023,2
image_261.png,c:\Users\HP\OneDrive\Desktop\Flood_AI_Dataset\05_S1GFloods\A\image_261.png,c:\Users\HP\OneDrive\Desktop\Flood_AI_Dataset\05_S1GFloods\B\image_261.png,c:\Users\HP\OneDrive\Desktop\Flood_AI_Dataset\05_S1GFloods\Label\image_261.png,8.963,1
image_3233.png,c:\Users\HP\OneDrive\Desktop\Flood_AI_Dataset\05_S1GFloods\A\image_3233.png,c:\Users\HP\OneDrive\Desktop\Flood_AI_Dataset\05_S1GFloods\B\image_3233.png,c:\Users\HP\OneDrive\Desktop\Flood_AI_Dataset\05_S1GFloods\Label\image_3233.png,37.0819,2
image_2544.png,c:\Users\HP\OneDrive\Desktop\Flood_AI_Dataset\05_S1GFloods\A\image_2544.png,c:\Users\HP\OneDrive\Desktop\Flood_AI_Dataset\05_S1GFloods\B\image_2544.png,c:\Users\HP\OneDrive\Desktop\Flood_AI_Dataset\05_S1GFloods\Label\image_2544.png,92.7917,2
image_4558.png,c:\Users\HP\OneDrive\Desktop\Flood_AI_Dataset\05_S1GFloods\A\image_4558.png,c:\Users\HP\OneDrive\Desktop\Flood_AI_Dataset\05_S1GFloods\B\image_4558.png,c:\Users\HP\OneDrive\Desktop\Flood_AI_Dataset\05_S1GFloods\Label\image_4558.png,26.4877,2
image_586.png,c:\Users\HP\OneDrive\Desktop\Flood_AI_Dataset\05_S1GFloods\A\image_586.png,c:\Users\HP\OneDrive\Desktop\Flood_AI_Dataset\05_S1GFloods\B\image_586.png,c:\Users\HP\OneDrive\Desktop\Flood_AI_Dataset\05_S1GFloods\Label\image_586.png,45.9824,2
image_4569.png,c:\Users\HP\OneDrive\Desktop\Flood_AI_Dataset\05_S1GFloods\A\image_4569.png,c:\Users\HP\OneDrive\Desktop\Flood_AI_Dataset\05_S1GFloods\B\image_4569.png,c:\Users\HP\OneDrive\Desktop\Flood_AI_Dataset\05_S1GFloods\Label\image_4569.png,5.8884,1
image_5226.png,c:\Users\HP\OneDrive\Desktop\Flood_AI_Dataset\05_S1GFloods\A\image_5226.png,c:\Users\HP\OneDrive\Desktop\Flood_AI_Dataset\05_S1GFloods\B\image_5226.png,c:\Users\HP\OneDrive\Desktop\Flood_AI_Dataset\05_S1GFloods\Label\image_5226.png,25.6638,2
image_517.png,c:\Users\HP\OneDrive\Desktop\Flood_AI_Dataset\05_S1GFloods\A\image_517.png,c:\Users\HP\OneDrive\Desktop\Flood_AI_Dataset\05_S1GFloods\B\image_517.png,c:\Users\HP\OneDrive\Desktop\Flood_AI_Dataset\05_S1GFloods\Label\image_517.png,38.0112,2
image_2143.png,c:\Users\HP\OneDrive\Desktop\Flood_AI_Dataset\05_S1GFloods\A\image_2143.png,c:\Users\HP\OneDrive\Desktop\Flood_AI_Dataset\05_S1GFloods\B\image_2143.png,c:\Users\HP\OneDrive\Desktop\Flood_AI_Dataset\05_S1GFloods\Label\image_2143.png,6.8802,1
image_3924.png,c:\Users\HP\OneDrive\Desktop\Flood_AI_Dataset\05_S1GFloods\A\image_3924.png,c:\Users\HP\OneDrive\Desktop\Flood_AI_Dataset\05_S1GFloods\B\image_3924.png,c:\Users\HP\OneDrive\Desktop\Flood_AI_Dataset\05_S1GFloods\Label\image_3924.png,24.4308,2
image_3582.png,c:\Users\HP\OneDrive\Desktop\Flood_AI_Dataset\05_S1GFloods\A\image_3582.png,c:\Users\HP\OneDrive\Desktop\Flood_AI_Dataset\05_S1GFloods\B\image_3582.png,c:\Users\HP\OneDrive\Desktop\Flood_AI_Dataset\05_S1GFloods\Label\image_3582.png,73.2101,2
image_4951.png,c:\Users\HP\OneDrive\Desktop\Flood_AI_Dataset\05_S1GFloods\A\image_4951.png,c:\Users\HP\OneDrive\Desktop\Flood_AI_Dataset\05_S1GFloods\B\image_4951.png,c:\Users\HP\OneDrive\Desktop\Flood_AI_Dataset\05_S1GFloods\Label\image_4951.png,19.6701,2
image_109.png,c:\Users\HP\OneDrive\Desktop\Flood_AI_Dataset\05_S1GFloods\A\image_109.png,c:\Users\HP\OneDrive\Desktop\Flood_AI_Dataset\05_S1GFloods\B\image_109.png,c:\Users\HP\OneDrive\Desktop\Flood_AI_Dataset\05_S1GFloods\Label\image_109.png,15.0726,2
image_1692.png,c:\Users\HP\OneDrive\Desktop\Flood_AI_Dataset\05_S1GFloods\A\image_1692.png,c:\Users\HP\OneDrive\Desktop\Flood_AI_Dataset\05_S1GFloods\B\image_1692.png,c:\Users\HP\OneDrive\Desktop\Flood_AI_Dataset\05_S1GFloods\Label\image_1692.png,33.2611,2
image_2944.png,c:\Users\HP\OneDrive\Desktop\Flood_AI_Dataset\05_S1GFloods\A\image_2944.png,c:\Users\HP\OneDrive\Desktop\Flood_AI_Dataset\05_S1GFloods\B\image_2944.png,c:\Users\HP\OneDrive\Desktop\Flood_AI_Dataset\05_S1GFloods\Label\image_2944.png,64.5676,2
image_2660.png,c:\Users\HP\OneDrive\Desktop\Flood_AI_Dataset\05_S1GFloods\A\image_2660.png,c:\Users\HP\OneDrive\Desktop\Flood_AI_Dataset\05_S1GFloods\B\image_2660.png,c:\Users\HP\OneDrive\Desktop\Flood_AI_Dataset\05_S1GFloods\Label\image_2660.png,20.2988,2
image_1735.png,c:\Users\HP\OneDrive\Desktop\Flood_AI_Dataset\05_S1GFloods\A\image_1735.png,c:\Users\HP\OneDrive\Desktop\Flood_AI_Dataset\05_S1GFloods\B\image_1735.png,c:\Users\HP\OneDrive\Desktop\Flood_AI_Dataset\05_S1GFloods\Label\image_1735.png,26.1795,2
image_4522.png,c:\Users\HP\OneDrive\Desktop\Flood_AI_Dataset\05_S1GFloods\A\image_4522.png,c:\Users\HP\OneDrive\Desktop\Flood_AI_Dataset\05_S1GFloods\B\image_4522.png,c:\Users\HP\OneDrive\Desktop\Flood_AI_Dataset\05_S1GFloods\Label\image_4522.png,17.3584,2
image_2509.png,c:\Users\HP\OneDrive\Desktop\Flood_AI_Dataset\05_S1GFloods\A\image_2509.png,c:\Users\HP\OneDrive\Desktop\Flood_AI_Dataset\05_S1GFloods\B\image_2509.png,c:\Users\HP\OneDrive\Desktop\Flood_AI_Dataset\05_S1GFloods\Label\image_2509.png,38.9481,2
image_4832.png,c:\Users\HP\OneDrive\Desktop\Flood_AI_Dataset\05_S1GFloods\A\image_4832.png,c:\Users\HP\OneDrive\Desktop\Flood_AI_Dataset\05_S1GFloods\B\image_4832.png,c:\Users\HP\OneDrive\Desktop\Flood_AI_Dataset\05_S1GFloods\Label\image_4832.png,6.0959,1
image_1840.png,c:\Users\HP\OneDrive\Desktop\Flood_AI_Dataset\05_S1GFloods\A\image_1840.png,c:\Users\HP\OneDrive\Desktop\Flood_AI_Dataset\05_S1GFloods\B\image_1840.png,c:\Users\HP\OneDrive\Desktop\Flood_AI_Dataset\05_S1GFloods\Label\image_1840.png,7.5302,1
image_158.png,c:\Users\HP\OneDrive\Desktop\Flood_AI_Dataset\05_S1GFloods\A\image_158.png,c:\Users\HP\OneDrive\Desktop\Flood_AI_Dataset\05_S1GFloods\B\image_158.png,c:\Users\HP\OneDrive\Desktop\Flood_AI_Dataset\05_S1GFloods\Label\image_158.png,89.4608,2
image_1931.png,c:\Users\HP\OneDrive\Desktop\Flood_AI_Dataset\05_S1GFloods\A\image_1931.png,c:\Users\HP\OneDrive\Desktop\Flood_AI_Dataset\05_S1GFloods\B\image_1931.png,c:\Users\HP\OneDrive\Desktop\Flood_AI_Dataset\05_S1GFloods\Label\image_1931.png,5.3619,1
image_2294.png,c:\Users\HP\OneDrive\Desktop\Flood_AI_Dataset\05_S1GFloods\A\image_2294.png,c:\Users\HP\OneDrive\Desktop\Flood_AI_Dataset\05_S1GFloods\B\image_2294.png,c:\Users\HP\OneDrive\Desktop\Flood_AI_Dataset\05_S1GFloods\Label\image_2294.png,12.0773,2
image_3487.png,c:\Users\HP\OneDrive\Desktop\Flood_AI_Dataset\05_S1GFloods\A\image_3487.png,c:\Users\HP\OneDrive\Desktop\Flood_AI_Dataset\05_S1GFloods\B\image_3487.png,c:\Users\HP\OneDrive\Desktop\Flood_AI_Dataset\05_S1GFloods\Label\image_3487.png,19.2505,2
image_3069.png,c:\Users\HP\OneDrive\Desktop\Flood_AI_Dataset\05_S1GFloods\A\image_3069.png,c:\Users\HP\OneDrive\Desktop\Flood_AI_Dataset\05_S1GFloods\B\image_3069.png,c:\Users\HP\OneDrive\Desktop\Flood_AI_Dataset\05_S1GFloods\Label\image_3069.png,55.1071,2
image_1471.png,c:\Users\HP\OneDrive\Desktop\Flood_AI_Dataset\05_S1GFloods\A\image_1471.png,c:\Users\HP\OneDrive\Desktop\Flood_AI_Dataset\05_S1GFloods\B\image_1471.png,c:\Users\HP\OneDrive\Desktop\Flood_AI_Dataset\05_S1GFloods\Label\image_1471.png,9.9487,1
image_2091.png,c:\Users\HP\OneDrive\Desktop\Flood_AI_Dataset\05_S1GFloods\A\image_2091.png,c:\Users\HP\OneDrive\Desktop\Flood_AI_Dataset\05_S1GFloods\B\image_2091.png,c:\Users\HP\OneDrive\Desktop\Flood_AI_Dataset\05_S1GFloods\Label\image_2091.png,12.1414,2
image_1710.png,c:\Users\HP\OneDrive\Desktop\Flood_AI_Dataset\05_S1GFloods\A\image_1710.png,c:\Users\HP\OneDrive\Desktop\Flood_AI_Dataset\05_S1GFloods\B\image_1710.png,c:\Users\HP\OneDrive\Desktop\Flood_AI_Dataset\05_S1GFloods\Label\image_1710.png,42.3233,2
image_329.png,c:\Users\HP\OneDrive\Desktop\Flood_AI_Dataset\05_S1GFloods\A\image_329.png,c:\Users\HP\OneDrive\Desktop\Flood_AI_Dataset\05_S1GFloods\B\image_329.png,c:\Users\HP\OneDrive\Desktop\Flood_AI_Dataset\05_S1GFloods\Label\image_329.png,77.4094,2
image_3064.png,c:\Users\HP\OneDrive\Desktop\Flood_AI_Dataset\05_S1GFloods\A\image_3064.png,c:\Users\HP\OneDrive\Desktop\Flood_AI_Dataset\05_S1GFloods\B\image_3064.png,c:\Users\HP\OneDrive\Desktop\Flood_AI_Dataset\05_S1GFloods\Label\image_3064.png,46.3379,2
image_1983.png,c:\Users\HP\OneDrive\Desktop\Flood_AI_Dataset\05_S1GFloods\A\image_1983.png,c:\Users\HP\OneDrive\Desktop\Flood_AI_Dataset\05_S1GFloods\B\image_1983.png,c:\Users\HP\OneDrive\Desktop\Flood_AI_Dataset\05_S1GFloods\Label\image_1983.png,25.679,2
image_5314.png,c:\Users\HP\OneDrive\Desktop\Flood_AI_Dataset\05_S1GFloods\A\image_5314.png,c:\Users\HP\OneDrive\Desktop\Flood_AI_Dataset\05_S1GFloods\B\image_5314.png,c:\Users\HP\OneDrive\Desktop\Flood_AI_Dataset\05_S1GFloods\Label\image_5314.png,34.2743,2
image_227.png,c:\Users\HP\OneDrive\Desktop\Flood_AI_Dataset\05_S1GFloods\A\image_227.png,c:\Users\HP\OneDrive\Desktop\Flood_AI_Dataset\05_S1GFloods\B\image_227.png,c:\Users\HP\OneDrive\Desktop\Flood_AI_Dataset\05_S1GFloods\Label\image_227.png,18.5287,2
image_403.png,c:\Users\HP\OneDrive\Desktop\Flood_AI_Dataset\05_S1GFloods\A\image_403.png,c:\Users\HP\OneDrive\Desktop\Flood_AI_Dataset\05_S1GFloods\B\image_403.png,c:\Users\HP\OneDrive\Desktop\Flood_AI_Dataset\05_S1GFloods\Label\image_403.png,39.0427,2
image_1425.png,c:\Users\HP\OneDrive\Desktop\Flood_AI_Dataset\05_S1GFloods\A\image_1425.png,c:\Users\HP\OneDrive\Desktop\Flood_AI_Dataset\05_S1GFloods\B\image_1425.png,c:\Users\HP\OneDrive\Desktop\Flood_AI_Dataset\05_S1GFloods\Label\image_1425.png,45.6284,2
image_2678.png,c:\Users\HP\OneDrive\Desktop\Flood_AI_Dataset\05_S1GFloods\A\image_2678.png,c:\Users\HP\OneDrive\Desktop\Flood_AI_Dataset\05_S1GFloods\B\image_2678.png,c:\Users\HP\OneDrive\Desktop\Flood_AI_Dataset\05_S1GFloods\Label\image_2678.png,88.9221,2
image_1276.png,c:\Users\HP\OneDrive\Desktop\Flood_AI_Dataset\05_S1GFloods\A\image_1276.png,c:\Users\HP\OneDrive\Desktop\Flood_AI_Dataset\05_S1GFloods\B\image_1276.png,c:\Users\HP\OneDrive\Desktop\Flood_AI_Dataset\05_S1GFloods\Label\image_1276.png,66.3055,2
image_4464.png,c:\Users\HP\OneDrive\Desktop\Flood_AI_Dataset\05_S1GFloods\A\image_4464.png,c:\Users\HP\OneDrive\Desktop\Flood_AI_Dataset\05_S1GFloods\B\image_4464.png,c:\Users\HP\OneDrive\Desktop\Flood_AI_Dataset\05_S1GFloods\Label\image_4464.png,74.6307,2
image_5315.png,c:\Users\HP\OneDrive\Desktop\Flood_AI_Dataset\05_S1GFloods\A\image_5315.png,c:\Users\HP\OneDrive\Desktop\Flood_AI_Dataset\05_S1GFloods\B\image_5315.png,c:\Users\HP\OneDrive\Desktop\Flood_AI_Dataset\05_S1GFloods\Label\image_5315.png,11.2244,2
image_4646.png,c:\Users\HP\OneDrive\Desktop\Flood_AI_Dataset\05_S1GFloods\A\image_4646.png,c:\Users\HP\OneDrive\Desktop\Flood_AI_Dataset\05_S1GFloods\B\image_4646.png,c:\Users\HP\OneDrive\Desktop\Flood_AI_Dataset\05_S1GFloods\Label\image_4646.png,51.0544,2
image_987.png,c:\Users\HP\OneDrive\Desktop\Flood_AI_Dataset\05_S1GFloods\A\image_987.png,c:\Users\HP\OneDrive\Desktop\Flood_AI_Dataset\05_S1GFloods\B\image_987.png,c:\Users\HP\OneDrive\Desktop\Flood_AI_Dataset\05_S1GFloods\Label\image_987.png,49.6841,2
image_3256.png,c:\Users\HP\OneDrive\Desktop\Flood_AI_Dataset\05_S1GFloods\A\image_3256.png,c:\Users\HP\OneDrive\Desktop\Flood_AI_Dataset\05_S1GFloods\B\image_3256.png,c:\Users\HP\OneDrive\Desktop\Flood_AI_Dataset\05_S1GFloods\Label\image_3256.png,37.8937,2
image_2476.png,c:\Users\HP\OneDrive\Desktop\Flood_AI_Dataset\05_S1GFloods\A\image_2476.png,c:\Users\HP\OneDrive\Desktop\Flood_AI_Dataset\05_S1GFloods\B\image_2476.png,c:\Users\HP\OneDrive\Desktop\Flood_AI_Dataset\05_S1GFloods\Label\image_2476.png,5.6992,1
image_1769.png,c:\Users\HP\OneDrive\Desktop\Flood_AI_Dataset\05_S1GFloods\A\image_1769.png,c:\Users\HP\OneDrive\Desktop\Flood_AI_Dataset\05_S1GFloods\B\image_1769.png,c:\Users\HP\OneDrive\Desktop\Flood_AI_Dataset\05_S1GFloods\Label\image_1769.png,10.9253,2
image_98.png,c:\Users\HP\OneDrive\Desktop\Flood_AI_Dataset\05_S1GFloods\A\image_98.png,c:\Users\HP\OneDrive\Desktop\Flood_AI_Dataset\05_S1GFloods\B\image_98.png,c:\Users\HP\OneDrive\Desktop\Flood_AI_Dataset\05_S1GFloods\Label\image_98.png,95.9427,2
image_497.png,c:\Users\HP\OneDrive\Desktop\Flood_AI_Dataset\05_S1GFloods\A\image_497.png,c:\Users\HP\OneDrive\Desktop\Flood_AI_Dataset\05_S1GFloods\B\image_497.png,c:\Users\HP\OneDrive\Desktop\Flood_AI_Dataset\05_S1GFloods\Label\image_497.png,93.3563,2
image_4952.png,c:\Users\HP\OneDrive\Desktop\Flood_AI_Dataset\05_S1GFloods\A\image_4952.png,c:\Users\HP\OneDrive\Desktop\Flood_AI_Dataset\05_S1GFloods\B\image_4952.png,c:\Users\HP\OneDrive\Desktop\Flood_AI_Dataset\05_S1GFloods\Label\image_4952.png,11.1649,2
image_4651.png,c:\Users\HP\OneDrive\Desktop\Flood_AI_Dataset\05_S1GFloods\A\image_4651.png,c:\Users\HP\OneDrive\Desktop\Flood_AI_Dataset\05_S1GFloods\B\image_4651.png,c:\Users\HP\OneDrive\Desktop\Flood_AI_Dataset\05_S1GFloods\Label\image_4651.png,7.2357,1
image_3998.png,c:\Users\HP\OneDrive\Desktop\Flood_AI_Dataset\05_S1GFloods\A\image_3998.png,c:\Users\HP\OneDrive\Desktop\Flood_AI_Dataset\05_S1GFloods\B\image_3998.png,c:\Users\HP\OneDrive\Desktop\Flood_AI_Dataset\05_S1GFloods\Label\image_3998.png,16.5024,2
image_4006.png,c:\Users\HP\OneDrive\Desktop\Flood_AI_Dataset\05_S1GFloods\A\image_4006.png,c:\Users\HP\OneDrive\Desktop\Flood_AI_Dataset\05_S1GFloods\B\image_4006.png,c:\Users\HP\OneDrive\Desktop\Flood_AI_Dataset\05_S1GFloods\Label\image_4006.png,25.3494,2
image_2677.png,c:\Users\HP\OneDrive\Desktop\Flood_AI_Dataset\05_S1GFloods\A\image_2677.png,c:\Users\HP\OneDrive\Desktop\Flood_AI_Dataset\05_S1GFloods\B\image_2677.png,c:\Users\HP\OneDrive\Desktop\Flood_AI_Dataset\05_S1GFloods\Label\image_2677.png,45.8099,2
image_4645.png,c:\Users\HP\OneDrive\Desktop\Flood_AI_Dataset\05_S1GFloods\A\image_4645.png,c:\Users\HP\OneDrive\Desktop\Flood_AI_Dataset\05_S1GFloods\B\image_4645.png,c:\Users\HP\OneDrive\Desktop\Flood_AI_Dataset\05_S1GFloods\Label\image_4645.png,32.5928,2
image_4843.png,c:\Users\HP\OneDrive\Desktop\Flood_AI_Dataset\05_S1GFloods\A\image_4843.png,c:\Users\HP\OneDrive\Desktop\Flood_AI_Dataset\05_S1GFloods\B\image_4843.png,c:\Users\HP\OneDrive\Desktop\Flood_AI_Dataset\05_S1GFloods\Label\image_4843.png,8.4183,1
image_2542.png,c:\Users\HP\OneDrive\Desktop\Flood_AI_Dataset\05_S1GFloods\A\image_2542.png,c:\Users\HP\OneDrive\Desktop\Flood_AI_Dataset\05_S1GFloods\B\image_2542.png,c:\Users\HP\OneDrive\Desktop\Flood_AI_Dataset\05_S1GFloods\Label\image_2542.png,83.9844,2
image_4650.png,c:\Users\HP\OneDrive\Desktop\Flood_AI_Dataset\05_S1GFloods\A\image_4650.png,c:\Users\HP\OneDrive\Desktop\Flood_AI_Dataset\05_S1GFloods\B\image_4650.png,c:\Users\HP\OneDrive\Desktop\Flood_AI_Dataset\05_S1GFloods\Label\image_4650.png,6.5414,1
image_414.png,c:\Users\HP\OneDrive\Desktop\Flood_AI_Dataset\05_S1GFloods\A\image_414.png,c:\Users\HP\OneDrive\Desktop\Flood_AI_Dataset\05_S1GFloods\B\image_414.png,c:\Users\HP\OneDrive\Desktop\Flood_AI_Dataset\05_S1GFloods\Label\image_414.png,82.9269,2
image_344.png,c:\Users\HP\OneDrive\Desktop\Flood_AI_Dataset\05_S1GFloods\A\image_344.png,c:\Users\HP\OneDrive\Desktop\Flood_AI_Dataset\05_S1GFloods\B\image_344.png,c:\Users\HP\OneDrive\Desktop\Flood_AI_Dataset\05_S1GFloods\Label\image_344.png,94.957,2
image_1128.png,c:\Users\HP\OneDrive\Desktop\Flood_AI_Dataset\05_S1GFloods\A\image_1128.png,c:\Users\HP\OneDrive\Desktop\Flood_AI_Dataset\05_S1GFloods\B\image_1128.png,c:\Users\HP\OneDrive\Desktop\Flood_AI_Dataset\05_S1GFloods\Label\image_1128.png,59.3658,2
image_843.png,c:\Users\HP\OneDrive\Desktop\Flood_AI_Dataset\05_S1GFloods\A\image_843.png,c:\Users\HP\OneDrive\Desktop\Flood_AI_Dataset\05_S1GFloods\B\image_843.png,c:\Users\HP\OneDrive\Desktop\Flood_AI_Dataset\05_S1GFloods\Label\image_843.png,76.7944,2
image_97.png,c:\Users\HP\OneDrive\Desktop\Flood_AI_Dataset\05_S1GFloods\A\image_97.png,c:\Users\HP\OneDrive\Desktop\Flood_AI_Dataset\05_S1GFloods\B\image_97.png,c:\Users\HP\OneDrive\Desktop\Flood_AI_Dataset\05_S1GFloods\Label\image_97.png,9.5306,1
image_407.png,c:\Users\HP\OneDrive\Desktop\Flood_AI_Dataset\05_S1GFloods\A\image_407.png,c:\Users\HP\OneDrive\Desktop\Flood_AI_Dataset\05_S1GFloods\B\image_407.png,c:\Users\HP\OneDrive\Desktop\Flood_AI_Dataset\05_S1GFloods\Label\image_407.png,67.5949,2
image_552.png,c:\Users\HP\OneDrive\Desktop\Flood_AI_Dataset\05_S1GFloods\A\image_552.png,c:\Users\HP\OneDrive\Desktop\Flood_AI_Dataset\05_S1GFloods\B\image_552.png,c:\Users\HP\OneDrive\Desktop\Flood_AI_Dataset\05_S1GFloods\Label\image_552.png,53.2639,2
image_4901.png,c:\Users\HP\OneDrive\Desktop\Flood_AI_Dataset\05_S1GFloods\A\image_4901.png,c:\Users\HP\OneDrive\Desktop\Flood_AI_Dataset\05_S1GFloods\B\image_4901.png,c:\Users\HP\OneDrive\Desktop\Flood_AI_Dataset\05_S1GFloods\Label\image_4901.png,7.3303,1
image_1036.png,c:\Users\HP\OneDrive\Desktop\Flood_AI_Dataset\05_S1GFloods\A\image_1036.png,c:\Users\HP\OneDrive\Desktop\Flood_AI_Dataset\05_S1GFloods\B\image_1036.png,c:\Users\HP\OneDrive\Desktop\Flood_AI_Dataset\05_S1GFloods\Label\image_1036.png,87.2498,2
image_3237.png,c:\Users\HP\OneDrive\Desktop\Flood_AI_Dataset\05_S1GFloods\A\image_3237.png,c:\Users\HP\OneDrive\Desktop\Flood_AI_Dataset\05_S1GFloods\B\image_3237.png,c:\Users\HP\OneDrive\Desktop\Flood_AI_Dataset\05_S1GFloods\Label\image_3237.png,7.1457,1
image_4555.png,c:\Users\HP\OneDrive\Desktop\Flood_AI_Dataset\05_S1GFloods\A\image_4555.png,c:\Users\HP\OneDrive\Desktop\Flood_AI_Dataset\05_S1GFloods\B\image_4555.png,c:\Users\HP\OneDrive\Desktop\Flood_AI_Dataset\05_S1GFloods\Label\image_4555.png,13.2462,2
image_4226.png,c:\Users\HP\OneDrive\Desktop\Flood_AI_Dataset\05_S1GFloods\A\image_4226.png,c:\Users\HP\OneDrive\Desktop\Flood_AI_Dataset\05_S1GFloods\B\image_4226.png,c:\Users\HP\OneDrive\Desktop\Flood_AI_Dataset\05_S1GFloods\Label\image_4226.png,8.8409,1
image_77.png,c:\Users\HP\OneDrive\Desktop\Flood_AI_Dataset\05_S1GFloods\A\image_77.png,c:\Users\HP\OneDrive\Desktop\Flood_AI_Dataset\05_S1GFloods\B\image_77.png,c:\Users\HP\OneDrive\Desktop\Flood_AI_Dataset\05_S1GFloods\Label\image_77.png,71.3181,2
image_2486.png,c:\Users\HP\OneDrive\Desktop\Flood_AI_Dataset\05_S1GFloods\A\image_2486.png,c:\Users\HP\OneDrive\Desktop\Flood_AI_Dataset\05_S1GFloods\B\image_2486.png,c:\Users\HP\OneDrive\Desktop\Flood_AI_Dataset\05_S1GFloods\Label\image_2486.png,67.9947,2
image_825.png,c:\Users\HP\OneDrive\Desktop\Flood_AI_Dataset\05_S1GFloods\A\image_825.png,c:\Users\HP\OneDrive\Desktop\Flood_AI_Dataset\05_S1GFloods\B\image_825.png,c:\Users\HP\OneDrive\Desktop\Flood_AI_Dataset\05_S1GFloods\Label\image_825.png,13.3728,2
image_3334.png,c:\Users\HP\OneDrive\Desktop\Flood_AI_Dataset\05_S1GFloods\A\image_3334.png,c:\Users\HP\OneDrive\Desktop\Flood_AI_Dataset\05_S1GFloods\B\image_3334.png,c:\Users\HP\OneDrive\Desktop\Flood_AI_Dataset\05_S1GFloods\Label\image_3334.png,10.2448,2
image_1529.png,c:\Users\HP\OneDrive\Desktop\Flood_AI_Dataset\05_S1GFloods\A\image_1529.png,c:\Users\HP\OneDrive\Desktop\Flood_AI_Dataset\05_S1GFloods\B\image_1529.png,c:\Users\HP\OneDrive\Desktop\Flood_AI_Dataset\05_S1GFloods\Label\image_1529.png,5.0171,1
image_4194.png,c:\Users\HP\OneDrive\Desktop\Flood_AI_Dataset\05_S1GFloods\A\image_4194.png,c:\Users\HP\OneDrive\Desktop\Flood_AI_Dataset\05_S1GFloods\B\image_4194.png,c:\Users\HP\OneDrive\Desktop\Flood_AI_Dataset\05_S1GFloods\Label\image_4194.png,31.1279,2
image_2516.png,c:\Users\HP\OneDrive\Desktop\Flood_AI_Dataset\05_S1GFloods\A\image_2516.png,c:\Users\HP\OneDrive\Desktop\Flood_AI_Dataset\05_S1GFloods\B\image_2516.png,c:\Users\HP\OneDrive\Desktop\Flood_AI_Dataset\05_S1GFloods\Label\image_2516.png,65.5182,2
image_2646.png,c:\Users\HP\OneDrive\Desktop\Flood_AI_Dataset\05_S1GFloods\A\image_2646.png,c:\Users\HP\OneDrive\Desktop\Flood_AI_Dataset\05_S1GFloods\B\image_2646.png,c:\Users\HP\OneDrive\Desktop\Flood_AI_Dataset\05_S1GFloods\Label\image_2646.png,60.9848,2
image_3922.png,c:\Users\HP\OneDrive\Desktop\Flood_AI_Dataset\05_S1GFloods\A\image_3922.png,c:\Users\HP\OneDrive\Desktop\Flood_AI_Dataset\05_S1GFloods\B\image_3922.png,c:\Users\HP\OneDrive\Desktop\Flood_AI_Dataset\05_S1GFloods\Label\image_3922.png,45.3598,2
image_2008.png,c:\Users\HP\OneDrive\Desktop\Flood_AI_Dataset\05_S1GFloods\A\image_2008.png,c:\Users\HP\OneDrive\Desktop\Flood_AI_Dataset\05_S1GFloods\B\image_2008.png,c:\Users\HP\OneDrive\Desktop\Flood_AI_Dataset\05_S1GFloods\Label\image_2008.png,6.5125,1
image_3868.png,c:\Users\HP\OneDrive\Desktop\Flood_AI_Dataset\05_S1GFloods\A\image_3868.png,c:\Users\HP\OneDrive\Desktop\Flood_AI_Dataset\05_S1GFloods\B\image_3868.png,c:\Users\HP\OneDrive\Desktop\Flood_AI_Dataset\05_S1GFloods\Label\image_3868.png,86.2915,2
image_1074.png,c:\Users\HP\OneDrive\Desktop\Flood_AI_Dataset\05_S1GFloods\A\image_1074.png,c:\Users\HP\OneDrive\Desktop\Flood_AI_Dataset\05_S1GFloods\B\image_1074.png,c:\Users\HP\OneDrive\Desktop\Flood_AI_Dataset\05_S1GFloods\Label\image_1074.png,27.7145,2
image_1598.png,c:\Users\HP\OneDrive\Desktop\Flood_AI_Dataset\05_S1GFloods\A\image_1598.png,c:\Users\HP\OneDrive\Desktop\Flood_AI_Dataset\05_S1GFloods\B\image_1598.png,c:\Users\HP\OneDrive\Desktop\Flood_AI_Dataset\05_S1GFloods\Label\image_1598.png,9.9396,1
image_995.png,c:\Users\HP\OneDrive\Desktop\Flood_AI_Dataset\05_S1GFloods\A\image_995.png,c:\Users\HP\OneDrive\Desktop\Flood_AI_Dataset\05_S1GFloods\B\image_995.png,c:\Users\HP\OneDrive\Desktop\Flood_AI_Dataset\05_S1GFloods\Label\image_995.png,85.7376,2
image_240.png,c:\Users\HP\OneDrive\Desktop\Flood_AI_Dataset\05_S1GFloods\A\image_240.png,c:\Users\HP\OneDrive\Desktop\Flood_AI_Dataset\05_S1GFloods\B\image_240.png,c:\Users\HP\OneDrive\Desktop\Flood_AI_Dataset\05_S1GFloods\Label\image_240.png,88.0295,2
image_2776.png,c:\Users\HP\OneDrive\Desktop\Flood_AI_Dataset\05_S1GFloods\A\image_2776.png,c:\Users\HP\OneDrive\Desktop\Flood_AI_Dataset\05_S1GFloods\B\image_2776.png,c:\Users\HP\OneDrive\Desktop\Flood_AI_Dataset\05_S1GFloods\Label\image_2776.png,65.6143,2
image_5117.png,c:\Users\HP\OneDrive\Desktop\Flood_AI_Dataset\05_S1GFloods\A\image_5117.png,c:\Users\HP\OneDrive\Desktop\Flood_AI_Dataset\05_S1GFloods\B\image_5117.png,c:\Users\HP\OneDrive\Desktop\Flood_AI_Dataset\05_S1GFloods\Label\image_5117.png,35.1959,2
image_5242.png,c:\Users\HP\OneDrive\Desktop\Flood_AI_Dataset\05_S1GFloods\A\image_5242.png,c:\Users\HP\OneDrive\Desktop\Flood_AI_Dataset\05_S1GFloods\B\image_5242.png,c:\Users\HP\OneDrive\Desktop\Flood_AI_Dataset\05_S1GFloods\Label\image_5242.png,57.3624,2
image_4373.png,c:\Users\HP\OneDrive\Desktop\Flood_AI_Dataset\05_S1GFloods\A\image_4373.png,c:\Users\HP\OneDrive\Desktop\Flood_AI_Dataset\05_S1GFloods\B\image_4373.png,c:\Users\HP\OneDrive\Desktop\Flood_AI_Dataset\05_S1GFloods\Label\image_4373.png,10.3256,2
image_1353.png,c:\Users\HP\OneDrive\Desktop\Flood_AI_Dataset\05_S1GFloods\A\image_1353.png,c:\Users\HP\OneDrive\Desktop\Flood_AI_Dataset\05_S1GFloods\B\image_1353.png,c:\Users\HP\OneDrive\Desktop\Flood_AI_Dataset\05_S1GFloods\Label\image_1353.png,14.3204,2
image_3516.png,c:\Users\HP\OneDrive\Desktop\Flood_AI_Dataset\05_S1GFloods\A\image_3516.png,c:\Users\HP\OneDrive\Desktop\Flood_AI_Dataset\05_S1GFloods\B\image_3516.png,c:\Users\HP\OneDrive\Desktop\Flood_AI_Dataset\05_S1GFloods\Label\image_3516.png,39.9033,2
image_4851.png,c:\Users\HP\OneDrive\Desktop\Flood_AI_Dataset\05_S1GFloods\A\image_4851.png,c:\Users\HP\OneDrive\Desktop\Flood_AI_Dataset\05_S1GFloods\B\image_4851.png,c:\Users\HP\OneDrive\Desktop\Flood_AI_Dataset\05_S1GFloods\Label\image_4851.png,8.9157,1
image_195.png,c:\Users\HP\OneDrive\Desktop\Flood_AI_Dataset\05_S1GFloods\A\image_195.png,c:\Users\HP\OneDrive\Desktop\Flood_AI_Dataset\05_S1GFloods\B\image_195.png,c:\Users\HP\OneDrive\Desktop\Flood_AI_Dataset\05_S1GFloods\Label\image_195.png,32.8796,2
image_3605.png,c:\Users\HP\OneDrive\Desktop\Flood_AI_Dataset\05_S1GFloods\A\image_3605.png,c:\Users\HP\OneDrive\Desktop\Flood_AI_Dataset\05_S1GFloods\B\image_3605.png,c:\Users\HP\OneDrive\Desktop\Flood_AI_Dataset\05_S1GFloods\Label\image_3605.png,60.7849,2
image_85.png,c:\Users\HP\OneDrive\Desktop\Flood_AI_Dataset\05_S1GFloods\A\image_85.png,c:\Users\HP\OneDrive\Desktop\Flood_AI_Dataset\05_S1GFloods\B\image_85.png,c:\Users\HP\OneDrive\Desktop\Flood_AI_Dataset\05_S1GFloods\Label\image_85.png,85.1898,2
image_4089.png,c:\Users\HP\OneDrive\Desktop\Flood_AI_Dataset\05_S1GFloods\A\image_4089.png,c:\Users\HP\OneDrive\Desktop\Flood_AI_Dataset\05_S1GFloods\B\image_4089.png,c:\Users\HP\OneDrive\Desktop\Flood_AI_Dataset\05_S1GFloods\Label\image_4089.png,19.2261,2
image_3839.png,c:\Users\HP\OneDrive\Desktop\Flood_AI_Dataset\05_S1GFloods\A\image_3839.png,c:\Users\HP\OneDrive\Desktop\Flood_AI_Dataset\05_S1GFloods\B\image_3839.png,c:\Users\HP\OneDrive\Desktop\Flood_AI_Dataset\05_S1GFloods\Label\image_3839.png,6.8848,1
image_1590.png,c:\Users\HP\OneDrive\Desktop\Flood_AI_Dataset\05_S1GFloods\A\image_1590.png,c:\Users\HP\OneDrive\Desktop\Flood_AI_Dataset\05_S1GFloods\B\image_1590.png,c:\Users\HP\OneDrive\Desktop\Flood_AI_Dataset\05_S1GFloods\Label\image_1590.png,12.0956,2
image_1088.png,c:\Users\HP\OneDrive\Desktop\Flood_AI_Dataset\05_S1GFloods\A\image_1088.png,c:\Users\HP\OneDrive\Desktop\Flood_AI_Dataset\05_S1GFloods\B\image_1088.png,c:\Users\HP\OneDrive\Desktop\Flood_AI_Dataset\05_S1GFloods\Label\image_1088.png,76.5488,2
image_1142.png,c:\Users\HP\OneDrive\Desktop\Flood_AI_Dataset\05_S1GFloods\A\image_1142.png,c:\Users\HP\OneDrive\Desktop\Flood_AI_Dataset\05_S1GFloods\B\image_1142.png,c:\Users\HP\OneDrive\Desktop\Flood_AI_Dataset\05_S1GFloods\Label\image_1142.png,82.6157,2
image_3607.png,c:\Users\HP\OneDrive\Desktop\Flood_AI_Dataset\05_S1GFloods\A\image_3607.png,c:\Users\HP\OneDrive\Desktop\Flood_AI_Dataset\05_S1GFloods\B\image_3607.png,c:\Users\HP\OneDrive\Desktop\Flood_AI_Dataset\05_S1GFloods\Label\image_3607.png,51.8661,2
image_3091.png,c:\Users\HP\OneDrive\Desktop\Flood_AI_Dataset\05_S1GFloods\A\image_3091.png,c:\Users\HP\OneDrive\Desktop\Flood_AI_Dataset\05_S1GFloods\B\image_3091.png,c:\Users\HP\OneDrive\Desktop\Flood_AI_Dataset\05_S1GFloods\Label\image_3091.png,30.6,2
image_4826.png,c:\Users\HP\OneDrive\Desktop\Flood_AI_Dataset\05_S1GFloods\A\image_4826.png,c:\Users\HP\OneDrive\Desktop\Flood_AI_Dataset\05_S1GFloods\B\image_4826.png,c:\Users\HP\OneDrive\Desktop\Flood_AI_Dataset\05_S1GFloods\Label\image_4826.png,10.4385,2
image_540.png,c:\Users\HP\OneDrive\Desktop\Flood_AI_Dataset\05_S1GFloods\A\image_540.png,c:\Users\HP\OneDrive\Desktop\Flood_AI_Dataset\05_S1GFloods\B\image_540.png,c:\Users\HP\OneDrive\Desktop\Flood_AI_Dataset\05_S1GFloods\Label\image_540.png,89.0823,2
image_728.png,c:\Users\HP\OneDrive\Desktop\Flood_AI_Dataset\05_S1GFloods\A\image_728.png,c:\Users\HP\OneDrive\Desktop\Flood_AI_Dataset\05_S1GFloods\B\image_728.png,c:\Users\HP\OneDrive\Desktop\Flood_AI_Dataset\05_S1GFloods\Label\image_728.png,69.487,2
image_2689.png,c:\Users\HP\OneDrive\Desktop\Flood_AI_Dataset\05_S1GFloods\A\image_2689.png,c:\Users\HP\OneDrive\Desktop\Flood_AI_Dataset\05_S1GFloods\B\image_2689.png,c:\Users\HP\OneDrive\Desktop\Flood_AI_Dataset\05_S1GFloods\Label\image_2689.png,20.7809,2
image_1046.png,c:\Users\HP\OneDrive\Desktop\Flood_AI_Dataset\05_S1GFloods\A\image_1046.png,c:\Users\HP\OneDrive\Desktop\Flood_AI_Dataset\05_S1GFloods\B\image_1046.png,c:\Users\HP\OneDrive\Desktop\Flood_AI_Dataset\05_S1GFloods\Label\image_1046.png,36.9339,2
image_4677.png,c:\Users\HP\OneDrive\Desktop\Flood_AI_Dataset\05_S1GFloods\A\image_4677.png,c:\Users\HP\OneDrive\Desktop\Flood_AI_Dataset\05_S1GFloods\B\image_4677.png,c:\Users\HP\OneDrive\Desktop\Flood_AI_Dataset\05_S1GFloods\Label\image_4677.png,14.801,2
image_3499.png,c:\Users\HP\OneDrive\Desktop\Flood_AI_Dataset\05_S1GFloods\A\image_3499.png,c:\Users\HP\OneDrive\Desktop\Flood_AI_Dataset\05_S1GFloods\B\image_3499.png,c:\Users\HP\OneDrive\Desktop\Flood_AI_Dataset\05_S1GFloods\Label\image_3499.png,50.7675,2
image_5157.png,c:\Users\HP\OneDrive\Desktop\Flood_AI_Dataset\05_S1GFloods\A\image_5157.png,c:\Users\HP\OneDrive\Desktop\Flood_AI_Dataset\05_S1GFloods\B\image_5157.png,c:\Users\HP\OneDrive\Desktop\Flood_AI_Dataset\05_S1GFloods\Label\image_5157.png,13.2309,2
image_2314.png,c:\Users\HP\OneDrive\Desktop\Flood_AI_Dataset\05_S1GFloods\A\image_2314.png,c:\Users\HP\OneDrive\Desktop\Flood_AI_Dataset\05_S1GFloods\B\image_2314.png,c:\Users\HP\OneDrive\Desktop\Flood_AI_Dataset\05_S1GFloods\Label\image_2314.png,6.0272,1
image_2919.png,c:\Users\HP\OneDrive\Desktop\Flood_AI_Dataset\05_S1GFloods\A\image_2919.png,c:\Users\HP\OneDrive\Desktop\Flood_AI_Dataset\05_S1GFloods\B\image_2919.png,c:\Users\HP\OneDrive\Desktop\Flood_AI_Dataset\05_S1GFloods\Label\image_2919.png,63.5559,2
image_794.png,c:\Users\HP\OneDrive\Desktop\Flood_AI_Dataset\05_S1GFloods\A\image_794.png,c:\Users\HP\OneDrive\Desktop\Flood_AI_Dataset\05_S1GFloods\B\image_794.png,c:\Users\HP\OneDrive\Desktop\Flood_AI_Dataset\05_S1GFloods\Label\image_794.png,80.1605,2
image_1915.png,c:\Users\HP\OneDrive\Desktop\Flood_AI_Dataset\05_S1GFloods\A\image_1915.png,c:\Users\HP\OneDrive\Desktop\Flood_AI_Dataset\05_S1GFloods\B\image_1915.png,c:\Users\HP\OneDrive\Desktop\Flood_AI_Dataset\05_S1GFloods\Label\image_1915.png,5.8685,1
image_137.png,c:\Users\HP\OneDrive\Desktop\Flood_AI_Dataset\05_S1GFloods\A\image_137.png,c:\Users\HP\OneDrive\Desktop\Flood_AI_Dataset\05_S1GFloods\B\image_137.png,c:\Users\HP\OneDrive\Desktop\Flood_AI_Dataset\05_S1GFloods\Label\image_137.png,51.5625,2
image_5336.png,c:\Users\HP\OneDrive\Desktop\Flood_AI_Dataset\05_S1GFloods\A\image_5336.png,c:\Users\HP\OneDrive\Desktop\Flood_AI_Dataset\05_S1GFloods\B\image_5336.png,c:\Users\HP\OneDrive\Desktop\Flood_AI_Dataset\05_S1GFloods\Label\image_5336.png,24.5834,2
image_1584.png,c:\Users\HP\OneDrive\Desktop\Flood_AI_Dataset\05_S1GFloods\A\image_1584.png,c:\Users\HP\OneDrive\Desktop\Flood_AI_Dataset\05_S1GFloods\B\image_1584.png,c:\Users\HP\OneDrive\Desktop\Flood_AI_Dataset\05_S1GFloods\Label\image_1584.png,49.6307,2
image_4945.png,c:\Users\HP\OneDrive\Desktop\Flood_AI_Dataset\05_S1GFloods\A\image_4945.png,c:\Users\HP\OneDrive\Desktop\Flood_AI_Dataset\05_S1GFloods\B\image_4945.png,c:\Users\HP\OneDrive\Desktop\Flood_AI_Dataset\05_S1GFloods\Label\image_4945.png,7.692,1
image_516.png,c:\Users\HP\OneDrive\Desktop\Flood_AI_Dataset\05_S1GFloods\A\image_516.png,c:\Users\HP\OneDrive\Desktop\Flood_AI_Dataset\05_S1GFloods\B\image_516.png,c:\Users\HP\OneDrive\Desktop\Flood_AI_Dataset\05_S1GFloods\Label\image_516.png,37.0377,2
image_739.png,c:\Users\HP\OneDrive\Desktop\Flood_AI_Dataset\05_S1GFloods\A\image_739.png,c:\Users\HP\OneDrive\Desktop\Flood_AI_Dataset\05_S1GFloods\B\image_739.png,c:\Users\HP\OneDrive\Desktop\Flood_AI_Dataset\05_S1GFloods\Label\image_739.png,99.4598,2
image_2713.png,c:\Users\HP\OneDrive\Desktop\Flood_AI_Dataset\05_S1GFloods\A\image_2713.png,c:\Users\HP\OneDrive\Desktop\Flood_AI_Dataset\05_S1GFloods\B\image_2713.png,c:\Users\HP\OneDrive\Desktop\Flood_AI_Dataset\05_S1GFloods\Label\image_2713.png,51.9699,2
image_2254.png,c:\Users\HP\OneDrive\Desktop\Flood_AI_Dataset\05_S1GFloods\A\image_2254.png,c:\Users\HP\OneDrive\Desktop\Flood_AI_Dataset\05_S1GFloods\B\image_2254.png,c:\Users\HP\OneDrive\Desktop\Flood_AI_Dataset\05_S1GFloods\Label\image_2254.png,16.5268,2
image_2163.png,c:\Users\HP\OneDrive\Desktop\Flood_AI_Dataset\05_S1GFloods\A\image_2163.png,c:\Users\HP\OneDrive\Desktop\Flood_AI_Dataset\05_S1GFloods\B\image_2163.png,c:\Users\HP\OneDrive\Desktop\Flood_AI_Dataset\05_S1GFloods\Label\image_2163.png,12.8281,2
image_4024.png,c:\Users\HP\OneDrive\Desktop\Flood_AI_Dataset\05_S1GFloods\A\image_4024.png,c:\Users\HP\OneDrive\Desktop\Flood_AI_Dataset\05_S1GFloods\B\image_4024.png,c:\Users\HP\OneDrive\Desktop\Flood_AI_Dataset\05_S1GFloods\Label\image_4024.png,14.0701,2
image_4854.png,c:\Users\HP\OneDrive\Desktop\Flood_AI_Dataset\05_S1GFloods\A\image_4854.png,c:\Users\HP\OneDrive\Desktop\Flood_AI_Dataset\05_S1GFloods\B\image_4854.png,c:\Users\HP\OneDrive\Desktop\Flood_AI_Dataset\05_S1GFloods\Label\image_4854.png,9.2072,1
image_2060.png,c:\Users\HP\OneDrive\Desktop\Flood_AI_Dataset\05_S1GFloods\A\image_2060.png,c:\Users\HP\OneDrive\Desktop\Flood_AI_Dataset\05_S1GFloods\B\image_2060.png,c:\Users\HP\OneDrive\Desktop\Flood_AI_Dataset\05_S1GFloods\Label\image_2060.png,7.8339,1
image_358.png,c:\Users\HP\OneDrive\Desktop\Flood_AI_Dataset\05_S1GFloods\A\image_358.png,c:\Users\HP\OneDrive\Desktop\Flood_AI_Dataset\05_S1GFloods\B\image_358.png,c:\Users\HP\OneDrive\Desktop\Flood_AI_Dataset\05_S1GFloods\Label\image_358.png,7.3196,1
image_2341.png,c:\Users\HP\OneDrive\Desktop\Flood_AI_Dataset\05_S1GFloods\A\image_2341.png,c:\Users\HP\OneDrive\Desktop\Flood_AI_Dataset\05_S1GFloods\B\image_2341.png,c:\Users\HP\OneDrive\Desktop\Flood_AI_Dataset\05_S1GFloods\Label\image_2341.png,14.8178,2
image_932.png,c:\Users\HP\OneDrive\Desktop\Flood_AI_Dataset\05_S1GFloods\A\image_932.png,c:\Users\HP\OneDrive\Desktop\Flood_AI_Dataset\05_S1GFloods\B\image_932.png,c:\Users\HP\OneDrive\Desktop\Flood_AI_Dataset\05_S1GFloods\Label\image_932.png,42.4484,2
image_293.png,c:\Users\HP\OneDrive\Desktop\Flood_AI_Dataset\05_S1GFloods\A\image_293.png,c:\Users\HP\OneDrive\Desktop\Flood_AI_Dataset\05_S1GFloods\B\image_293.png,c:\Users\HP\OneDrive\Desktop\Flood_AI_Dataset\05_S1GFloods\Label\image_293.png,57.3822,2
image_3861.png,c:\Users\HP\OneDrive\Desktop\Flood_AI_Dataset\05_S1GFloods\A\image_3861.png,c:\Users\HP\OneDrive\Desktop\Flood_AI_Dataset\05_S1GFloods\B\image_3861.png,c:\Users\HP\OneDrive\Desktop\Flood_AI_Dataset\05_S1GFloods\Label\image_3861.png,93.2968,2
image_267.png,c:\Users\HP\OneDrive\Desktop\Flood_AI_Dataset\05_S1GFloods\A\image_267.png,c:\Users\HP\OneDrive\Desktop\Flood_AI_Dataset\05_S1GFloods\B\image_267.png,c:\Users\HP\OneDrive\Desktop\Flood_AI_Dataset\05_S1GFloods\Label\image_267.png,24.6536,2
image_1148.png,c:\Users\HP\OneDrive\Desktop\Flood_AI_Dataset\05_S1GFloods\A\image_1148.png,c:\Users\HP\OneDrive\Desktop\Flood_AI_Dataset\05_S1GFloods\B\image_1148.png,c:\Users\HP\OneDrive\Desktop\Flood_AI_Dataset\05_S1GFloods\Label\image_1148.png,39.2014,2
image_3196.png,c:\Users\HP\OneDrive\Desktop\Flood_AI_Dataset\05_S1GFloods\A\image_3196.png,c:\Users\HP\OneDrive\Desktop\Flood_AI_Dataset\05_S1GFloods\B\image_3196.png,c:\Users\HP\OneDrive\Desktop\Flood_AI_Dataset\05_S1GFloods\Label\image_3196.png,31.8115,2
image_4171.png,c:\Users\HP\OneDrive\Desktop\Flood_AI_Dataset\05_S1GFloods\A\image_4171.png,c:\Users\HP\OneDrive\Desktop\Flood_AI_Dataset\05_S1GFloods\B\image_4171.png,c:\Users\HP\OneDrive\Desktop\Flood_AI_Dataset\05_S1GFloods\Label\image_4171.png,71.1456,2
image_5181.png,c:\Users\HP\OneDrive\Desktop\Flood_AI_Dataset\05_S1GFloods\A\image_5181.png,c:\Users\HP\OneDrive\Desktop\Flood_AI_Dataset\05_S1GFloods\B\image_5181.png,c:\Users\HP\OneDrive\Desktop\Flood_AI_Dataset\05_S1GFloods\Label\image_5181.png,20.2057,2
image_1566.png,c:\Users\HP\OneDrive\Desktop\Flood_AI_Dataset\05_S1GFloods\A\image_1566.png,c:\Users\HP\OneDrive\Desktop\Flood_AI_Dataset\05_S1GFloods\B\image_1566.png,c:\Users\HP\OneDrive\Desktop\Flood_AI_Dataset\05_S1GFloods\Label\image_1566.png,12.0224,2
image_2138.png,c:\Users\HP\OneDrive\Desktop\Flood_AI_Dataset\05_S1GFloods\A\image_2138.png,c:\Users\HP\OneDrive\Desktop\Flood_AI_Dataset\05_S1GFloods\B\image_2138.png,c:\Users\HP\OneDrive\Desktop\Flood_AI_Dataset\05_S1GFloods\Label\image_2138.png,15.9424,2
image_4982.png,c:\Users\HP\OneDrive\Desktop\Flood_AI_Dataset\05_S1GFloods\A\image_4982.png,c:\Users\HP\OneDrive\Desktop\Flood_AI_Dataset\05_S1GFloods\B\image_4982.png,c:\Users\HP\OneDrive\Desktop\Flood_AI_Dataset\05_S1GFloods\Label\image_4982.png,12.6221,2
image_1632.png,c:\Users\HP\OneDrive\Desktop\Flood_AI_Dataset\05_S1GFloods\A\image_1632.png,c:\Users\HP\OneDrive\Desktop\Flood_AI_Dataset\05_S1GFloods\B\image_1632.png,c:\Users\HP\OneDrive\Desktop\Flood_AI_Dataset\05_S1GFloods\Label\image_1632.png,25.679,2
image_638.png,c:\Users\HP\OneDrive\Desktop\Flood_AI_Dataset\05_S1GFloods\A\image_638.png,c:\Users\HP\OneDrive\Desktop\Flood_AI_Dataset\05_S1GFloods\B\image_638.png,c:\Users\HP\OneDrive\Desktop\Flood_AI_Dataset\05_S1GFloods\Label\image_638.png,99.0524,2
image_3435.png,c:\Users\HP\OneDrive\Desktop\Flood_AI_Dataset\05_S1GFloods\A\image_3435.png,c:\Users\HP\OneDrive\Desktop\Flood_AI_Dataset\05_S1GFloods\B\image_3435.png,c:\Users\HP\OneDrive\Desktop\Flood_AI_Dataset\05_S1GFloods\Label\image_3435.png,6.0837,1
image_371.png,c:\Users\HP\OneDrive\Desktop\Flood_AI_Dataset\05_S1GFloods\A\image_371.png,c:\Users\HP\OneDrive\Desktop\Flood_AI_Dataset\05_S1GFloods\B\image_371.png,c:\Users\HP\OneDrive\Desktop\Flood_AI_Dataset\05_S1GFloods\Label\image_371.png,59.7824,2
image_4149.png,c:\Users\HP\OneDrive\Desktop\Flood_AI_Dataset\05_S1GFloods\A\image_4149.png,c:\Users\HP\OneDrive\Desktop\Flood_AI_Dataset\05_S1GFloods\B\image_4149.png,c:\Users\HP\OneDrive\Desktop\Flood_AI_Dataset\05_S1GFloods\Label\image_4149.png,46.936,2
image_4007.png,c:\Users\HP\OneDrive\Desktop\Flood_AI_Dataset\05_S1GFloods\A\image_4007.png,c:\Users\HP\OneDrive\Desktop\Flood_AI_Dataset\05_S1GFloods\B\image_4007.png,c:\Users\HP\OneDrive\Desktop\Flood_AI_Dataset\05_S1GFloods\Label\image_4007.png,91.3223,2
image_4021.png,c:\Users\HP\OneDrive\Desktop\Flood_AI_Dataset\05_S1GFloods\A\image_4021.png,c:\Users\HP\OneDrive\Desktop\Flood_AI_Dataset\05_S1GFloods\B\image_4021.png,c:\Users\HP\OneDrive\Desktop\Flood_AI_Dataset\05_S1GFloods\Label\image_4021.png,12.7411,2
image_598.png,c:\Users\HP\OneDrive\Desktop\Flood_AI_Dataset\05_S1GFloods\A\image_598.png,c:\Users\HP\OneDrive\Desktop\Flood_AI_Dataset\05_S1GFloods\B\image_598.png,c:\Users\HP\OneDrive\Desktop\Flood_AI_Dataset\05_S1GFloods\Label\image_598.png,8.2184,1
image_1591.png,c:\Users\HP\OneDrive\Desktop\Flood_AI_Dataset\05_S1GFloods\A\image_1591.png,c:\Users\HP\OneDrive\Desktop\Flood_AI_Dataset\05_S1GFloods\B\image_1591.png,c:\Users\HP\OneDrive\Desktop\Flood_AI_Dataset\05_S1GFloods\Label\image_1591.png,18.7805,2
image_166.png,c:\Users\HP\OneDrive\Desktop\Flood_AI_Dataset\05_S1GFloods\A\image_166.png,c:\Users\HP\OneDrive\Desktop\Flood_AI_Dataset\05_S1GFloods\B\image_166.png,c:\Users\HP\OneDrive\Desktop\Flood_AI_Dataset\05_S1GFloods\Label\image_166.png,38.8947,2
image_3317.png,c:\Users\HP\OneDrive\Desktop\Flood_AI_Dataset\05_S1GFloods\A\image_3317.png,c:\Users\HP\OneDrive\Desktop\Flood_AI_Dataset\05_S1GFloods\B\image_3317.png,c:\Users\HP\OneDrive\Desktop\Flood_AI_Dataset\05_S1GFloods\Label\image_3317.png,11.2793,2
image_1101.png,c:\Users\HP\OneDrive\Desktop\Flood_AI_Dataset\05_S1GFloods\A\image_1101.png,c:\Users\HP\OneDrive\Desktop\Flood_AI_Dataset\05_S1GFloods\B\image_1101.png,c:\Users\HP\OneDrive\Desktop\Flood_AI_Dataset\05_S1GFloods\Label\image_1101.png,15.0375,2
image_4719.png,c:\Users\HP\OneDrive\Desktop\Flood_AI_Dataset\05_S1GFloods\A\image_4719.png,c:\Users\HP\OneDrive\Desktop\Flood_AI_Dataset\05_S1GFloods\B\image_4719.png,c:\Users\HP\OneDrive\Desktop\Flood_AI_Dataset\05_S1GFloods\Label\image_4719.png,10.3775,2
image_951.png,c:\Users\HP\OneDrive\Desktop\Flood_AI_Dataset\05_S1GFloods\A\image_951.png,c:\Users\HP\OneDrive\Desktop\Flood_AI_Dataset\05_S1GFloods\B\image_951.png,c:\Users\HP\OneDrive\Desktop\Flood_AI_Dataset\05_S1GFloods\Label\image_951.png,51.5732,2
image_336.png,c:\Users\HP\OneDrive\Desktop\Flood_AI_Dataset\05_S1GFloods\A\image_336.png,c:\Users\HP\OneDrive\Desktop\Flood_AI_Dataset\05_S1GFloods\B\image_336.png,c:\Users\HP\OneDrive\Desktop\Flood_AI_Dataset\05_S1GFloods\Label\image_336.png,77.3285,2
image_715.png,c:\Users\HP\OneDrive\Desktop\Flood_AI_Dataset\05_S1GFloods\A\image_715.png,c:\Users\HP\OneDrive\Desktop\Flood_AI_Dataset\05_S1GFloods\B\image_715.png,c:\Users\HP\OneDrive\Desktop\Flood_AI_Dataset\05_S1GFloods\Label\image_715.png,48.381,2
image_4623.png,c:\Users\HP\OneDrive\Desktop\Flood_AI_Dataset\05_S1GFloods\A\image_4623.png,c:\Users\HP\OneDrive\Desktop\Flood_AI_Dataset\05_S1GFloods\B\image_4623.png,c:\Users\HP\OneDrive\Desktop\Flood_AI_Dataset\05_S1GFloods\Label\image_4623.png,10.8047,2
image_2894.png,c:\Users\HP\OneDrive\Desktop\Flood_AI_Dataset\05_S1GFloods\A\image_2894.png,c:\Users\HP\OneDrive\Desktop\Flood_AI_Dataset\05_S1GFloods\B\image_2894.png,c:\Users\HP\OneDrive\Desktop\Flood_AI_Dataset\05_S1GFloods\Label\image_2894.png,6.3141,1
image_5205.png,c:\Users\HP\OneDrive\Desktop\Flood_AI_Dataset\05_S1GFloods\A\image_5205.png,c:\Users\HP\OneDrive\Desktop\Flood_AI_Dataset\05_S1GFloods\B\image_5205.png,c:\Users\HP\OneDrive\Desktop\Flood_AI_Dataset\05_S1GFloods\Label\image_5205.png,11.8927,2
image_120.png,c:\Users\HP\OneDrive\Desktop\Flood_AI_Dataset\05_S1GFloods\A\image_120.png,c:\Users\HP\OneDrive\Desktop\Flood_AI_Dataset\05_S1GFloods\B\image_120.png,c:\Users\HP\OneDrive\Desktop\Flood_AI_Dataset\05_S1GFloods\Label\image_120.png,35.91,2
image_713.png,c:\Users\HP\OneDrive\Desktop\Flood_AI_Dataset\05_S1GFloods\A\image_713.png,c:\Users\HP\OneDrive\Desktop\Flood_AI_Dataset\05_S1GFloods\B\image_713.png,c:\Users\HP\OneDrive\Desktop\Flood_AI_Dataset\05_S1GFloods\Label\image_713.png,86.8378,2
image_2626.png,c:\Users\HP\OneDrive\Desktop\Flood_AI_Dataset\05_S1GFloods\A\image_2626.png,c:\Users\HP\OneDrive\Desktop\Flood_AI_Dataset\05_S1GFloods\B\image_2626.png,c:\Users\HP\OneDrive\Desktop\Flood_AI_Dataset\05_S1GFloods\Label\image_2626.png,23.0682,2
image_2878.png,c:\Users\HP\OneDrive\Desktop\Flood_AI_Dataset\05_S1GFloods\A\image_2878.png,c:\Users\HP\OneDrive\Desktop\Flood_AI_Dataset\05_S1GFloods\B\image_2878.png,c:\Users\HP\OneDrive\Desktop\Flood_AI_Dataset\05_S1GFloods\Label\image_2878.png,46.637,2
image_1193.png,c:\Users\HP\OneDrive\Desktop\Flood_AI_Dataset\05_S1GFloods\A\image_1193.png,c:\Users\HP\OneDrive\Desktop\Flood_AI_Dataset\05_S1GFloods\B\image_1193.png,c:\Users\HP\OneDrive\Desktop\Flood_AI_Dataset\05_S1GFloods\Label\image_1193.png,11.8698,2
image_3057.png,c:\Users\HP\OneDrive\Desktop\Flood_AI_Dataset\05_S1GFloods\A\image_3057.png,c:\Users\HP\OneDrive\Desktop\Flood_AI_Dataset\05_S1GFloods\B\image_3057.png,c:\Users\HP\OneDrive\Desktop\Flood_AI_Dataset\05_S1GFloods\Label\image_3057.png,14.8148,2
image_3620.png,c:\Users\HP\OneDrive\Desktop\Flood_AI_Dataset\05_S1GFloods\A\image_3620.png,c:\Users\HP\OneDrive\Desktop\Flood_AI_Dataset\05_S1GFloods\B\image_3620.png,c:\Users\HP\OneDrive\Desktop\Flood_AI_Dataset\05_S1GFloods\Label\image_3620.png,6.5903,1
image_265.png,c:\Users\HP\OneDrive\Desktop\Flood_AI_Dataset\05_S1GFloods\A\image_265.png,c:\Users\HP\OneDrive\Desktop\Flood_AI_Dataset\05_S1GFloods\B\image_265.png,c:\Users\HP\OneDrive\Desktop\Flood_AI_Dataset\05_S1GFloods\Label\image_265.png,69.0598,2
image_4938.png,c:\Users\HP\OneDrive\Desktop\Flood_AI_Dataset\05_S1GFloods\A\image_4938.png,c:\Users\HP\OneDrive\Desktop\Flood_AI_Dataset\05_S1GFloods\B\image_4938.png,c:\Users\HP\OneDrive\Desktop\Flood_AI_Dataset\05_S1GFloods\Label\image_4938.png,38.3148,2
image_4415.png,c:\Users\HP\OneDrive\Desktop\Flood_AI_Dataset\05_S1GFloods\A\image_4415.png,c:\Users\HP\OneDrive\Desktop\Flood_AI_Dataset\05_S1GFloods\B\image_4415.png,c:\Users\HP\OneDrive\Desktop\Flood_AI_Dataset\05_S1GFloods\Label\image_4415.png,61.3785,2
image_4929.png,c:\Users\HP\OneDrive\Desktop\Flood_AI_Dataset\05_S1GFloods\A\image_4929.png,c:\Users\HP\OneDrive\Desktop\Flood_AI_Dataset\05_S1GFloods\B\image_4929.png,c:\Users\HP\OneDrive\Desktop\Flood_AI_Dataset\05_S1GFloods\Label\image_4929.png,18.5333,2
image_3862.png,c:\Users\HP\OneDrive\Desktop\Flood_AI_Dataset\05_S1GFloods\A\image_3862.png,c:\Users\HP\OneDrive\Desktop\Flood_AI_Dataset\05_S1GFloods\B\image_3862.png,c:\Users\HP\OneDrive\Desktop\Flood_AI_Dataset\05_S1GFloods\Label\image_3862.png,57.5653,2
image_3558.png,c:\Users\HP\OneDrive\Desktop\Flood_AI_Dataset\05_S1GFloods\A\image_3558.png,c:\Users\HP\OneDrive\Desktop\Flood_AI_Dataset\05_S1GFloods\B\image_3558.png,c:\Users\HP\OneDrive\Desktop\Flood_AI_Dataset\05_S1GFloods\Label\image_3558.png,11.1725,2
image_1728.png,c:\Users\HP\OneDrive\Desktop\Flood_AI_Dataset\05_S1GFloods\A\image_1728.png,c:\Users\HP\OneDrive\Desktop\Flood_AI_Dataset\05_S1GFloods\B\image_1728.png,c:\Users\HP\OneDrive\Desktop\Flood_AI_Dataset\05_S1GFloods\Label\image_1728.png,43.3212,2
image_5298.png,c:\Users\HP\OneDrive\Desktop\Flood_AI_Dataset\05_S1GFloods\A\image_5298.png,c:\Users\HP\OneDrive\Desktop\Flood_AI_Dataset\05_S1GFloods\B\image_5298.png,c:\Users\HP\OneDrive\Desktop\Flood_AI_Dataset\05_S1GFloods\Label\image_5298.png,33.5205,2
image_4207.png,c:\Users\HP\OneDrive\Desktop\Flood_AI_Dataset\05_S1GFloods\A\image_4207.png,c:\Users\HP\OneDrive\Desktop\Flood_AI_Dataset\05_S1GFloods\B\image_4207.png,c:\Users\HP\OneDrive\Desktop\Flood_AI_Dataset\05_S1GFloods\Label\image_4207.png,92.984,2
image_862.png,c:\Users\HP\OneDrive\Desktop\Flood_AI_Dataset\05_S1GFloods\A\image_862.png,c:\Users\HP\OneDrive\Desktop\Flood_AI_Dataset\05_S1GFloods\B\image_862.png,c:\Users\HP\OneDrive\Desktop\Flood_AI_Dataset\05_S1GFloods\Label\image_862.png,44.1635,2
image_3490.png,c:\Users\HP\OneDrive\Desktop\Flood_AI_Dataset\05_S1GFloods\A\image_3490.png,c:\Users\HP\OneDrive\Desktop\Flood_AI_Dataset\05_S1GFloods\B\image_3490.png,c:\Users\HP\OneDrive\Desktop\Flood_AI_Dataset\05_S1GFloods\Label\image_3490.png,8.5571,1
image_4476.png,c:\Users\HP\OneDrive\Desktop\Flood_AI_Dataset\05_S1GFloods\A\image_4476.png,c:\Users\HP\OneDrive\Desktop\Flood_AI_Dataset\05_S1GFloods\B\image_4476.png,c:\Users\HP\OneDrive\Desktop\Flood_AI_Dataset\05_S1GFloods\Label\image_4476.png,17.4622,2
image_4225.png,c:\Users\HP\OneDrive\Desktop\Flood_AI_Dataset\05_S1GFloods\A\image_4225.png,c:\Users\HP\OneDrive\Desktop\Flood_AI_Dataset\05_S1GFloods\B\image_4225.png,c:\Users\HP\OneDrive\Desktop\Flood_AI_Dataset\05_S1GFloods\Label\image_4225.png,12.6816,2
image_3708.png,c:\Users\HP\OneDrive\Desktop\Flood_AI_Dataset\05_S1GFloods\A\image_3708.png,c:\Users\HP\OneDrive\Desktop\Flood_AI_Dataset\05_S1GFloods\B\image_3708.png,c:\Users\HP\OneDrive\Desktop\Flood_AI_Dataset\05_S1GFloods\Label\image_3708.png,91.0614,2
image_1437.png,c:\Users\HP\OneDrive\Desktop\Flood_AI_Dataset\05_S1GFloods\A\image_1437.png,c:\Users\HP\OneDrive\Desktop\Flood_AI_Dataset\05_S1GFloods\B\image_1437.png,c:\Users\HP\OneDrive\Desktop\Flood_AI_Dataset\05_S1GFloods\Label\image_1437.png,26.3504,2
image_2095.png,c:\Users\HP\OneDrive\Desktop\Flood_AI_Dataset\05_S1GFloods\A\image_2095.png,c:\Users\HP\OneDrive\Desktop\Flood_AI_Dataset\05_S1GFloods\B\image_2095.png,c:\Users\HP\OneDrive\Desktop\Flood_AI_Dataset\05_S1GFloods\Label\image_2095.png,15.0085,2
image_1809.png,c:\Users\HP\OneDrive\Desktop\Flood_AI_Dataset\05_S1GFloods\A\image_1809.png,c:\Users\HP\OneDrive\Desktop\Flood_AI_Dataset\05_S1GFloods\B\image_1809.png,c:\Users\HP\OneDrive\Desktop\Flood_AI_Dataset\05_S1GFloods\Label\image_1809.png,6.1661,1
image_3415.png,c:\Users\HP\OneDrive\Desktop\Flood_AI_Dataset\05_S1GFloods\A\image_3415.png,c:\Users\HP\OneDrive\Desktop\Flood_AI_Dataset\05_S1GFloods\B\image_3415.png,c:\Users\HP\OneDrive\Desktop\Flood_AI_Dataset\05_S1GFloods\Label\image_3415.png,17.9535,2
image_4181.png,c:\Users\HP\OneDrive\Desktop\Flood_AI_Dataset\05_S1GFloods\A\image_4181.png,c:\Users\HP\OneDrive\Desktop\Flood_AI_Dataset\05_S1GFloods\B\image_4181.png,c:\Users\HP\OneDrive\Desktop\Flood_AI_Dataset\05_S1GFloods\Label\image_4181.png,32.4173,2
image_1400.png,c:\Users\HP\OneDrive\Desktop\Flood_AI_Dataset\05_S1GFloods\A\image_1400.png,c:\Users\HP\OneDrive\Desktop\Flood_AI_Dataset\05_S1GFloods\B\image_1400.png,c:\Users\HP\OneDrive\Desktop\Flood_AI_Dataset\05_S1GFloods\Label\image_1400.png,13.6353,2
image_3137.png,c:\Users\HP\OneDrive\Desktop\Flood_AI_Dataset\05_S1GFloods\A\image_3137.png,c:\Users\HP\OneDrive\Desktop\Flood_AI_Dataset\05_S1GFloods\B\image_3137.png,c:\Users\HP\OneDrive\Desktop\Flood_AI_Dataset\05_S1GFloods\Label\image_3137.png,42.6147,2
image_4722.png,c:\Users\HP\OneDrive\Desktop\Flood_AI_Dataset\05_S1GFloods\A\image_4722.png,c:\Users\HP\OneDrive\Desktop\Flood_AI_Dataset\05_S1GFloods\B\image_4722.png,c:\Users\HP\OneDrive\Desktop\Flood_AI_Dataset\05_S1GFloods\Label\image_4722.png,5.4001,1
image_2465.png,c:\Users\HP\OneDrive\Desktop\Flood_AI_Dataset\05_S1GFloods\A\image_2465.png,c:\Users\HP\OneDrive\Desktop\Flood_AI_Dataset\05_S1GFloods\B\image_2465.png,c:\Users\HP\OneDrive\Desktop\Flood_AI_Dataset\05_S1GFloods\Label\image_2465.png,17.157,2
image_319.png,c:\Users\HP\OneDrive\Desktop\Flood_AI_Dataset\05_S1GFloods\A\image_319.png,c:\Users\HP\OneDrive\Desktop\Flood_AI_Dataset\05_S1GFloods\B\image_319.png,c:\Users\HP\OneDrive\Desktop\Flood_AI_Dataset\05_S1GFloods\Label\image_319.png,8.2489,1
image_5143.png,c:\Users\HP\OneDrive\Desktop\Flood_AI_Dataset\05_S1GFloods\A\image_5143.png,c:\Users\HP\OneDrive\Desktop\Flood_AI_Dataset\05_S1GFloods\B\image_5143.png,c:\Users\HP\OneDrive\Desktop\Flood_AI_Dataset\05_S1GFloods\Label\image_5143.png,20.6619,2
image_1439.png,c:\Users\HP\OneDrive\Desktop\Flood_AI_Dataset\05_S1GFloods\A\image_1439.png,c:\Users\HP\OneDrive\Desktop\Flood_AI_Dataset\05_S1GFloods\B\image_1439.png,c:\Users\HP\OneDrive\Desktop\Flood_AI_Dataset\05_S1GFloods\Label\image_1439.png,19.6533,2
image_1452.png,c:\Users\HP\OneDrive\Desktop\Flood_AI_Dataset\05_S1GFloods\A\image_1452.png,c:\Users\HP\OneDrive\Desktop\Flood_AI_Dataset\05_S1GFloods\B\image_1452.png,c:\Users\HP\OneDrive\Desktop\Flood_AI_Dataset\05_S1GFloods\Label\image_1452.png,34.3506,2
image_3615.png,c:\Users\HP\OneDrive\Desktop\Flood_AI_Dataset\05_S1GFloods\A\image_3615.png,c:\Users\HP\OneDrive\Desktop\Flood_AI_Dataset\05_S1GFloods\B\image_3615.png,c:\Users\HP\OneDrive\Desktop\Flood_AI_Dataset\05_S1GFloods\Label\image_3615.png,62.4023,2
image_4250.png,c:\Users\HP\OneDrive\Desktop\Flood_AI_Dataset\05_S1GFloods\A\image_4250.png,c:\Users\HP\OneDrive\Desktop\Flood_AI_Dataset\05_S1GFloods\B\image_4250.png,c:\Users\HP\OneDrive\Desktop\Flood_AI_Dataset\05_S1GFloods\Label\image_4250.png,6.1661,1
image_3349.png,c:\Users\HP\OneDrive\Desktop\Flood_AI_Dataset\05_S1GFloods\A\image_3349.png,c:\Users\HP\OneDrive\Desktop\Flood_AI_Dataset\05_S1GFloods\B\image_3349.png,c:\Users\HP\OneDrive\Desktop\Flood_AI_Dataset\05_S1GFloods\Label\image_3349.png,5.6122,1
image_2752.png,c:\Users\HP\OneDrive\Desktop\Flood_AI_Dataset\05_S1GFloods\A\image_2752.png,c:\Users\HP\OneDrive\Desktop\Flood_AI_Dataset\05_S1GFloods\B\image_2752.png,c:\Users\HP\OneDrive\Desktop\Flood_AI_Dataset\05_S1GFloods\Label\image_2752.png,50.0595,2
image_753.png,c:\Users\HP\OneDrive\Desktop\Flood_AI_Dataset\05_S1GFloods\A\image_753.png,c:\Users\HP\OneDrive\Desktop\Flood_AI_Dataset\05_S1GFloods\B\image_753.png,c:\Users\HP\OneDrive\Desktop\Flood_AI_Dataset\05_S1GFloods\Label\image_753.png,5.9265,1
image_1673.png,c:\Users\HP\OneDrive\Desktop\Flood_AI_Dataset\05_S1GFloods\A\image_1673.png,c:\Users\HP\OneDrive\Desktop\Flood_AI_Dataset\05_S1GFloods\B\image_1673.png,c:\Users\HP\OneDrive\Desktop\Flood_AI_Dataset\05_S1GFloods\Label\image_1673.png,17.7628,2
image_1780.png,c:\Users\HP\OneDrive\Desktop\Flood_AI_Dataset\05_S1GFloods\A\image_1780.png,c:\Users\HP\OneDrive\Desktop\Flood_AI_Dataset\05_S1GFloods\B\image_1780.png,c:\Users\HP\OneDrive\Desktop\Flood_AI_Dataset\05_S1GFloods\Label\image_1780.png,6.3309,1
image_2881.png,c:\Users\HP\OneDrive\Desktop\Flood_AI_Dataset\05_S1GFloods\A\image_2881.png,c:\Users\HP\OneDrive\Desktop\Flood_AI_Dataset\05_S1GFloods\B\image_2881.png,c:\Users\HP\OneDrive\Desktop\Flood_AI_Dataset\05_S1GFloods\Label\image_2881.png,40.564,2
image_3829.png,c:\Users\HP\OneDrive\Desktop\Flood_AI_Dataset\05_S1GFloods\A\image_3829.png,c:\Users\HP\OneDrive\Desktop\Flood_AI_Dataset\05_S1GFloods\B\image_3829.png,c:\Users\HP\OneDrive\Desktop\Flood_AI_Dataset\05_S1GFloods\Label\image_3829.png,76.387,2
image_944.png,c:\Users\HP\OneDrive\Desktop\Flood_AI_Dataset\05_S1GFloods\A\image_944.png,c:\Users\HP\OneDrive\Desktop\Flood_AI_Dataset\05_S1GFloods\B\image_944.png,c:\Users\HP\OneDrive\Desktop\Flood_AI_Dataset\05_S1GFloods\Label\image_944.png,22.9172,2
image_649.png,c:\Users\HP\OneDrive\Desktop\Flood_AI_Dataset\05_S1GFloods\A\image_649.png,c:\Users\HP\OneDrive\Desktop\Flood_AI_Dataset\05_S1GFloods\B\image_649.png,c:\Users\HP\OneDrive\Desktop\Flood_AI_Dataset\05_S1GFloods\Label\image_649.png,14.0564,2
image_3508.png,c:\Users\HP\OneDrive\Desktop\Flood_AI_Dataset\05_S1GFloods\A\image_3508.png,c:\Users\HP\OneDrive\Desktop\Flood_AI_Dataset\05_S1GFloods\B\image_3508.png,c:\Users\HP\OneDrive\Desktop\Flood_AI_Dataset\05_S1GFloods\Label\image_3508.png,30.4138,2
image_4027.png,c:\Users\HP\OneDrive\Desktop\Flood_AI_Dataset\05_S1GFloods\A\image_4027.png,c:\Users\HP\OneDrive\Desktop\Flood_AI_Dataset\05_S1GFloods\B\image_4027.png,c:\Users\HP\OneDrive\Desktop\Flood_AI_Dataset\05_S1GFloods\Label\image_4027.png,79.0359,2
image_2680.png,c:\Users\HP\OneDrive\Desktop\Flood_AI_Dataset\05_S1GFloods\A\image_2680.png,c:\Users\HP\OneDrive\Desktop\Flood_AI_Dataset\05_S1GFloods\B\image_2680.png,c:\Users\HP\OneDrive\Desktop\Flood_AI_Dataset\05_S1GFloods\Label\image_2680.png,26.0315,2
image_2515.png,c:\Users\HP\OneDrive\Desktop\Flood_AI_Dataset\05_S1GFloods\A\image_2515.png,c:\Users\HP\OneDrive\Desktop\Flood_AI_Dataset\05_S1GFloods\B\image_2515.png,c:\Users\HP\OneDrive\Desktop\Flood_AI_Dataset\05_S1GFloods\Label\image_2515.png,98.114,2
image_2158.png,c:\Users\HP\OneDrive\Desktop\Flood_AI_Dataset\05_S1GFloods\A\image_2158.png,c:\Users\HP\OneDrive\Desktop\Flood_AI_Dataset\05_S1GFloods\B\image_2158.png,c:\Users\HP\OneDrive\Desktop\Flood_AI_Dataset\05_S1GFloods\Label\image_2158.png,5.9906,1
image_2484.png,c:\Users\HP\OneDrive\Desktop\Flood_AI_Dataset\05_S1GFloods\A\image_2484.png,c:\Users\HP\OneDrive\Desktop\Flood_AI_Dataset\05_S1GFloods\B\image_2484.png,c:\Users\HP\OneDrive\Desktop\Flood_AI_Dataset\05_S1GFloods\Label\image_2484.png,54.2877,2
image_1793.png,c:\Users\HP\OneDrive\Desktop\Flood_AI_Dataset\05_S1GFloods\A\image_1793.png,c:\Users\HP\OneDrive\Desktop\Flood_AI_Dataset\05_S1GFloods\B\image_1793.png,c:\Users\HP\OneDrive\Desktop\Flood_AI_Dataset\05_S1GFloods\Label\image_1793.png,7.6324,1
image_4743.png,c:\Users\HP\OneDrive\Desktop\Flood_AI_Dataset\05_S1GFloods\A\image_4743.png,c:\Users\HP\OneDrive\Desktop\Flood_AI_Dataset\05_S1GFloods\B\image_4743.png,c:\Users\HP\OneDrive\Desktop\Flood_AI_Dataset\05_S1GFloods\Label\image_4743.png,23.3551,2
image_1506.png,c:\Users\HP\OneDrive\Desktop\Flood_AI_Dataset\05_S1GFloods\A\image_1506.png,c:\Users\HP\OneDrive\Desktop\Flood_AI_Dataset\05_S1GFloods\B\image_1506.png,c:\Users\HP\OneDrive\Desktop\Flood_AI_Dataset\05_S1GFloods\Label\image_1506.png,5.011,1
image_3076.png,c:\Users\HP\OneDrive\Desktop\Flood_AI_Dataset\05_S1GFloods\A\image_3076.png,c:\Users\HP\OneDrive\Desktop\Flood_AI_Dataset\05_S1GFloods\B\image_3076.png,c:\Users\HP\OneDrive\Desktop\Flood_AI_Dataset\05_S1GFloods\Label\image_3076.png,11.0504,2
image_1733.png,c:\Users\HP\OneDrive\Desktop\Flood_AI_Dataset\05_S1GFloods\A\image_1733.png,c:\Users\HP\OneDrive\Desktop\Flood_AI_Dataset\05_S1GFloods\B\image_1733.png,c:\Users\HP\OneDrive\Desktop\Flood_AI_Dataset\05_S1GFloods\Label\image_1733.png,8.316,1
image_1061.png,c:\Users\HP\OneDrive\Desktop\Flood_AI_Dataset\05_S1GFloods\A\image_1061.png,c:\Users\HP\OneDrive\Desktop\Flood_AI_Dataset\05_S1GFloods\B\image_1061.png,c:\Users\HP\OneDrive\Desktop\Flood_AI_Dataset\05_S1GFloods\Label\image_1061.png,53.7033,2
image_2896.png,c:\Users\HP\OneDrive\Desktop\Flood_AI_Dataset\05_S1GFloods\A\image_2896.png,c:\Users\HP\OneDrive\Desktop\Flood_AI_Dataset\05_S1GFloods\B\image_2896.png,c:\Users\HP\OneDrive\Desktop\Flood_AI_Dataset\05_S1GFloods\Label\image_2896.png,10.5881,2
image_4188.png,c:\Users\HP\OneDrive\Desktop\Flood_AI_Dataset\05_S1GFloods\A\image_4188.png,c:\Users\HP\OneDrive\Desktop\Flood_AI_Dataset\05_S1GFloods\B\image_4188.png,c:\Users\HP\OneDrive\Desktop\Flood_AI_Dataset\05_S1GFloods\Label\image_4188.png,89.8285,2
image_1847.png,c:\Users\HP\OneDrive\Desktop\Flood_AI_Dataset\05_S1GFloods\A\image_1847.png,c:\Users\HP\OneDrive\Desktop\Flood_AI_Dataset\05_S1GFloods\B\image_1847.png,c:\Users\HP\OneDrive\Desktop\Flood_AI_Dataset\05_S1GFloods\Label\image_1847.png,34.7,2
image_4850.png,c:\Users\HP\OneDrive\Desktop\Flood_AI_Dataset\05_S1GFloods\A\image_4850.png,c:\Users\HP\OneDrive\Desktop\Flood_AI_Dataset\05_S1GFloods\B\image_4850.png,c:\Users\HP\OneDrive\Desktop\Flood_AI_Dataset\05_S1GFloods\Label\image_4850.png,12.0926,2
image_5043.png,c:\Users\HP\OneDrive\Desktop\Flood_AI_Dataset\05_S1GFloods\A\image_5043.png,c:\Users\HP\OneDrive\Desktop\Flood_AI_Dataset\05_S1GFloods\B\image_5043.png,c:\Users\HP\OneDrive\Desktop\Flood_AI_Dataset\05_S1GFloods\Label\image_5043.png,17.6498,2
image_1984.png,c:\Users\HP\OneDrive\Desktop\Flood_AI_Dataset\05_S1GFloods\A\image_1984.png,c:\Users\HP\OneDrive\Desktop\Flood_AI_Dataset\05_S1GFloods\B\image_1984.png,c:\Users\HP\OneDrive\Desktop\Flood_AI_Dataset\05_S1GFloods\Label\image_1984.png,16.1713,2
image_4662.png,c:\Users\HP\OneDrive\Desktop\Flood_AI_Dataset\05_S1GFloods\A\image_4662.png,c:\Users\HP\OneDrive\Desktop\Flood_AI_Dataset\05_S1GFloods\B\image_4662.png,c:\Users\HP\OneDrive\Desktop\Flood_AI_Dataset\05_S1GFloods\Label\image_4662.png,25.9232,2
image_3261.png,c:\Users\HP\OneDrive\Desktop\Flood_AI_Dataset\05_S1GFloods\A\image_3261.png,c:\Users\HP\OneDrive\Desktop\Flood_AI_Dataset\05_S1GFloods\B\image_3261.png,c:\Users\HP\OneDrive\Desktop\Flood_AI_Dataset\05_S1GFloods\Label\image_3261.png,7.9559,1
image_4692.png,c:\Users\HP\OneDrive\Desktop\Flood_AI_Dataset\05_S1GFloods\A\image_4692.png,c:\Users\HP\OneDrive\Desktop\Flood_AI_Dataset\05_S1GFloods\B\image_4692.png,c:\Users\HP\OneDrive\Desktop\Flood_AI_Dataset\05_S1GFloods\Label\image_4692.png,47.081,2
image_3479.png,c:\Users\HP\OneDrive\Desktop\Flood_AI_Dataset\05_S1GFloods\A\image_3479.png,c:\Users\HP\OneDrive\Desktop\Flood_AI_Dataset\05_S1GFloods\B\image_3479.png,c:\Users\HP\OneDrive\Desktop\Flood_AI_Dataset\05_S1GFloods\Label\image_3479.png,5.3345,1
image_1454.png,c:\Users\HP\OneDrive\Desktop\Flood_AI_Dataset\05_S1GFloods\A\image_1454.png,c:\Users\HP\OneDrive\Desktop\Flood_AI_Dataset\05_S1GFloods\B\image_1454.png,c:\Users\HP\OneDrive\Desktop\Flood_AI_Dataset\05_S1GFloods\Label\image_1454.png,28.5919,2
image_1657.png,c:\Users\HP\OneDrive\Desktop\Flood_AI_Dataset\05_S1GFloods\A\image_1657.png,c:\Users\HP\OneDrive\Desktop\Flood_AI_Dataset\05_S1GFloods\B\image_1657.png,c:\Users\HP\OneDrive\Desktop\Flood_AI_Dataset\05_S1GFloods\Label\image_1657.png,5.8426,1
image_1261.png,c:\Users\HP\OneDrive\Desktop\Flood_AI_Dataset\05_S1GFloods\A\image_1261.png,c:\Users\HP\OneDrive\Desktop\Flood_AI_Dataset\05_S1GFloods\B\image_1261.png,c:\Users\HP\OneDrive\Desktop\Flood_AI_Dataset\05_S1GFloods\Label\image_1261.png,16.1469,2
image_94.png,c:\Users\HP\OneDrive\Desktop\Flood_AI_Dataset\05_S1GFloods\A\image_94.png,c:\Users\HP\OneDrive\Desktop\Flood_AI_Dataset\05_S1GFloods\B\image_94.png,c:\Users\HP\OneDrive\Desktop\Flood_AI_Dataset\05_S1GFloods\Label\image_94.png,22.3404,2
image_3711.png,c:\Users\HP\OneDrive\Desktop\Flood_AI_Dataset\05_S1GFloods\A\image_3711.png,c:\Users\HP\OneDrive\Desktop\Flood_AI_Dataset\05_S1GFloods\B\image_3711.png,c:\Users\HP\OneDrive\Desktop\Flood_AI_Dataset\05_S1GFloods\Label\image_3711.png,11.3831,2
image_1911.png,c:\Users\HP\OneDrive\Desktop\Flood_AI_Dataset\05_S1GFloods\A\image_1911.png,c:\Users\HP\OneDrive\Desktop\Flood_AI_Dataset\05_S1GFloods\B\image_1911.png,c:\Users\HP\OneDrive\Desktop\Flood_AI_Dataset\05_S1GFloods\Label\image_1911.png,6.2775,1
image_3038.png,c:\Users\HP\OneDrive\Desktop\Flood_AI_Dataset\05_S1GFloods\A\image_3038.png,c:\Users\HP\OneDrive\Desktop\Flood_AI_Dataset\05_S1GFloods\B\image_3038.png,c:\Users\HP\OneDrive\Desktop\Flood_AI_Dataset\05_S1GFloods\Label\image_3038.png,33.0231,2
image_4041.png,c:\Users\HP\OneDrive\Desktop\Flood_AI_Dataset\05_S1GFloods\A\image_4041.png,c:\Users\HP\OneDrive\Desktop\Flood_AI_Dataset\05_S1GFloods\B\image_4041.png,c:\Users\HP\OneDrive\Desktop\Flood_AI_Dataset\05_S1GFloods\Label\image_4041.png,22.0337,2
image_4567.png,c:\Users\HP\OneDrive\Desktop\Flood_AI_Dataset\05_S1GFloods\A\image_4567.png,c:\Users\HP\OneDrive\Desktop\Flood_AI_Dataset\05_S1GFloods\B\image_4567.png,c:\Users\HP\OneDrive\Desktop\Flood_AI_Dataset\05_S1GFloods\Label\image_4567.png,10.9451,2
image_3879.png,c:\Users\HP\OneDrive\Desktop\Flood_AI_Dataset\05_S1GFloods\A\image_3879.png,c:\Users\HP\OneDrive\Desktop\Flood_AI_Dataset\05_S1GFloods\B\image_3879.png,c:\Users\HP\OneDrive\Desktop\Flood_AI_Dataset\05_S1GFloods\Label\image_3879.png,93.28,2
image_3222.png,c:\Users\HP\OneDrive\Desktop\Flood_AI_Dataset\05_S1GFloods\A\image_3222.png,c:\Users\HP\OneDrive\Desktop\Flood_AI_Dataset\05_S1GFloods\B\image_3222.png,c:\Users\HP\OneDrive\Desktop\Flood_AI_Dataset\05_S1GFloods\Label\image_3222.png,51.7212,2
image_4126.png,c:\Users\HP\OneDrive\Desktop\Flood_AI_Dataset\05_S1GFloods\A\image_4126.png,c:\Users\HP\OneDrive\Desktop\Flood_AI_Dataset\05_S1GFloods\B\image_4126.png,c:\Users\HP\OneDrive\Desktop\Flood_AI_Dataset\05_S1GFloods\Label\image_4126.png,60.0708,2
image_5125.png,c:\Users\HP\OneDrive\Desktop\Flood_AI_Dataset\05_S1GFloods\A\image_5125.png,c:\Users\HP\OneDrive\Desktop\Flood_AI_Dataset\05_S1GFloods\B\image_5125.png,c:\Users\HP\OneDrive\Desktop\Flood_AI_Dataset\05_S1GFloods\Label\image_5125.png,8.7952,1
image_1973.png,c:\Users\HP\OneDrive\Desktop\Flood_AI_Dataset\05_S1GFloods\A\image_1973.png,c:\Users\HP\OneDrive\Desktop\Flood_AI_Dataset\05_S1GFloods\B\image_1973.png,c:\Users\HP\OneDrive\Desktop\Flood_AI_Dataset\05_S1GFloods\Label\image_1973.png,9.2621,1
image_1321.png,c:\Users\HP\OneDrive\Desktop\Flood_AI_Dataset\05_S1GFloods\A\image_1321.png,c:\Users\HP\OneDrive\Desktop\Flood_AI_Dataset\05_S1GFloods\B\image_1321.png,c:\Users\HP\OneDrive\Desktop\Flood_AI_Dataset\05_S1GFloods\Label\image_1321.png,40.6586,2
image_2090.png,c:\Users\HP\OneDrive\Desktop\Flood_AI_Dataset\05_S1GFloods\A\image_2090.png,c:\Users\HP\OneDrive\Desktop\Flood_AI_Dataset\05_S1GFloods\B\image_2090.png,c:\Users\HP\OneDrive\Desktop\Flood_AI_Dataset\05_S1GFloods\Label\image_2090.png,16.6382,2
image_1978.png,c:\Users\HP\OneDrive\Desktop\Flood_AI_Dataset\05_S1GFloods\A\image_1978.png,c:\Users\HP\OneDrive\Desktop\Flood_AI_Dataset\05_S1GFloods\B\image_1978.png,c:\Users\HP\OneDrive\Desktop\Flood_AI_Dataset\05_S1GFloods\Label\image_1978.png,13.8901,2
image_3337.png,c:\Users\HP\OneDrive\Desktop\Flood_AI_Dataset\05_S1GFloods\A\image_3337.png,c:\Users\HP\OneDrive\Desktop\Flood_AI_Dataset\05_S1GFloods\B\image_3337.png,c:\Users\HP\OneDrive\Desktop\Flood_AI_Dataset\05_S1GFloods\Label\image_3337.png,19.1422,2
image_220.png,c:\Users\HP\OneDrive\Desktop\Flood_AI_Dataset\05_S1GFloods\A\image_220.png,c:\Users\HP\OneDrive\Desktop\Flood_AI_Dataset\05_S1GFloods\B\image_220.png,c:\Users\HP\OneDrive\Desktop\Flood_AI_Dataset\05_S1GFloods\Label\image_220.png,5.7739,1
image_51.png,c:\Users\HP\OneDrive\Desktop\Flood_AI_Dataset\05_S1GFloods\A\image_51.png,c:\Users\HP\OneDrive\Desktop\Flood_AI_Dataset\05_S1GFloods\B\image_51.png,c:\Users\HP\OneDrive\Desktop\Flood_AI_Dataset\05_S1GFloods\Label\image_51.png,5.809,1
image_5355.png,c:\Users\HP\OneDrive\Desktop\Flood_AI_Dataset\05_S1GFloods\A\image_5355.png,c:\Users\HP\OneDrive\Desktop\Flood_AI_Dataset\05_S1GFloods\B\image_5355.png,c:\Users\HP\OneDrive\Desktop\Flood_AI_Dataset\05_S1GFloods\Label\image_5355.png,16.0904,2
image_2139.png,c:\Users\HP\OneDrive\Desktop\Flood_AI_Dataset\05_S1GFloods\A\image_2139.png,c:\Users\HP\OneDrive\Desktop\Flood_AI_Dataset\05_S1GFloods\B\image_2139.png,c:\Users\HP\OneDrive\Desktop\Flood_AI_Dataset\05_S1GFloods\Label\image_2139.png,8.3008,1
image_2865.png,c:\Users\HP\OneDrive\Desktop\Flood_AI_Dataset\05_S1GFloods\A\image_2865.png,c:\Users\HP\OneDrive\Desktop\Flood_AI_Dataset\05_S1GFloods\B\image_2865.png,c:\Users\HP\OneDrive\Desktop\Flood_AI_Dataset\05_S1GFloods\Label\image_2865.png,33.2535,2
image_4478.png,c:\Users\HP\OneDrive\Desktop\Flood_AI_Dataset\05_S1GFloods\A\image_4478.png,c:\Users\HP\OneDrive\Desktop\Flood_AI_Dataset\05_S1GFloods\B\image_4478.png,c:\Users\HP\OneDrive\Desktop\Flood_AI_Dataset\05_S1GFloods\Label\image_4478.png,57.132,2
image_3105.png,c:\Users\HP\OneDrive\Desktop\Flood_AI_Dataset\05_S1GFloods\A\image_3105.png,c:\Users\HP\OneDrive\Desktop\Flood_AI_Dataset\05_S1GFloods\B\image_3105.png,c:\Users\HP\OneDrive\Desktop\Flood_AI_Dataset\05_S1GFloods\Label\image_3105.png,44.3985,2
image_1932.png,c:\Users\HP\OneDrive\Desktop\Flood_AI_Dataset\05_S1GFloods\A\image_1932.png,c:\Users\HP\OneDrive\Desktop\Flood_AI_Dataset\05_S1GFloods\B\image_1932.png,c:\Users\HP\OneDrive\Desktop\Flood_AI_Dataset\05_S1GFloods\Label\image_1932.png,11.1877,2
image_2851.png,c:\Users\HP\OneDrive\Desktop\Flood_AI_Dataset\05_S1GFloods\A\image_2851.png,c:\Users\HP\OneDrive\Desktop\Flood_AI_Dataset\05_S1GFloods\B\image_2851.png,c:\Users\HP\OneDrive\Desktop\Flood_AI_Dataset\05_S1GFloods\Label\image_2851.png,66.4703,2
image_3305.png,c:\Users\HP\OneDrive\Desktop\Flood_AI_Dataset\05_S1GFloods\A\image_3305.png,c:\Users\HP\OneDrive\Desktop\Flood_AI_Dataset\05_S1GFloods\B\image_3305.png,c:\Users\HP\OneDrive\Desktop\Flood_AI_Dataset\05_S1GFloods\Label\image_3305.png,11.6669,2
image_3918.png,c:\Users\HP\OneDrive\Desktop\Flood_AI_Dataset\05_S1GFloods\A\image_3918.png,c:\Users\HP\OneDrive\Desktop\Flood_AI_Dataset\05_S1GFloods\B\image_3918.png,c:\Users\HP\OneDrive\Desktop\Flood_AI_Dataset\05_S1GFloods\Label\image_3918.png,75.8698,2
image_1527.png,c:\Users\HP\OneDrive\Desktop\Flood_AI_Dataset\05_S1GFloods\A\image_1527.png,c:\Users\HP\OneDrive\Desktop\Flood_AI_Dataset\05_S1GFloods\B\image_1527.png,c:\Users\HP\OneDrive\Desktop\Flood_AI_Dataset\05_S1GFloods\Label\image_1527.png,28.2242,2
image_709.png,c:\Users\HP\OneDrive\Desktop\Flood_AI_Dataset\05_S1GFloods\A\image_709.png,c:\Users\HP\OneDrive\Desktop\Flood_AI_Dataset\05_S1GFloods\B\image_709.png,c:\Users\HP\OneDrive\Desktop\Flood_AI_Dataset\05_S1GFloods\Label\image_709.png,61.9339,2
image_2384.png,c:\Users\HP\OneDrive\Desktop\Flood_AI_Dataset\05_S1GFloods\A\image_2384.png,c:\Users\HP\OneDrive\Desktop\Flood_AI_Dataset\05_S1GFloods\B\image_2384.png,c:\Users\HP\OneDrive\Desktop\Flood_AI_Dataset\05_S1GFloods\Label\image_2384.png,13.5162,2
image_1699.png,c:\Users\HP\OneDrive\Desktop\Flood_AI_Dataset\05_S1GFloods\A\image_1699.png,c:\Users\HP\OneDrive\Desktop\Flood_AI_Dataset\05_S1GFloods\B\image_1699.png,c:\Users\HP\OneDrive\Desktop\Flood_AI_Dataset\05_S1GFloods\Label\image_1699.png,62.7304,2
image_817.png,c:\Users\HP\OneDrive\Desktop\Flood_AI_Dataset\05_S1GFloods\A\image_817.png,c:\Users\HP\OneDrive\Desktop\Flood_AI_Dataset\05_S1GFloods\B\image_817.png,c:\Users\HP\OneDrive\Desktop\Flood_AI_Dataset\05_S1GFloods\Label\image_817.png,26.5411,2
image_3812.png,c:\Users\HP\OneDrive\Desktop\Flood_AI_Dataset\05_S1GFloods\A\image_3812.png,c:\Users\HP\OneDrive\Desktop\Flood_AI_Dataset\05_S1GFloods\B\image_3812.png,c:\Users\HP\OneDrive\Desktop\Flood_AI_Dataset\05_S1GFloods\Label\image_3812.png,37.3245,2
image_2604.png,c:\Users\HP\OneDrive\Desktop\Flood_AI_Dataset\05_S1GFloods\A\image_2604.png,c:\Users\HP\OneDrive\Desktop\Flood_AI_Dataset\05_S1GFloods\B\image_2604.png,c:\Users\HP\OneDrive\Desktop\Flood_AI_Dataset\05_S1GFloods\Label\image_2604.png,10.5453,2
image_4048.png,c:\Users\HP\OneDrive\Desktop\Flood_AI_Dataset\05_S1GFloods\A\image_4048.png,c:\Users\HP\OneDrive\Desktop\Flood_AI_Dataset\05_S1GFloods\B\image_4048.png,c:\Users\HP\OneDrive\Desktop\Flood_AI_Dataset\05_S1GFloods\Label\image_4048.png,35.8627,2
image_2997.png,c:\Users\HP\OneDrive\Desktop\Flood_AI_Dataset\05_S1GFloods\A\image_2997.png,c:\Users\HP\OneDrive\Desktop\Flood_AI_Dataset\05_S1GFloods\B\image_2997.png,c:\Users\HP\OneDrive\Desktop\Flood_AI_Dataset\05_S1GFloods\Label\image_2997.png,51.6251,2
image_169.png,c:\Users\HP\OneDrive\Desktop\Flood_AI_Dataset\05_S1GFloods\A\image_169.png,c:\Users\HP\OneDrive\Desktop\Flood_AI_Dataset\05_S1GFloods\B\image_169.png,c:\Users\HP\OneDrive\Desktop\Flood_AI_Dataset\05_S1GFloods\Label\image_169.png,44.5175,2
image_3906.png,c:\Users\HP\OneDrive\Desktop\Flood_AI_Dataset\05_S1GFloods\A\image_3906.png,c:\Users\HP\OneDrive\Desktop\Flood_AI_Dataset\05_S1GFloods\B\image_3906.png,c:\Users\HP\OneDrive\Desktop\Flood_AI_Dataset\05_S1GFloods\Label\image_3906.png,98.0225,2
image_2860.png,c:\Users\HP\OneDrive\Desktop\Flood_AI_Dataset\05_S1GFloods\A\image_2860.png,c:\Users\HP\OneDrive\Desktop\Flood_AI_Dataset\05_S1GFloods\B\image_2860.png,c:\Users\HP\OneDrive\Desktop\Flood_AI_Dataset\05_S1GFloods\Label\image_2860.png,10.35,2
image_4477.png,c:\Users\HP\OneDrive\Desktop\Flood_AI_Dataset\05_S1GFloods\A\image_4477.png,c:\Users\HP\OneDrive\Desktop\Flood_AI_Dataset\05_S1GFloods\B\image_4477.png,c:\Users\HP\OneDrive\Desktop\Flood_AI_Dataset\05_S1GFloods\Label\image_4477.png,50.1602,2
image_4687.png,c:\Users\HP\OneDrive\Desktop\Flood_AI_Dataset\05_S1GFloods\A\image_4687.png,c:\Users\HP\OneDrive\Desktop\Flood_AI_Dataset\05_S1GFloods\B\image_4687.png,c:\Users\HP\OneDrive\Desktop\Flood_AI_Dataset\05_S1GFloods\Label\image_4687.png,19.516,2
image_4968.png,c:\Users\HP\OneDrive\Desktop\Flood_AI_Dataset\05_S1GFloods\A\image_4968.png,c:\Users\HP\OneDrive\Desktop\Flood_AI_Dataset\05_S1GFloods\B\image_4968.png,c:\Users\HP\OneDrive\Desktop\Flood_AI_Dataset\05_S1GFloods\Label\image_4968.png,5.2383,1
image_4294.png,c:\Users\HP\OneDrive\Desktop\Flood_AI_Dataset\05_S1GFloods\A\image_4294.png,c:\Users\HP\OneDrive\Desktop\Flood_AI_Dataset\05_S1GFloods\B\image_4294.png,c:\Users\HP\OneDrive\Desktop\Flood_AI_Dataset\05_S1GFloods\Label\image_4294.png,37.2406,2
image_1372.png,c:\Users\HP\OneDrive\Desktop\Flood_AI_Dataset\05_S1GFloods\A\image_1372.png,c:\Users\HP\OneDrive\Desktop\Flood_AI_Dataset\05_S1GFloods\B\image_1372.png,c:\Users\HP\OneDrive\Desktop\Flood_AI_Dataset\05_S1GFloods\Label\image_1372.png,23.7228,2
image_1341.png,c:\Users\HP\OneDrive\Desktop\Flood_AI_Dataset\05_S1GFloods\A\image_1341.png,c:\Users\HP\OneDrive\Desktop\Flood_AI_Dataset\05_S1GFloods\B\image_1341.png,c:\Users\HP\OneDrive\Desktop\Flood_AI_Dataset\05_S1GFloods\Label\image_1341.png,7.3578,1
image_1792.png,c:\Users\HP\OneDrive\Desktop\Flood_AI_Dataset\05_S1GFloods\A\image_1792.png,c:\Users\HP\OneDrive\Desktop\Flood_AI_Dataset\05_S1GFloods\B\image_1792.png,c:\Users\HP\OneDrive\Desktop\Flood_AI_Dataset\05_S1GFloods\Label\image_1792.png,7.7377,1
image_223.png,c:\Users\HP\OneDrive\Desktop\Flood_AI_Dataset\05_S1GFloods\A\image_223.png,c:\Users\HP\OneDrive\Desktop\Flood_AI_Dataset\05_S1GFloods\B\image_223.png,c:\Users\HP\OneDrive\Desktop\Flood_AI_Dataset\05_S1GFloods\Label\image_223.png,49.1379,2
image_5065.png,c:\Users\HP\OneDrive\Desktop\Flood_AI_Dataset\05_S1GFloods\A\image_5065.png,c:\Users\HP\OneDrive\Desktop\Flood_AI_Dataset\05_S1GFloods\B\image_5065.png,c:\Users\HP\OneDrive\Desktop\Flood_AI_Dataset\05_S1GFloods\Label\image_5065.png,14.8392,2
image_4801.png,c:\Users\HP\OneDrive\Desktop\Flood_AI_Dataset\05_S1GFloods\A\image_4801.png,c:\Users\HP\OneDrive\Desktop\Flood_AI_Dataset\05_S1GFloods\B\image_4801.png,c:\Users\HP\OneDrive\Desktop\Flood_AI_Dataset\05_S1GFloods\Label\image_4801.png,9.967,1
image_417.png,c:\Users\HP\OneDrive\Desktop\Flood_AI_Dataset\05_S1GFloods\A\image_417.png,c:\Users\HP\OneDrive\Desktop\Flood_AI_Dataset\05_S1GFloods\B\image_417.png,c:\Users\HP\OneDrive\Desktop\Flood_AI_Dataset\05_S1GFloods\Label\image_417.png,87.9089,2
image_4432.png,c:\Users\HP\OneDrive\Desktop\Flood_AI_Dataset\05_S1GFloods\A\image_4432.png,c:\Users\HP\OneDrive\Desktop\Flood_AI_Dataset\05_S1GFloods\B\image_4432.png,c:\Users\HP\OneDrive\Desktop\Flood_AI_Dataset\05_S1GFloods\Label\image_4432.png,80.9509,2
image_3525.png,c:\Users\HP\OneDrive\Desktop\Flood_AI_Dataset\05_S1GFloods\A\image_3525.png,c:\Users\HP\OneDrive\Desktop\Flood_AI_Dataset\05_S1GFloods\B\image_3525.png,c:\Users\HP\OneDrive\Desktop\Flood_AI_Dataset\05_S1GFloods\Label\image_3525.png,9.7137,1
image_3092.png,c:\Users\HP\OneDrive\Desktop\Flood_AI_Dataset\05_S1GFloods\A\image_3092.png,c:\Users\HP\OneDrive\Desktop\Flood_AI_Dataset\05_S1GFloods\B\image_3092.png,c:\Users\HP\OneDrive\Desktop\Flood_AI_Dataset\05_S1GFloods\Label\image_3092.png,24.437,2
image_4735.png,c:\Users\HP\OneDrive\Desktop\Flood_AI_Dataset\05_S1GFloods\A\image_4735.png,c:\Users\HP\OneDrive\Desktop\Flood_AI_Dataset\05_S1GFloods\B\image_4735.png,c:\Users\HP\OneDrive\Desktop\Flood_AI_Dataset\05_S1GFloods\Label\image_4735.png,49.1089,2
image_3307.png,c:\Users\HP\OneDrive\Desktop\Flood_AI_Dataset\05_S1GFloods\A\image_3307.png,c:\Users\HP\OneDrive\Desktop\Flood_AI_Dataset\05_S1GFloods\B\image_3307.png,c:\Users\HP\OneDrive\Desktop\Flood_AI_Dataset\05_S1GFloods\Label\image_3307.png,38.7344,2
image_2087.png,c:\Users\HP\OneDrive\Desktop\Flood_AI_Dataset\05_S1GFloods\A\image_2087.png,c:\Users\HP\OneDrive\Desktop\Flood_AI_Dataset\05_S1GFloods\B\image_2087.png,c:\Users\HP\OneDrive\Desktop\Flood_AI_Dataset\05_S1GFloods\Label\image_2087.png,9.8572,1
image_219.png,c:\Users\HP\OneDrive\Desktop\Flood_AI_Dataset\05_S1GFloods\A\image_219.png,c:\Users\HP\OneDrive\Desktop\Flood_AI_Dataset\05_S1GFloods\B\image_219.png,c:\Users\HP\OneDrive\Desktop\Flood_AI_Dataset\05_S1GFloods\Label\image_219.png,12.0926,2
image_1113.png,c:\Users\HP\OneDrive\Desktop\Flood_AI_Dataset\05_S1GFloods\A\image_1113.png,c:\Users\HP\OneDrive\Desktop\Flood_AI_Dataset\05_S1GFloods\B\image_1113.png,c:\Users\HP\OneDrive\Desktop\Flood_AI_Dataset\05_S1GFloods\Label\image_1113.png,53.1479,2
image_2638.png,c:\Users\HP\OneDrive\Desktop\Flood_AI_Dataset\05_S1GFloods\A\image_2638.png,c:\Users\HP\OneDrive\Desktop\Flood_AI_Dataset\05_S1GFloods\B\image_2638.png,c:\Users\HP\OneDrive\Desktop\Flood_AI_Dataset\05_S1GFloods\Label\image_2638.png,63.6841,2
image_4400.png,c:\Users\HP\OneDrive\Desktop\Flood_AI_Dataset\05_S1GFloods\A\image_4400.png,c:\Users\HP\OneDrive\Desktop\Flood_AI_Dataset\05_S1GFloods\B\image_4400.png,c:\Users\HP\OneDrive\Desktop\Flood_AI_Dataset\05_S1GFloods\Label\image_4400.png,93.5989,2
image_1107.png,c:\Users\HP\OneDrive\Desktop\Flood_AI_Dataset\05_S1GFloods\A\image_1107.png,c:\Users\HP\OneDrive\Desktop\Flood_AI_Dataset\05_S1GFloods\B\image_1107.png,c:\Users\HP\OneDrive\Desktop\Flood_AI_Dataset\05_S1GFloods\Label\image_1107.png,27.8412,2
image_4426.png,c:\Users\HP\OneDrive\Desktop\Flood_AI_Dataset\05_S1GFloods\A\image_4426.png,c:\Users\HP\OneDrive\Desktop\Flood_AI_Dataset\05_S1GFloods\B\image_4426.png,c:\Users\HP\OneDrive\Desktop\Flood_AI_Dataset\05_S1GFloods\Label\image_4426.png,16.803,2
image_959.png,c:\Users\HP\OneDrive\Desktop\Flood_AI_Dataset\05_S1GFloods\A\image_959.png,c:\Users\HP\OneDrive\Desktop\Flood_AI_Dataset\05_S1GFloods\B\image_959.png,c:\Users\HP\OneDrive\Desktop\Flood_AI_Dataset\05_S1GFloods\Label\image_959.png,84.1614,2
image_2372.png,c:\Users\HP\OneDrive\Desktop\Flood_AI_Dataset\05_S1GFloods\A\image_2372.png,c:\Users\HP\OneDrive\Desktop\Flood_AI_Dataset\05_S1GFloods\B\image_2372.png,c:\Users\HP\OneDrive\Desktop\Flood_AI_Dataset\05_S1GFloods\Label\image_2372.png,12.4374,2
image_4720.png,c:\Users\HP\OneDrive\Desktop\Flood_AI_Dataset\05_S1GFloods\A\image_4720.png,c:\Users\HP\OneDrive\Desktop\Flood_AI_Dataset\05_S1GFloods\B\image_4720.png,c:\Users\HP\OneDrive\Desktop\Flood_AI_Dataset\05_S1GFloods\Label\image_4720.png,5.0308,1
image_2579.png,c:\Users\HP\OneDrive\Desktop\Flood_AI_Dataset\05_S1GFloods\A\image_2579.png,c:\Users\HP\OneDrive\Desktop\Flood_AI_Dataset\05_S1GFloods\B\image_2579.png,c:\Users\HP\OneDrive\Desktop\Flood_AI_Dataset\05_S1GFloods\Label\image_2579.png,63.356,2
image_3030.png,c:\Users\HP\OneDrive\Desktop\Flood_AI_Dataset\05_S1GFloods\A\image_3030.png,c:\Users\HP\OneDrive\Desktop\Flood_AI_Dataset\05_S1GFloods\B\image_3030.png,c:\Users\HP\OneDrive\Desktop\Flood_AI_Dataset\05_S1GFloods\Label\image_3030.png,50.4639,2
image_1459.png,c:\Users\HP\OneDrive\Desktop\Flood_AI_Dataset\05_S1GFloods\A\image_1459.png,c:\Users\HP\OneDrive\Desktop\Flood_AI_Dataset\05_S1GFloods\B\image_1459.png,c:\Users\HP\OneDrive\Desktop\Flood_AI_Dataset\05_S1GFloods\Label\image_1459.png,33.1085,2
image_2424.png,c:\Users\HP\OneDrive\Desktop\Flood_AI_Dataset\05_S1GFloods\A\image_2424.png,c:\Users\HP\OneDrive\Desktop\Flood_AI_Dataset\05_S1GFloods\B\image_2424.png,c:\Users\HP\OneDrive\Desktop\Flood_AI_Dataset\05_S1GFloods\Label\image_2424.png,56.4407,2
image_3927.png,c:\Users\HP\OneDrive\Desktop\Flood_AI_Dataset\05_S1GFloods\A\image_3927.png,c:\Users\HP\OneDrive\Desktop\Flood_AI_Dataset\05_S1GFloods\B\image_3927.png,c:\Users\HP\OneDrive\Desktop\Flood_AI_Dataset\05_S1GFloods\Label\image_3927.png,20.6146,2
image_4058.png,c:\Users\HP\OneDrive\Desktop\Flood_AI_Dataset\05_S1GFloods\A\image_4058.png,c:\Users\HP\OneDrive\Desktop\Flood_AI_Dataset\05_S1GFloods\B\image_4058.png,c:\Users\HP\OneDrive\Desktop\Flood_AI_Dataset\05_S1GFloods\Label\image_4058.png,13.4415,2
image_1633.png,c:\Users\HP\OneDrive\Desktop\Flood_AI_Dataset\05_S1GFloods\A\image_1633.png,c:\Users\HP\OneDrive\Desktop\Flood_AI_Dataset\05_S1GFloods\B\image_1633.png,c:\Users\HP\OneDrive\Desktop\Flood_AI_Dataset\05_S1GFloods\Label\image_1633.png,18.3075,2
image_675.png,c:\Users\HP\OneDrive\Desktop\Flood_AI_Dataset\05_S1GFloods\A\image_675.png,c:\Users\HP\OneDrive\Desktop\Flood_AI_Dataset\05_S1GFloods\B\image_675.png,c:\Users\HP\OneDrive\Desktop\Flood_AI_Dataset\05_S1GFloods\Label\image_675.png,55.8792,2
image_2491.png,c:\Users\HP\OneDrive\Desktop\Flood_AI_Dataset\05_S1GFloods\A\image_2491.png,c:\Users\HP\OneDrive\Desktop\Flood_AI_Dataset\05_S1GFloods\B\image_2491.png,c:\Users\HP\OneDrive\Desktop\Flood_AI_Dataset\05_S1GFloods\Label\image_2491.png,13.6765,2
image_3207.png,c:\Users\HP\OneDrive\Desktop\Flood_AI_Dataset\05_S1GFloods\A\image_3207.png,c:\Users\HP\OneDrive\Desktop\Flood_AI_Dataset\05_S1GFloods\B\image_3207.png,c:\Users\HP\OneDrive\Desktop\Flood_AI_Dataset\05_S1GFloods\Label\image_3207.png,7.3898,1
image_885.png,c:\Users\HP\OneDrive\Desktop\Flood_AI_Dataset\05_S1GFloods\A\image_885.png,c:\Users\HP\OneDrive\Desktop\Flood_AI_Dataset\05_S1GFloods\B\image_885.png,c:\Users\HP\OneDrive\Desktop\Flood_AI_Dataset\05_S1GFloods\Label\image_885.png,39.9704,2
image_3544.png,c:\Users\HP\OneDrive\Desktop\Flood_AI_Dataset\05_S1GFloods\A\image_3544.png,c:\Users\HP\OneDrive\Desktop\Flood_AI_Dataset\05_S1GFloods\B\image_3544.png,c:\Users\HP\OneDrive\Desktop\Flood_AI_Dataset\05_S1GFloods\Label\image_3544.png,10.4874,2
image_1457.png,c:\Users\HP\OneDrive\Desktop\Flood_AI_Dataset\05_S1GFloods\A\image_1457.png,c:\Users\HP\OneDrive\Desktop\Flood_AI_Dataset\05_S1GFloods\B\image_1457.png,c:\Users\HP\OneDrive\Desktop\Flood_AI_Dataset\05_S1GFloods\Label\image_1457.png,48.9914,2
image_2350.png,c:\Users\HP\OneDrive\Desktop\Flood_AI_Dataset\05_S1GFloods\A\image_2350.png,c:\Users\HP\OneDrive\Desktop\Flood_AI_Dataset\05_S1GFloods\B\image_2350.png,c:\Users\HP\OneDrive\Desktop\Flood_AI_Dataset\05_S1GFloods\Label\image_2350.png,8.9264,1
image_984.png,c:\Users\HP\OneDrive\Desktop\Flood_AI_Dataset\05_S1GFloods\A\image_984.png,c:\Users\HP\OneDrive\Desktop\Flood_AI_Dataset\05_S1GFloods\B\image_984.png,c:\Users\HP\OneDrive\Desktop\Flood_AI_Dataset\05_S1GFloods\Label\image_984.png,61.0168,2
image_1232.png,c:\Users\HP\OneDrive\Desktop\Flood_AI_Dataset\05_S1GFloods\A\image_1232.png,c:\Users\HP\OneDrive\Desktop\Flood_AI_Dataset\05_S1GFloods\B\image_1232.png,c:\Users\HP\OneDrive\Desktop\Flood_AI_Dataset\05_S1GFloods\Label\image_1232.png,9.5169,1
image_334.png,c:\Users\HP\OneDrive\Desktop\Flood_AI_Dataset\05_S1GFloods\A\image_334.png,c:\Users\HP\OneDrive\Desktop\Flood_AI_Dataset\05_S1GFloods\B\image_334.png,c:\Users\HP\OneDrive\Desktop\Flood_AI_Dataset\05_S1GFloods\Label\image_334.png,94.7235,2
image_4263.png,c:\Users\HP\OneDrive\Desktop\Flood_AI_Dataset\05_S1GFloods\A\image_4263.png,c:\Users\HP\OneDrive\Desktop\Flood_AI_Dataset\05_S1GFloods\B\image_4263.png,c:\Users\HP\OneDrive\Desktop\Flood_AI_Dataset\05_S1GFloods\Label\image_4263.png,43.8522,2
image_5153.png,c:\Users\HP\OneDrive\Desktop\Flood_AI_Dataset\05_S1GFloods\A\image_5153.png,c:\Users\HP\OneDrive\Desktop\Flood_AI_Dataset\05_S1GFloods\B\image_5153.png,c:\Users\HP\OneDrive\Desktop\Flood_AI_Dataset\05_S1GFloods\Label\image_5153.png,5.7175,1
image_4999.png,c:\Users\HP\OneDrive\Desktop\Flood_AI_Dataset\05_S1GFloods\A\image_4999.png,c:\Users\HP\OneDrive\Desktop\Flood_AI_Dataset\05_S1GFloods\B\image_4999.png,c:\Users\HP\OneDrive\Desktop\Flood_AI_Dataset\05_S1GFloods\Label\image_4999.png,13.2004,2
image_4316.png,c:\Users\HP\OneDrive\Desktop\Flood_AI_Dataset\05_S1GFloods\A\image_4316.png,c:\Users\HP\OneDrive\Desktop\Flood_AI_Dataset\05_S1GFloods\B\image_4316.png,c:\Users\HP\OneDrive\Desktop\Flood_AI_Dataset\05_S1GFloods\Label\image_4316.png,99.7192,2
image_736.png,c:\Users\HP\OneDrive\Desktop\Flood_AI_Dataset\05_S1GFloods\A\image_736.png,c:\Users\HP\OneDrive\Desktop\Flood_AI_Dataset\05_S1GFloods\B\image_736.png,c:\Users\HP\OneDrive\Desktop\Flood_AI_Dataset\05_S1GFloods\Label\image_736.png,19.0903,2
image_2769.png,c:\Users\HP\OneDrive\Desktop\Flood_AI_Dataset\05_S1GFloods\A\image_2769.png,c:\Users\HP\OneDrive\Desktop\Flood_AI_Dataset\05_S1GFloods\B\image_2769.png,c:\Users\HP\OneDrive\Desktop\Flood_AI_Dataset\05_S1GFloods\Label\image_2769.png,34.2499,2
image_933.png,c:\Users\HP\OneDrive\Desktop\Flood_AI_Dataset\05_S1GFloods\A\image_933.png,c:\Users\HP\OneDrive\Desktop\Flood_AI_Dataset\05_S1GFloods\B\image_933.png,c:\Users\HP\OneDrive\Desktop\Flood_AI_Dataset\05_S1GFloods\Label\image_933.png,28.157,2
image_5199.png,c:\Users\HP\OneDrive\Desktop\Flood_AI_Dataset\05_S1GFloods\A\image_5199.png,c:\Users\HP\OneDrive\Desktop\Flood_AI_Dataset\05_S1GFloods\B\image_5199.png,c:\Users\HP\OneDrive\Desktop\Flood_AI_Dataset\05_S1GFloods\Label\image_5199.png,7.4203,1
image_3403.png,c:\Users\HP\OneDrive\Desktop\Flood_AI_Dataset\05_S1GFloods\A\image_3403.png,c:\Users\HP\OneDrive\Desktop\Flood_AI_Dataset\05_S1GFloods\B\image_3403.png,c:\Users\HP\OneDrive\Desktop\Flood_AI_Dataset\05_S1GFloods\Label\image_3403.png,20.1721,2
image_880.png,c:\Users\HP\OneDrive\Desktop\Flood_AI_Dataset\05_S1GFloods\A\image_880.png,c:\Users\HP\OneDrive\Desktop\Flood_AI_Dataset\05_S1GFloods\B\image_880.png,c:\Users\HP\OneDrive\Desktop\Flood_AI_Dataset\05_S1GFloods\Label\image_880.png,72.2031,2
image_666.png,c:\Users\HP\OneDrive\Desktop\Flood_AI_Dataset\05_S1GFloods\A\image_666.png,c:\Users\HP\OneDrive\Desktop\Flood_AI_Dataset\05_S1GFloods\B\image_666.png,c:\Users\HP\OneDrive\Desktop\Flood_AI_Dataset\05_S1GFloods\Label\image_666.png,96.8063,2
image_2140.png,c:\Users\HP\OneDrive\Desktop\Flood_AI_Dataset\05_S1GFloods\A\image_2140.png,c:\Users\HP\OneDrive\Desktop\Flood_AI_Dataset\05_S1GFloods\B\image_2140.png,c:\Users\HP\OneDrive\Desktop\Flood_AI_Dataset\05_S1GFloods\Label\image_2140.png,8.3664,1
image_1950.png,c:\Users\HP\OneDrive\Desktop\Flood_AI_Dataset\05_S1GFloods\A\image_1950.png,c:\Users\HP\OneDrive\Desktop\Flood_AI_Dataset\05_S1GFloods\B\image_1950.png,c:\Users\HP\OneDrive\Desktop\Flood_AI_Dataset\05_S1GFloods\Label\image_1950.png,10.8414,2
image_3225.png,c:\Users\HP\OneDrive\Desktop\Flood_AI_Dataset\05_S1GFloods\A\image_3225.png,c:\Users\HP\OneDrive\Desktop\Flood_AI_Dataset\05_S1GFloods\B\image_3225.png,c:\Users\HP\OneDrive\Desktop\Flood_AI_Dataset\05_S1GFloods\Label\image_3225.png,12.2864,2
image_298.png,c:\Users\HP\OneDrive\Desktop\Flood_AI_Dataset\05_S1GFloods\A\image_298.png,c:\Users\HP\OneDrive\Desktop\Flood_AI_Dataset\05_S1GFloods\B\image_298.png,c:\Users\HP\OneDrive\Desktop\Flood_AI_Dataset\05_S1GFloods\Label\image_298.png,13.8397,2
image_4178.png,c:\Users\HP\OneDrive\Desktop\Flood_AI_Dataset\05_S1GFloods\A\image_4178.png,c:\Users\HP\OneDrive\Desktop\Flood_AI_Dataset\05_S1GFloods\B\image_4178.png,c:\Users\HP\OneDrive\Desktop\Flood_AI_Dataset\05_S1GFloods\Label\image_4178.png,63.0539,2
image_4183.png,c:\Users\HP\OneDrive\Desktop\Flood_AI_Dataset\05_S1GFloods\A\image_4183.png,c:\Users\HP\OneDrive\Desktop\Flood_AI_Dataset\05_S1GFloods\B\image_4183.png,c:\Users\HP\OneDrive\Desktop\Flood_AI_Dataset\05_S1GFloods\Label\image_4183.png,27.3636,2
image_437.png,c:\Users\HP\OneDrive\Desktop\Flood_AI_Dataset\05_S1GFloods\A\image_437.png,c:\Users\HP\OneDrive\Desktop\Flood_AI_Dataset\05_S1GFloods\B\image_437.png,c:\Users\HP\OneDrive\Desktop\Flood_AI_Dataset\05_S1GFloods\Label\image_437.png,20.3659,2
image_5259.png,c:\Users\HP\OneDrive\Desktop\Flood_AI_Dataset\05_S1GFloods\A\image_5259.png,c:\Users\HP\OneDrive\Desktop\Flood_AI_Dataset\05_S1GFloods\B\image_5259.png,c:\Users\HP\OneDrive\Desktop\Flood_AI_Dataset\05_S1GFloods\Label\image_5259.png,8.5831,1
image_2937.png,c:\Users\HP\OneDrive\Desktop\Flood_AI_Dataset\05_S1GFloods\A\image_2937.png,c:\Users\HP\OneDrive\Desktop\Flood_AI_Dataset\05_S1GFloods\B\image_2937.png,c:\Users\HP\OneDrive\Desktop\Flood_AI_Dataset\05_S1GFloods\Label\image_2937.png,7.0328,1
image_1015.png,c:\Users\HP\OneDrive\Desktop\Flood_AI_Dataset\05_S1GFloods\A\image_1015.png,c:\Users\HP\OneDrive\Desktop\Flood_AI_Dataset\05_S1GFloods\B\image_1015.png,c:\Users\HP\OneDrive\Desktop\Flood_AI_Dataset\05_S1GFloods\Label\image_1015.png,9.6298,1
image_3822.png,c:\Users\HP\OneDrive\Desktop\Flood_AI_Dataset\05_S1GFloods\A\image_3822.png,c:\Users\HP\OneDrive\Desktop\Flood_AI_Dataset\05_S1GFloods\B\image_3822.png,c:\Users\HP\OneDrive\Desktop\Flood_AI_Dataset\05_S1GFloods\Label\image_3822.png,79.3289,2
image_1166.png,c:\Users\HP\OneDrive\Desktop\Flood_AI_Dataset\05_S1GFloods\A\image_1166.png,c:\Users\HP\OneDrive\Desktop\Flood_AI_Dataset\05_S1GFloods\B\image_1166.png,c:\Users\HP\OneDrive\Desktop\Flood_AI_Dataset\05_S1GFloods\Label\image_1166.png,65.9103,2
image_3072.png,c:\Users\HP\OneDrive\Desktop\Flood_AI_Dataset\05_S1GFloods\A\image_3072.png,c:\Users\HP\OneDrive\Desktop\Flood_AI_Dataset\05_S1GFloods\B\image_3072.png,c:\Users\HP\OneDrive\Desktop\Flood_AI_Dataset\05_S1GFloods\Label\image_3072.png,7.0343,1
image_4632.png,c:\Users\HP\OneDrive\Desktop\Flood_AI_Dataset\05_S1GFloods\A\image_4632.png,c:\Users\HP\OneDrive\Desktop\Flood_AI_Dataset\05_S1GFloods\B\image_4632.png,c:\Users\HP\OneDrive\Desktop\Flood_AI_Dataset\05_S1GFloods\Label\image_4632.png,16.6,2
image_243.png,c:\Users\HP\OneDrive\Desktop\Flood_AI_Dataset\05_S1GFloods\A\image_243.png,c:\Users\HP\OneDrive\Desktop\Flood_AI_Dataset\05_S1GFloods\B\image_243.png,c:\Users\HP\OneDrive\Desktop\Flood_AI_Dataset\05_S1GFloods\Label\image_243.png,11.5128,2
image_1644.png,c:\Users\HP\OneDrive\Desktop\Flood_AI_Dataset\05_S1GFloods\A\image_1644.png,c:\Users\HP\OneDrive\Desktop\Flood_AI_Dataset\05_S1GFloods\B\image_1644.png,c:\Users\HP\OneDrive\Desktop\Flood_AI_Dataset\05_S1GFloods\Label\image_1644.png,14.093,2
image_829.png,c:\Users\HP\OneDrive\Desktop\Flood_AI_Dataset\05_S1GFloods\A\image_829.png,c:\Users\HP\OneDrive\Desktop\Flood_AI_Dataset\05_S1GFloods\B\image_829.png,c:\Users\HP\OneDrive\Desktop\Flood_AI_Dataset\05_S1GFloods\Label\image_829.png,72.876,2
image_738.png,c:\Users\HP\OneDrive\Desktop\Flood_AI_Dataset\05_S1GFloods\A\image_738.png,c:\Users\HP\OneDrive\Desktop\Flood_AI_Dataset\05_S1GFloods\B\image_738.png,c:\Users\HP\OneDrive\Desktop\Flood_AI_Dataset\05_S1GFloods\Label\image_738.png,96.8445,2
image_2943.png,c:\Users\HP\OneDrive\Desktop\Flood_AI_Dataset\05_S1GFloods\A\image_2943.png,c:\Users\HP\OneDrive\Desktop\Flood_AI_Dataset\05_S1GFloods\B\image_2943.png,c:\Users\HP\OneDrive\Desktop\Flood_AI_Dataset\05_S1GFloods\Label\image_2943.png,91.7755,2
image_1151.png,c:\Users\HP\OneDrive\Desktop\Flood_AI_Dataset\05_S1GFloods\A\image_1151.png,c:\Users\HP\OneDrive\Desktop\Flood_AI_Dataset\05_S1GFloods\B\image_1151.png,c:\Users\HP\OneDrive\Desktop\Flood_AI_Dataset\05_S1GFloods\Label\image_1151.png,16.777,2
image_465.png,c:\Users\HP\OneDrive\Desktop\Flood_AI_Dataset\05_S1GFloods\A\image_465.png,c:\Users\HP\OneDrive\Desktop\Flood_AI_Dataset\05_S1GFloods\B\image_465.png,c:\Users\HP\OneDrive\Desktop\Flood_AI_Dataset\05_S1GFloods\Label\image_465.png,24.2416,2
image_452.png,c:\Users\HP\OneDrive\Desktop\Flood_AI_Dataset\05_S1GFloods\A\image_452.png,c:\Users\HP\OneDrive\Desktop\Flood_AI_Dataset\05_S1GFloods\B\image_452.png,c:\Users\HP\OneDrive\Desktop\Flood_AI_Dataset\05_S1GFloods\Label\image_452.png,77.6001,2
image_1620.png,c:\Users\HP\OneDrive\Desktop\Flood_AI_Dataset\05_S1GFloods\A\image_1620.png,c:\Users\HP\OneDrive\Desktop\Flood_AI_Dataset\05_S1GFloods\B\image_1620.png,c:\Users\HP\OneDrive\Desktop\Flood_AI_Dataset\05_S1GFloods\Label\image_1620.png,26.4496,2
image_737.png,c:\Users\HP\OneDrive\Desktop\Flood_AI_Dataset\05_S1GFloods\A\image_737.png,c:\Users\HP\OneDrive\Desktop\Flood_AI_Dataset\05_S1GFloods\B\image_737.png,c:\Users\HP\OneDrive\Desktop\Flood_AI_Dataset\05_S1GFloods\Label\image_737.png,23.4619,2
image_3833.png,c:\Users\HP\OneDrive\Desktop\Flood_AI_Dataset\05_S1GFloods\A\image_3833.png,c:\Users\HP\OneDrive\Desktop\Flood_AI_Dataset\05_S1GFloods\B\image_3833.png,c:\Users\HP\OneDrive\Desktop\Flood_AI_Dataset\05_S1GFloods\Label\image_3833.png,89.856,2
image_4749.png,c:\Users\HP\OneDrive\Desktop\Flood_AI_Dataset\05_S1GFloods\A\image_4749.png,c:\Users\HP\OneDrive\Desktop\Flood_AI_Dataset\05_S1GFloods\B\image_4749.png,c:\Users\HP\OneDrive\Desktop\Flood_AI_Dataset\05_S1GFloods\Label\image_4749.png,5.1559,1
image_3891.png,c:\Users\HP\OneDrive\Desktop\Flood_AI_Dataset\05_S1GFloods\A\image_3891.png,c:\Users\HP\OneDrive\Desktop\Flood_AI_Dataset\05_S1GFloods\B\image_3891.png,c:\Users\HP\OneDrive\Desktop\Flood_AI_Dataset\05_S1GFloods\Label\image_3891.png,91.1636,2
image_977.png,c:\Users\HP\OneDrive\Desktop\Flood_AI_Dataset\05_S1GFloods\A\image_977.png,c:\Users\HP\OneDrive\Desktop\Flood_AI_Dataset\05_S1GFloods\B\image_977.png,c:\Users\HP\OneDrive\Desktop\Flood_AI_Dataset\05_S1GFloods\Label\image_977.png,15.4068,2
image_1289.png,c:\Users\HP\OneDrive\Desktop\Flood_AI_Dataset\05_S1GFloods\A\image_1289.png,c:\Users\HP\OneDrive\Desktop\Flood_AI_Dataset\05_S1GFloods\B\image_1289.png,c:\Users\HP\OneDrive\Desktop\Flood_AI_Dataset\05_S1GFloods\Label\image_1289.png,20.4803,2
image_2495.png,c:\Users\HP\OneDrive\Desktop\Flood_AI_Dataset\05_S1GFloods\A\image_2495.png,c:\Users\HP\OneDrive\Desktop\Flood_AI_Dataset\05_S1GFloods\B\image_2495.png,c:\Users\HP\OneDrive\Desktop\Flood_AI_Dataset\05_S1GFloods\Label\image_2495.png,32.2922,2
image_4385.png,c:\Users\HP\OneDrive\Desktop\Flood_AI_Dataset\05_S1GFloods\A\image_4385.png,c:\Users\HP\OneDrive\Desktop\Flood_AI_Dataset\05_S1GFloods\B\image_4385.png,c:\Users\HP\OneDrive\Desktop\Flood_AI_Dataset\05_S1GFloods\Label\image_4385.png,99.6078,2
image_3216.png,c:\Users\HP\OneDrive\Desktop\Flood_AI_Dataset\05_S1GFloods\A\image_3216.png,c:\Users\HP\OneDrive\Desktop\Flood_AI_Dataset\05_S1GFloods\B\image_3216.png,c:\Users\HP\OneDrive\Desktop\Flood_AI_Dataset\05_S1GFloods\Label\image_3216.png,57.2739,2
image_1909.png,c:\Users\HP\OneDrive\Desktop\Flood_AI_Dataset\05_S1GFloods\A\image_1909.png,c:\Users\HP\OneDrive\Desktop\Flood_AI_Dataset\05_S1GFloods\B\image_1909.png,c:\Users\HP\OneDrive\Desktop\Flood_AI_Dataset\05_S1GFloods\Label\image_1909.png,6.9443,1
image_3523.png,c:\Users\HP\OneDrive\Desktop\Flood_AI_Dataset\05_S1GFloods\A\image_3523.png,c:\Users\HP\OneDrive\Desktop\Flood_AI_Dataset\05_S1GFloods\B\image_3523.png,c:\Users\HP\OneDrive\Desktop\Flood_AI_Dataset\05_S1GFloods\Label\image_3523.png,15.4144,2
image_2728.png,c:\Users\HP\OneDrive\Desktop\Flood_AI_Dataset\05_S1GFloods\A\image_2728.png,c:\Users\HP\OneDrive\Desktop\Flood_AI_Dataset\05_S1GFloods\B\image_2728.png,c:\Users\HP\OneDrive\Desktop\Flood_AI_Dataset\05_S1GFloods\Label\image_2728.png,58.7997,2
image_4701.png,c:\Users\HP\OneDrive\Desktop\Flood_AI_Dataset\05_S1GFloods\A\image_4701.png,c:\Users\HP\OneDrive\Desktop\Flood_AI_Dataset\05_S1GFloods\B\image_4701.png,c:\Users\HP\OneDrive\Desktop\Flood_AI_Dataset\05_S1GFloods\Label\image_4701.png,14.2792,2
image_3201.png,c:\Users\HP\OneDrive\Desktop\Flood_AI_Dataset\05_S1GFloods\A\image_3201.png,c:\Users\HP\OneDrive\Desktop\Flood_AI_Dataset\05_S1GFloods\B\image_3201.png,c:\Users\HP\OneDrive\Desktop\Flood_AI_Dataset\05_S1GFloods\Label\image_3201.png,22.0581,2
image_1958.png,c:\Users\HP\OneDrive\Desktop\Flood_AI_Dataset\05_S1GFloods\A\image_1958.png,c:\Users\HP\OneDrive\Desktop\Flood_AI_Dataset\05_S1GFloods\B\image_1958.png,c:\Users\HP\OneDrive\Desktop\Flood_AI_Dataset\05_S1GFloods\Label\image_1958.png,13.4811,2
image_4998.png,c:\Users\HP\OneDrive\Desktop\Flood_AI_Dataset\05_S1GFloods\A\image_4998.png,c:\Users\HP\OneDrive\Desktop\Flood_AI_Dataset\05_S1GFloods\B\image_4998.png,c:\Users\HP\OneDrive\Desktop\Flood_AI_Dataset\05_S1GFloods\Label\image_4998.png,6.2866,1
image_266.png,c:\Users\HP\OneDrive\Desktop\Flood_AI_Dataset\05_S1GFloods\A\image_266.png,c:\Users\HP\OneDrive\Desktop\Flood_AI_Dataset\05_S1GFloods\B\image_266.png,c:\Users\HP\OneDrive\Desktop\Flood_AI_Dataset\05_S1GFloods\Label\image_266.png,59.3887,2
image_2773.png,c:\Users\HP\OneDrive\Desktop\Flood_AI_Dataset\05_S1GFloods\A\image_2773.png,c:\Users\HP\OneDrive\Desktop\Flood_AI_Dataset\05_S1GFloods\B\image_2773.png,c:\Users\HP\OneDrive\Desktop\Flood_AI_Dataset\05_S1GFloods\Label\image_2773.png,68.428,2
image_2513.png,c:\Users\HP\OneDrive\Desktop\Flood_AI_Dataset\05_S1GFloods\A\image_2513.png,c:\Users\HP\OneDrive\Desktop\Flood_AI_Dataset\05_S1GFloods\B\image_2513.png,c:\Users\HP\OneDrive\Desktop\Flood_AI_Dataset\05_S1GFloods\Label\image_2513.png,89.5126,2
image_2232.png,c:\Users\HP\OneDrive\Desktop\Flood_AI_Dataset\05_S1GFloods\A\image_2232.png,c:\Users\HP\OneDrive\Desktop\Flood_AI_Dataset\05_S1GFloods\B\image_2232.png,c:\Users\HP\OneDrive\Desktop\Flood_AI_Dataset\05_S1GFloods\Label\image_2232.png,14.7202,2
image_3122.png,c:\Users\HP\OneDrive\Desktop\Flood_AI_Dataset\05_S1GFloods\A\image_3122.png,c:\Users\HP\OneDrive\Desktop\Flood_AI_Dataset\05_S1GFloods\B\image_3122.png,c:\Users\HP\OneDrive\Desktop\Flood_AI_Dataset\05_S1GFloods\Label\image_3122.png,67.6071,2
image_2305.png,c:\Users\HP\OneDrive\Desktop\Flood_AI_Dataset\05_S1GFloods\A\image_2305.png,c:\Users\HP\OneDrive\Desktop\Flood_AI_Dataset\05_S1GFloods\B\image_2305.png,c:\Users\HP\OneDrive\Desktop\Flood_AI_Dataset\05_S1GFloods\Label\image_2305.png,7.1655,1
image_4150.png,c:\Users\HP\OneDrive\Desktop\Flood_AI_Dataset\05_S1GFloods\A\image_4150.png,c:\Users\HP\OneDrive\Desktop\Flood_AI_Dataset\05_S1GFloods\B\image_4150.png,c:\Users\HP\OneDrive\Desktop\Flood_AI_Dataset\05_S1GFloods\Label\image_4150.png,51.3031,2
image_4473.png,c:\Users\HP\OneDrive\Desktop\Flood_AI_Dataset\05_S1GFloods\A\image_4473.png,c:\Users\HP\OneDrive\Desktop\Flood_AI_Dataset\05_S1GFloods\B\image_4473.png,c:\Users\HP\OneDrive\Desktop\Flood_AI_Dataset\05_S1GFloods\Label\image_4473.png,72.5693,2
image_4691.png,c:\Users\HP\OneDrive\Desktop\Flood_AI_Dataset\05_S1GFloods\A\image_4691.png,c:\Users\HP\OneDrive\Desktop\Flood_AI_Dataset\05_S1GFloods\B\image_4691.png,c:\Users\HP\OneDrive\Desktop\Flood_AI_Dataset\05_S1GFloods\Label\image_4691.png,11.1374,2
image_1940.png,c:\Users\HP\OneDrive\Desktop\Flood_AI_Dataset\05_S1GFloods\A\image_1940.png,c:\Users\HP\OneDrive\Desktop\Flood_AI_Dataset\05_S1GFloods\B\image_1940.png,c:\Users\HP\OneDrive\Desktop\Flood_AI_Dataset\05_S1GFloods\Label\image_1940.png,6.1935,1
image_565.png,c:\Users\HP\OneDrive\Desktop\Flood_AI_Dataset\05_S1GFloods\A\image_565.png,c:\Users\HP\OneDrive\Desktop\Flood_AI_Dataset\05_S1GFloods\B\image_565.png,c:\Users\HP\OneDrive\Desktop\Flood_AI_Dataset\05_S1GFloods\Label\image_565.png,33.9798,2
image_929.png,c:\Users\HP\OneDrive\Desktop\Flood_AI_Dataset\05_S1GFloods\A\image_929.png,c:\Users\HP\OneDrive\Desktop\Flood_AI_Dataset\05_S1GFloods\B\image_929.png,c:\Users\HP\OneDrive\Desktop\Flood_AI_Dataset\05_S1GFloods\Label\image_929.png,42.0609,2
image_160.png,c:\Users\HP\OneDrive\Desktop\Flood_AI_Dataset\05_S1GFloods\A\image_160.png,c:\Users\HP\OneDrive\Desktop\Flood_AI_Dataset\05_S1GFloods\B\image_160.png,c:\Users\HP\OneDrive\Desktop\Flood_AI_Dataset\05_S1GFloods\Label\image_160.png,16.6794,2
image_3343.png,c:\Users\HP\OneDrive\Desktop\Flood_AI_Dataset\05_S1GFloods\A\image_3343.png,c:\Users\HP\OneDrive\Desktop\Flood_AI_Dataset\05_S1GFloods\B\image_3343.png,c:\Users\HP\OneDrive\Desktop\Flood_AI_Dataset\05_S1GFloods\Label\image_3343.png,29.6738,2
image_4690.png,c:\Users\HP\OneDrive\Desktop\Flood_AI_Dataset\05_S1GFloods\A\image_4690.png,c:\Users\HP\OneDrive\Desktop\Flood_AI_Dataset\05_S1GFloods\B\image_4690.png,c:\Users\HP\OneDrive\Desktop\Flood_AI_Dataset\05_S1GFloods\Label\image_4690.png,13.652,2
image_2807.png,c:\Users\HP\OneDrive\Desktop\Flood_AI_Dataset\05_S1GFloods\A\image_2807.png,c:\Users\HP\OneDrive\Desktop\Flood_AI_Dataset\05_S1GFloods\B\image_2807.png,c:\Users\HP\OneDrive\Desktop\Flood_AI_Dataset\05_S1GFloods\Label\image_2807.png,51.6449,2
image_2864.png,c:\Users\HP\OneDrive\Desktop\Flood_AI_Dataset\05_S1GFloods\A\image_2864.png,c:\Users\HP\OneDrive\Desktop\Flood_AI_Dataset\05_S1GFloods\B\image_2864.png,c:\Users\HP\OneDrive\Desktop\Flood_AI_Dataset\05_S1GFloods\Label\image_2864.png,13.6505,2
image_234.png,c:\Users\HP\OneDrive\Desktop\Flood_AI_Dataset\05_S1GFloods\A\image_234.png,c:\Users\HP\OneDrive\Desktop\Flood_AI_Dataset\05_S1GFloods\B\image_234.png,c:\Users\HP\OneDrive\Desktop\Flood_AI_Dataset\05_S1GFloods\Label\image_234.png,38.2187,2
image_1905.png,c:\Users\HP\OneDrive\Desktop\Flood_AI_Dataset\05_S1GFloods\A\image_1905.png,c:\Users\HP\OneDrive\Desktop\Flood_AI_Dataset\05_S1GFloods\B\image_1905.png,c:\Users\HP\OneDrive\Desktop\Flood_AI_Dataset\05_S1GFloods\Label\image_1905.png,8.2291,1
image_1184.png,c:\Users\HP\OneDrive\Desktop\Flood_AI_Dataset\05_S1GFloods\A\image_1184.png,c:\Users\HP\OneDrive\Desktop\Flood_AI_Dataset\05_S1GFloods\B\image_1184.png,c:\Users\HP\OneDrive\Desktop\Flood_AI_Dataset\05_S1GFloods\Label\image_1184.png,17.392,2
image_2351.png,c:\Users\HP\OneDrive\Desktop\Flood_AI_Dataset\05_S1GFloods\A\image_2351.png,c:\Users\HP\OneDrive\Desktop\Flood_AI_Dataset\05_S1GFloods\B\image_2351.png,c:\Users\HP\OneDrive\Desktop\Flood_AI_Dataset\05_S1GFloods\Label\image_2351.png,12.8174,2
image_4406.png,c:\Users\HP\OneDrive\Desktop\Flood_AI_Dataset\05_S1GFloods\A\image_4406.png,c:\Users\HP\OneDrive\Desktop\Flood_AI_Dataset\05_S1GFloods\B\image_4406.png,c:\Users\HP\OneDrive\Desktop\Flood_AI_Dataset\05_S1GFloods\Label\image_4406.png,6.2271,1
image_108.png,c:\Users\HP\OneDrive\Desktop\Flood_AI_Dataset\05_S1GFloods\A\image_108.png,c:\Users\HP\OneDrive\Desktop\Flood_AI_Dataset\05_S1GFloods\B\image_108.png,c:\Users\HP\OneDrive\Desktop\Flood_AI_Dataset\05_S1GFloods\Label\image_108.png,14.4165,2
image_2036.png,c:\Users\HP\OneDrive\Desktop\Flood_AI_Dataset\05_S1GFloods\A\image_2036.png,c:\Users\HP\OneDrive\Desktop\Flood_AI_Dataset\05_S1GFloods\B\image_2036.png,c:\Users\HP\OneDrive\Desktop\Flood_AI_Dataset\05_S1GFloods\Label\image_2036.png,13.2629,2
image_2790.png,c:\Users\HP\OneDrive\Desktop\Flood_AI_Dataset\05_S1GFloods\A\image_2790.png,c:\Users\HP\OneDrive\Desktop\Flood_AI_Dataset\05_S1GFloods\B\image_2790.png,c:\Users\HP\OneDrive\Desktop\Flood_AI_Dataset\05_S1GFloods\Label\image_2790.png,5.8716,1
image_692.png,c:\Users\HP\OneDrive\Desktop\Flood_AI_Dataset\05_S1GFloods\A\image_692.png,c:\Users\HP\OneDrive\Desktop\Flood_AI_Dataset\05_S1GFloods\B\image_692.png,c:\Users\HP\OneDrive\Desktop\Flood_AI_Dataset\05_S1GFloods\Label\image_692.png,8.8303,1
image_1001.png,c:\Users\HP\OneDrive\Desktop\Flood_AI_Dataset\05_S1GFloods\A\image_1001.png,c:\Users\HP\OneDrive\Desktop\Flood_AI_Dataset\05_S1GFloods\B\image_1001.png,c:\Users\HP\OneDrive\Desktop\Flood_AI_Dataset\05_S1GFloods\Label\image_1001.png,60.791,2
image_203.png,c:\Users\HP\OneDrive\Desktop\Flood_AI_Dataset\05_S1GFloods\A\image_203.png,c:\Users\HP\OneDrive\Desktop\Flood_AI_Dataset\05_S1GFloods\B\image_203.png,c:\Users\HP\OneDrive\Desktop\Flood_AI_Dataset\05_S1GFloods\Label\image_203.png,41.4856,2
image_1095.png,c:\Users\HP\OneDrive\Desktop\Flood_AI_Dataset\05_S1GFloods\A\image_1095.png,c:\Users\HP\OneDrive\Desktop\Flood_AI_Dataset\05_S1GFloods\B\image_1095.png,c:\Users\HP\OneDrive\Desktop\Flood_AI_Dataset\05_S1GFloods\Label\image_1095.png,13.0951,2
image_946.png,c:\Users\HP\OneDrive\Desktop\Flood_AI_Dataset\05_S1GFloods\A\image_946.png,c:\Users\HP\OneDrive\Desktop\Flood_AI_Dataset\05_S1GFloods\B\image_946.png,c:\Users\HP\OneDrive\Desktop\Flood_AI_Dataset\05_S1GFloods\Label\image_946.png,64.5615,2
image_3387.png,c:\Users\HP\OneDrive\Desktop\Flood_AI_Dataset\05_S1GFloods\A\image_3387.png,c:\Users\HP\OneDrive\Desktop\Flood_AI_Dataset\05_S1GFloods\B\image_3387.png,c:\Users\HP\OneDrive\Desktop\Flood_AI_Dataset\05_S1GFloods\Label\image_3387.png,5.9341,1
image_3719.png,c:\Users\HP\OneDrive\Desktop\Flood_AI_Dataset\05_S1GFloods\A\image_3719.png,c:\Users\HP\OneDrive\Desktop\Flood_AI_Dataset\05_S1GFloods\B\image_3719.png,c:\Users\HP\OneDrive\Desktop\Flood_AI_Dataset\05_S1GFloods\Label\image_3719.png,23.3978,2
image_3306.png,c:\Users\HP\OneDrive\Desktop\Flood_AI_Dataset\05_S1GFloods\A\image_3306.png,c:\Users\HP\OneDrive\Desktop\Flood_AI_Dataset\05_S1GFloods\B\image_3306.png,c:\Users\HP\OneDrive\Desktop\Flood_AI_Dataset\05_S1GFloods\Label\image_3306.png,42.9214,2
image_837.png,c:\Users\HP\OneDrive\Desktop\Flood_AI_Dataset\05_S1GFloods\A\image_837.png,c:\Users\HP\OneDrive\Desktop\Flood_AI_Dataset\05_S1GFloods\B\image_837.png,c:\Users\HP\OneDrive\Desktop\Flood_AI_Dataset\05_S1GFloods\Label\image_837.png,92.3172,2
image_1563.png,c:\Users\HP\OneDrive\Desktop\Flood_AI_Dataset\05_S1GFloods\A\image_1563.png,c:\Users\HP\OneDrive\Desktop\Flood_AI_Dataset\05_S1GFloods\B\image_1563.png,c:\Users\HP\OneDrive\Desktop\Flood_AI_Dataset\05_S1GFloods\Label\image_1563.png,13.7024,2
image_772.png,c:\Users\HP\OneDrive\Desktop\Flood_AI_Dataset\05_S1GFloods\A\image_772.png,c:\Users\HP\OneDrive\Desktop\Flood_AI_Dataset\05_S1GFloods\B\image_772.png,c:\Users\HP\OneDrive\Desktop\Flood_AI_Dataset\05_S1GFloods\Label\image_772.png,88.6475,2
image_4732.png,c:\Users\HP\OneDrive\Desktop\Flood_AI_Dataset\05_S1GFloods\A\image_4732.png,c:\Users\HP\OneDrive\Desktop\Flood_AI_Dataset\05_S1GFloods\B\image_4732.png,c:\Users\HP\OneDrive\Desktop\Flood_AI_Dataset\05_S1GFloods\Label\image_4732.png,10.1273,2
image_5313.png,c:\Users\HP\OneDrive\Desktop\Flood_AI_Dataset\05_S1GFloods\A\image_5313.png,c:\Users\HP\OneDrive\Desktop\Flood_AI_Dataset\05_S1GFloods\B\image_5313.png,c:\Users\HP\OneDrive\Desktop\Flood_AI_Dataset\05_S1GFloods\Label\image_5313.png,22.9645,2
image_1581.png,c:\Users\HP\OneDrive\Desktop\Flood_AI_Dataset\05_S1GFloods\A\image_1581.png,c:\Users\HP\OneDrive\Desktop\Flood_AI_Dataset\05_S1GFloods\B\image_1581.png,c:\Users\HP\OneDrive\Desktop\Flood_AI_Dataset\05_S1GFloods\Label\image_1581.png,35.3317,2
image_2885.png,c:\Users\HP\OneDrive\Desktop\Flood_AI_Dataset\05_S1GFloods\A\image_2885.png,c:\Users\HP\OneDrive\Desktop\Flood_AI_Dataset\05_S1GFloods\B\image_2885.png,c:\Users\HP\OneDrive\Desktop\Flood_AI_Dataset\05_S1GFloods\Label\image_2885.png,35.0388,2
image_1587.png,c:\Users\HP\OneDrive\Desktop\Flood_AI_Dataset\05_S1GFloods\A\image_1587.png,c:\Users\HP\OneDrive\Desktop\Flood_AI_Dataset\05_S1GFloods\B\image_1587.png,c:\Users\HP\OneDrive\Desktop\Flood_AI_Dataset\05_S1GFloods\Label\image_1587.png,13.9297,2
image_2667.png,c:\Users\HP\OneDrive\Desktop\Flood_AI_Dataset\05_S1GFloods\A\image_2667.png,c:\Users\HP\OneDrive\Desktop\Flood_AI_Dataset\05_S1GFloods\B\image_2667.png,c:\Users\HP\OneDrive\Desktop\Flood_AI_Dataset\05_S1GFloods\Label\image_2667.png,57.4295,2
image_5200.png,c:\Users\HP\OneDrive\Desktop\Flood_AI_Dataset\05_S1GFloods\A\image_5200.png,c:\Users\HP\OneDrive\Desktop\Flood_AI_Dataset\05_S1GFloods\B\image_5200.png,c:\Users\HP\OneDrive\Desktop\Flood_AI_Dataset\05_S1GFloods\Label\image_5200.png,49.707,2
image_4541.png,c:\Users\HP\OneDrive\Desktop\Flood_AI_Dataset\05_S1GFloods\A\image_4541.png,c:\Users\HP\OneDrive\Desktop\Flood_AI_Dataset\05_S1GFloods\B\image_4541.png,c:\Users\HP\OneDrive\Desktop\Flood_AI_Dataset\05_S1GFloods\Label\image_4541.png,24.707,2
image_4959.png,c:\Users\HP\OneDrive\Desktop\Flood_AI_Dataset\05_S1GFloods\A\image_4959.png,c:\Users\HP\OneDrive\Desktop\Flood_AI_Dataset\05_S1GFloods\B\image_4959.png,c:\Users\HP\OneDrive\Desktop\Flood_AI_Dataset\05_S1GFloods\Label\image_4959.png,19.7891,2
image_4802.png,c:\Users\HP\OneDrive\Desktop\Flood_AI_Dataset\05_S1GFloods\A\image_4802.png,c:\Users\HP\OneDrive\Desktop\Flood_AI_Dataset\05_S1GFloods\B\image_4802.png,c:\Users\HP\OneDrive\Desktop\Flood_AI_Dataset\05_S1GFloods\Label\image_4802.png,6.9183,1
image_3562.png,c:\Users\HP\OneDrive\Desktop\Flood_AI_Dataset\05_S1GFloods\A\image_3562.png,c:\Users\HP\OneDrive\Desktop\Flood_AI_Dataset\05_S1GFloods\B\image_3562.png,c:\Users\HP\OneDrive\Desktop\Flood_AI_Dataset\05_S1GFloods\Label\image_3562.png,5.5374,1
image_1981.png,c:\Users\HP\OneDrive\Desktop\Flood_AI_Dataset\05_S1GFloods\A\image_1981.png,c:\Users\HP\OneDrive\Desktop\Flood_AI_Dataset\05_S1GFloods\B\image_1981.png,c:\Users\HP\OneDrive\Desktop\Flood_AI_Dataset\05_S1GFloods\Label\image_1981.png,22.673,2
image_42.png,c:\Users\HP\OneDrive\Desktop\Flood_AI_Dataset\05_S1GFloods\A\image_42.png,c:\Users\HP\OneDrive\Desktop\Flood_AI_Dataset\05_S1GFloods\B\image_42.png,c:\Users\HP\OneDrive\Desktop\Flood_AI_Dataset\05_S1GFloods\Label\image_42.png,67.7231,2
image_258.png,c:\Users\HP\OneDrive\Desktop\Flood_AI_Dataset\05_S1GFloods\A\image_258.png,c:\Users\HP\OneDrive\Desktop\Flood_AI_Dataset\05_S1GFloods\B\image_258.png,c:\Users\HP\OneDrive\Desktop\Flood_AI_Dataset\05_S1GFloods\Label\image_258.png,88.3575,2
image_4515.png,c:\Users\HP\OneDrive\Desktop\Flood_AI_Dataset\05_S1GFloods\A\image_4515.png,c:\Users\HP\OneDrive\Desktop\Flood_AI_Dataset\05_S1GFloods\B\image_4515.png,c:\Users\HP\OneDrive\Desktop\Flood_AI_Dataset\05_S1GFloods\Label\image_4515.png,14.1602,2
image_2537.png,c:\Users\HP\OneDrive\Desktop\Flood_AI_Dataset\05_S1GFloods\A\image_2537.png,c:\Users\HP\OneDrive\Desktop\Flood_AI_Dataset\05_S1GFloods\B\image_2537.png,c:\Users\HP\OneDrive\Desktop\Flood_AI_Dataset\05_S1GFloods\Label\image_2537.png,15.7944,2
image_3965.png,c:\Users\HP\OneDrive\Desktop\Flood_AI_Dataset\05_S1GFloods\A\image_3965.png,c:\Users\HP\OneDrive\Desktop\Flood_AI_Dataset\05_S1GFloods\B\image_3965.png,c:\Users\HP\OneDrive\Desktop\Flood_AI_Dataset\05_S1GFloods\Label\image_3965.png,85.3546,2
image_1056.png,c:\Users\HP\OneDrive\Desktop\Flood_AI_Dataset\05_S1GFloods\A\image_1056.png,c:\Users\HP\OneDrive\Desktop\Flood_AI_Dataset\05_S1GFloods\B\image_1056.png,c:\Users\HP\OneDrive\Desktop\Flood_AI_Dataset\05_S1GFloods\Label\image_1056.png,32.8339,2
image_2573.png,c:\Users\HP\OneDrive\Desktop\Flood_AI_Dataset\05_S1GFloods\A\image_2573.png,c:\Users\HP\OneDrive\Desktop\Flood_AI_Dataset\05_S1GFloods\B\image_2573.png,c:\Users\HP\OneDrive\Desktop\Flood_AI_Dataset\05_S1GFloods\Label\image_2573.png,68.1442,2
image_1980.png,c:\Users\HP\OneDrive\Desktop\Flood_AI_Dataset\05_S1GFloods\A\image_1980.png,c:\Users\HP\OneDrive\Desktop\Flood_AI_Dataset\05_S1GFloods\B\image_1980.png,c:\Users\HP\OneDrive\Desktop\Flood_AI_Dataset\05_S1GFloods\Label\image_1980.png,8.5999,1
image_4561.png,c:\Users\HP\OneDrive\Desktop\Flood_AI_Dataset\05_S1GFloods\A\image_4561.png,c:\Users\HP\OneDrive\Desktop\Flood_AI_Dataset\05_S1GFloods\B\image_4561.png,c:\Users\HP\OneDrive\Desktop\Flood_AI_Dataset\05_S1GFloods\Label\image_4561.png,57.2174,2
image_966.png,c:\Users\HP\OneDrive\Desktop\Flood_AI_Dataset\05_S1GFloods\A\image_966.png,c:\Users\HP\OneDrive\Desktop\Flood_AI_Dataset\05_S1GFloods\B\image_966.png,c:\Users\HP\OneDrive\Desktop\Flood_AI_Dataset\05_S1GFloods\Label\image_966.png,13.8428,2
image_2963.png,c:\Users\HP\OneDrive\Desktop\Flood_AI_Dataset\05_S1GFloods\A\image_2963.png,c:\Users\HP\OneDrive\Desktop\Flood_AI_Dataset\05_S1GFloods\B\image_2963.png,c:\Users\HP\OneDrive\Desktop\Flood_AI_Dataset\05_S1GFloods\Label\image_2963.png,38.8016,2
image_4573.png,c:\Users\HP\OneDrive\Desktop\Flood_AI_Dataset\05_S1GFloods\A\image_4573.png,c:\Users\HP\OneDrive\Desktop\Flood_AI_Dataset\05_S1GFloods\B\image_4573.png,c:\Users\HP\OneDrive\Desktop\Flood_AI_Dataset\05_S1GFloods\Label\image_4573.png,6.2881,1
image_2359.png,c:\Users\HP\OneDrive\Desktop\Flood_AI_Dataset\05_S1GFloods\A\image_2359.png,c:\Users\HP\OneDrive\Desktop\Flood_AI_Dataset\05_S1GFloods\B\image_2359.png,c:\Users\HP\OneDrive\Desktop\Flood_AI_Dataset\05_S1GFloods\Label\image_2359.png,81.6483,2
image_5327.png,c:\Users\HP\OneDrive\Desktop\Flood_AI_Dataset\05_S1GFloods\A\image_5327.png,c:\Users\HP\OneDrive\Desktop\Flood_AI_Dataset\05_S1GFloods\B\image_5327.png,c:\Users\HP\OneDrive\Desktop\Flood_AI_Dataset\05_S1GFloods\Label\image_5327.png,49.5544,2
image_1379.png,c:\Users\HP\OneDrive\Desktop\Flood_AI_Dataset\05_S1GFloods\A\image_1379.png,c:\Users\HP\OneDrive\Desktop\Flood_AI_Dataset\05_S1GFloods\B\image_1379.png,c:\Users\HP\OneDrive\Desktop\Flood_AI_Dataset\05_S1GFloods\Label\image_1379.png,68.1366,2
image_1645.png,c:\Users\HP\OneDrive\Desktop\Flood_AI_Dataset\05_S1GFloods\A\image_1645.png,c:\Users\HP\OneDrive\Desktop\Flood_AI_Dataset\05_S1GFloods\B\image_1645.png,c:\Users\HP\OneDrive\Desktop\Flood_AI_Dataset\05_S1GFloods\Label\image_1645.png,29.8569,2
image_1850.png,c:\Users\HP\OneDrive\Desktop\Flood_AI_Dataset\05_S1GFloods\A\image_1850.png,c:\Users\HP\OneDrive\Desktop\Flood_AI_Dataset\05_S1GFloods\B\image_1850.png,c:\Users\HP\OneDrive\Desktop\Flood_AI_Dataset\05_S1GFloods\Label\image_1850.png,5.9387,1
image_4039.png,c:\Users\HP\OneDrive\Desktop\Flood_AI_Dataset\05_S1GFloods\A\image_4039.png,c:\Users\HP\OneDrive\Desktop\Flood_AI_Dataset\05_S1GFloods\B\image_4039.png,c:\Users\HP\OneDrive\Desktop\Flood_AI_Dataset\05_S1GFloods\Label\image_4039.png,58.1406,2
image_3438.png,c:\Users\HP\OneDrive\Desktop\Flood_AI_Dataset\05_S1GFloods\A\image_3438.png,c:\Users\HP\OneDrive\Desktop\Flood_AI_Dataset\05_S1GFloods\B\image_3438.png,c:\Users\HP\OneDrive\Desktop\Flood_AI_Dataset\05_S1GFloods\Label\image_3438.png,11.4685,2
image_2097.png,c:\Users\HP\OneDrive\Desktop\Flood_AI_Dataset\05_S1GFloods\A\image_2097.png,c:\Users\HP\OneDrive\Desktop\Flood_AI_Dataset\05_S1GFloods\B\image_2097.png,c:\Users\HP\OneDrive\Desktop\Flood_AI_Dataset\05_S1GFloods\Label\image_2097.png,10.5148,2
image_3842.png,c:\Users\HP\OneDrive\Desktop\Flood_AI_Dataset\05_S1GFloods\A\image_3842.png,c:\Users\HP\OneDrive\Desktop\Flood_AI_Dataset\05_S1GFloods\B\image_3842.png,c:\Users\HP\OneDrive\Desktop\Flood_AI_Dataset\05_S1GFloods\Label\image_3842.png,89.6866,2
image_1162.png,c:\Users\HP\OneDrive\Desktop\Flood_AI_Dataset\05_S1GFloods\A\image_1162.png,c:\Users\HP\OneDrive\Desktop\Flood_AI_Dataset\05_S1GFloods\B\image_1162.png,c:\Users\HP\OneDrive\Desktop\Flood_AI_Dataset\05_S1GFloods\Label\image_1162.png,61.9797,2
image_3870.png,c:\Users\HP\OneDrive\Desktop\Flood_AI_Dataset\05_S1GFloods\A\image_3870.png,c:\Users\HP\OneDrive\Desktop\Flood_AI_Dataset\05_S1GFloods\B\image_3870.png,c:\Users\HP\OneDrive\Desktop\Flood_AI_Dataset\05_S1GFloods\Label\image_3870.png,65.7654,2
image_2521.png,c:\Users\HP\OneDrive\Desktop\Flood_AI_Dataset\05_S1GFloods\A\image_2521.png,c:\Users\HP\OneDrive\Desktop\Flood_AI_Dataset\05_S1GFloods\B\image_2521.png,c:\Users\HP\OneDrive\Desktop\Flood_AI_Dataset\05_S1GFloods\Label\image_2521.png,28.8803,2
image_354.png,c:\Users\HP\OneDrive\Desktop\Flood_AI_Dataset\05_S1GFloods\A\image_354.png,c:\Users\HP\OneDrive\Desktop\Flood_AI_Dataset\05_S1GFloods\B\image_354.png,c:\Users\HP\OneDrive\Desktop\Flood_AI_Dataset\05_S1GFloods\Label\image_354.png,70.1355,2
image_217.png,c:\Users\HP\OneDrive\Desktop\Flood_AI_Dataset\05_S1GFloods\A\image_217.png,c:\Users\HP\OneDrive\Desktop\Flood_AI_Dataset\05_S1GFloods\B\image_217.png,c:\Users\HP\OneDrive\Desktop\Flood_AI_Dataset\05_S1GFloods\Label\image_217.png,27.6306,2
image_2971.png,c:\Users\HP\OneDrive\Desktop\Flood_AI_Dataset\05_S1GFloods\A\image_2971.png,c:\Users\HP\OneDrive\Desktop\Flood_AI_Dataset\05_S1GFloods\B\image_2971.png,c:\Users\HP\OneDrive\Desktop\Flood_AI_Dataset\05_S1GFloods\Label\image_2971.png,35.7468,2
image_1313.png,c:\Users\HP\OneDrive\Desktop\Flood_AI_Dataset\05_S1GFloods\A\image_1313.png,c:\Users\HP\OneDrive\Desktop\Flood_AI_Dataset\05_S1GFloods\B\image_1313.png,c:\Users\HP\OneDrive\Desktop\Flood_AI_Dataset\05_S1GFloods\Label\image_1313.png,26.7242,2
image_308.png,c:\Users\HP\OneDrive\Desktop\Flood_AI_Dataset\05_S1GFloods\A\image_308.png,c:\Users\HP\OneDrive\Desktop\Flood_AI_Dataset\05_S1GFloods\B\image_308.png,c:\Users\HP\OneDrive\Desktop\Flood_AI_Dataset\05_S1GFloods\Label\image_308.png,13.8855,2
image_3155.png,c:\Users\HP\OneDrive\Desktop\Flood_AI_Dataset\05_S1GFloods\A\image_3155.png,c:\Users\HP\OneDrive\Desktop\Flood_AI_Dataset\05_S1GFloods\B\image_3155.png,c:\Users\HP\OneDrive\Desktop\Flood_AI_Dataset\05_S1GFloods\Label\image_3155.png,53.6835,2
image_787.png,c:\Users\HP\OneDrive\Desktop\Flood_AI_Dataset\05_S1GFloods\A\image_787.png,c:\Users\HP\OneDrive\Desktop\Flood_AI_Dataset\05_S1GFloods\B\image_787.png,c:\Users\HP\OneDrive\Desktop\Flood_AI_Dataset\05_S1GFloods\Label\image_787.png,5.5618,1
image_609.png,c:\Users\HP\OneDrive\Desktop\Flood_AI_Dataset\05_S1GFloods\A\image_609.png,c:\Users\HP\OneDrive\Desktop\Flood_AI_Dataset\05_S1GFloods\B\image_609.png,c:\Users\HP\OneDrive\Desktop\Flood_AI_Dataset\05_S1GFloods\Label\image_609.png,83.4457,2
image_3648.png,c:\Users\HP\OneDrive\Desktop\Flood_AI_Dataset\05_S1GFloods\A\image_3648.png,c:\Users\HP\OneDrive\Desktop\Flood_AI_Dataset\05_S1GFloods\B\image_3648.png,c:\Users\HP\OneDrive\Desktop\Flood_AI_Dataset\05_S1GFloods\Label\image_3648.png,5.9021,1
image_4835.png,c:\Users\HP\OneDrive\Desktop\Flood_AI_Dataset\05_S1GFloods\A\image_4835.png,c:\Users\HP\OneDrive\Desktop\Flood_AI_Dataset\05_S1GFloods\B\image_4835.png,c:\Users\HP\OneDrive\Desktop\Flood_AI_Dataset\05_S1GFloods\Label\image_4835.png,17.9871,2
image_5119.png,c:\Users\HP\OneDrive\Desktop\Flood_AI_Dataset\05_S1GFloods\A\image_5119.png,c:\Users\HP\OneDrive\Desktop\Flood_AI_Dataset\05_S1GFloods\B\image_5119.png,c:\Users\HP\OneDrive\Desktop\Flood_AI_Dataset\05_S1GFloods\Label\image_5119.png,42.5476,2
image_1730.png,c:\Users\HP\OneDrive\Desktop\Flood_AI_Dataset\05_S1GFloods\A\image_1730.png,c:\Users\HP\OneDrive\Desktop\Flood_AI_Dataset\05_S1GFloods\B\image_1730.png,c:\Users\HP\OneDrive\Desktop\Flood_AI_Dataset\05_S1GFloods\Label\image_1730.png,24.3973,2
image_1116.png,c:\Users\HP\OneDrive\Desktop\Flood_AI_Dataset\05_S1GFloods\A\image_1116.png,c:\Users\HP\OneDrive\Desktop\Flood_AI_Dataset\05_S1GFloods\B\image_1116.png,c:\Users\HP\OneDrive\Desktop\Flood_AI_Dataset\05_S1GFloods\Label\image_1116.png,28.8818,2
image_3731.png,c:\Users\HP\OneDrive\Desktop\Flood_AI_Dataset\05_S1GFloods\A\image_3731.png,c:\Users\HP\OneDrive\Desktop\Flood_AI_Dataset\05_S1GFloods\B\image_3731.png,c:\Users\HP\OneDrive\Desktop\Flood_AI_Dataset\05_S1GFloods\Label\image_3731.png,16.2201,2
image_2899.png,c:\Users\HP\OneDrive\Desktop\Flood_AI_Dataset\05_S1GFloods\A\image_2899.png,c:\Users\HP\OneDrive\Desktop\Flood_AI_Dataset\05_S1GFloods\B\image_2899.png,c:\Users\HP\OneDrive\Desktop\Flood_AI_Dataset\05_S1GFloods\Label\image_2899.png,14.4577,2
image_1602.png,c:\Users\HP\OneDrive\Desktop\Flood_AI_Dataset\05_S1GFloods\A\image_1602.png,c:\Users\HP\OneDrive\Desktop\Flood_AI_Dataset\05_S1GFloods\B\image_1602.png,c:\Users\HP\OneDrive\Desktop\Flood_AI_Dataset\05_S1GFloods\Label\image_1602.png,34.5032,2
image_3355.png,c:\Users\HP\OneDrive\Desktop\Flood_AI_Dataset\05_S1GFloods\A\image_3355.png,c:\Users\HP\OneDrive\Desktop\Flood_AI_Dataset\05_S1GFloods\B\image_3355.png,c:\Users\HP\OneDrive\Desktop\Flood_AI_Dataset\05_S1GFloods\Label\image_3355.png,20.0912,2
image_915.png,c:\Users\HP\OneDrive\Desktop\Flood_AI_Dataset\05_S1GFloods\A\image_915.png,c:\Users\HP\OneDrive\Desktop\Flood_AI_Dataset\05_S1GFloods\B\image_915.png,c:\Users\HP\OneDrive\Desktop\Flood_AI_Dataset\05_S1GFloods\Label\image_915.png,72.5113,2
image_4503.png,c:\Users\HP\OneDrive\Desktop\Flood_AI_Dataset\05_S1GFloods\A\image_4503.png,c:\Users\HP\OneDrive\Desktop\Flood_AI_Dataset\05_S1GFloods\B\image_4503.png,c:\Users\HP\OneDrive\Desktop\Flood_AI_Dataset\05_S1GFloods\Label\image_4503.png,24.501,2
image_3743.png,c:\Users\HP\OneDrive\Desktop\Flood_AI_Dataset\05_S1GFloods\A\image_3743.png,c:\Users\HP\OneDrive\Desktop\Flood_AI_Dataset\05_S1GFloods\B\image_3743.png,c:\Users\HP\OneDrive\Desktop\Flood_AI_Dataset\05_S1GFloods\Label\image_3743.png,35.4431,2
image_1156.png,c:\Users\HP\OneDrive\Desktop\Flood_AI_Dataset\05_S1GFloods\A\image_1156.png,c:\Users\HP\OneDrive\Desktop\Flood_AI_Dataset\05_S1GFloods\B\image_1156.png,c:\Users\HP\OneDrive\Desktop\Flood_AI_Dataset\05_S1GFloods\Label\image_1156.png,82.1991,2
image_5030.png,c:\Users\HP\OneDrive\Desktop\Flood_AI_Dataset\05_S1GFloods\A\image_5030.png,c:\Users\HP\OneDrive\Desktop\Flood_AI_Dataset\05_S1GFloods\B\image_5030.png,c:\Users\HP\OneDrive\Desktop\Flood_AI_Dataset\05_S1GFloods\Label\image_5030.png,37.5687,2
image_3647.png,c:\Users\HP\OneDrive\Desktop\Flood_AI_Dataset\05_S1GFloods\A\image_3647.png,c:\Users\HP\OneDrive\Desktop\Flood_AI_Dataset\05_S1GFloods\B\image_3647.png,c:\Users\HP\OneDrive\Desktop\Flood_AI_Dataset\05_S1GFloods\Label\image_3647.png,43.0878,2
image_3097.png,c:\Users\HP\OneDrive\Desktop\Flood_AI_Dataset\05_S1GFloods\A\image_3097.png,c:\Users\HP\OneDrive\Desktop\Flood_AI_Dataset\05_S1GFloods\B\image_3097.png,c:\Users\HP\OneDrive\Desktop\Flood_AI_Dataset\05_S1GFloods\Label\image_3097.png,22.2946,2
image_3975.png,c:\Users\HP\OneDrive\Desktop\Flood_AI_Dataset\05_S1GFloods\A\image_3975.png,c:\Users\HP\OneDrive\Desktop\Flood_AI_Dataset\05_S1GFloods\B\image_3975.png,c:\Users\HP\OneDrive\Desktop\Flood_AI_Dataset\05_S1GFloods\Label\image_3975.png,69.5068,2
image_4673.png,c:\Users\HP\OneDrive\Desktop\Flood_AI_Dataset\05_S1GFloods\A\image_4673.png,c:\Users\HP\OneDrive\Desktop\Flood_AI_Dataset\05_S1GFloods\B\image_4673.png,c:\Users\HP\OneDrive\Desktop\Flood_AI_Dataset\05_S1GFloods\Label\image_4673.png,6.5323,1
image_2329.png,c:\Users\HP\OneDrive\Desktop\Flood_AI_Dataset\05_S1GFloods\A\image_2329.png,c:\Users\HP\OneDrive\Desktop\Flood_AI_Dataset\05_S1GFloods\B\image_2329.png,c:\Users\HP\OneDrive\Desktop\Flood_AI_Dataset\05_S1GFloods\Label\image_2329.png,16.0736,2
image_5067.png,c:\Users\HP\OneDrive\Desktop\Flood_AI_Dataset\05_S1GFloods\A\image_5067.png,c:\Users\HP\OneDrive\Desktop\Flood_AI_Dataset\05_S1GFloods\B\image_5067.png,c:\Users\HP\OneDrive\Desktop\Flood_AI_Dataset\05_S1GFloods\Label\image_5067.png,8.2214,1
image_478.png,c:\Users\HP\OneDrive\Desktop\Flood_AI_Dataset\05_S1GFloods\A\image_478.png,c:\Users\HP\OneDrive\Desktop\Flood_AI_Dataset\05_S1GFloods\B\image_478.png,c:\Users\HP\OneDrive\Desktop\Flood_AI_Dataset\05_S1GFloods\Label\image_478.png,43.9011,2
image_1565.png,c:\Users\HP\OneDrive\Desktop\Flood_AI_Dataset\05_S1GFloods\A\image_1565.png,c:\Users\HP\OneDrive\Desktop\Flood_AI_Dataset\05_S1GFloods\B\image_1565.png,c:\Users\HP\OneDrive\Desktop\Flood_AI_Dataset\05_S1GFloods\Label\image_1565.png,36.4731,2
image_4056.png,c:\Users\HP\OneDrive\Desktop\Flood_AI_Dataset\05_S1GFloods\A\image_4056.png,c:\Users\HP\OneDrive\Desktop\Flood_AI_Dataset\05_S1GFloods\B\image_4056.png,c:\Users\HP\OneDrive\Desktop\Flood_AI_Dataset\05_S1GFloods\Label\image_4056.png,12.3337,2
image_2760.png,c:\Users\HP\OneDrive\Desktop\Flood_AI_Dataset\05_S1GFloods\A\image_2760.png,c:\Users\HP\OneDrive\Desktop\Flood_AI_Dataset\05_S1GFloods\B\image_2760.png,c:\Users\HP\OneDrive\Desktop\Flood_AI_Dataset\05_S1GFloods\Label\image_2760.png,33.6258,2
image_275.png,c:\Users\HP\OneDrive\Desktop\Flood_AI_Dataset\05_S1GFloods\A\image_275.png,c:\Users\HP\OneDrive\Desktop\Flood_AI_Dataset\05_S1GFloods\B\image_275.png,c:\Users\HP\OneDrive\Desktop\Flood_AI_Dataset\05_S1GFloods\Label\image_275.png,10.7452,2
image_3791.png,c:\Users\HP\OneDrive\Desktop\Flood_AI_Dataset\05_S1GFloods\A\image_3791.png,c:\Users\HP\OneDrive\Desktop\Flood_AI_Dataset\05_S1GFloods\B\image_3791.png,c:\Users\HP\OneDrive\Desktop\Flood_AI_Dataset\05_S1GFloods\Label\image_3791.png,15.5563,2
image_3108.png,c:\Users\HP\OneDrive\Desktop\Flood_AI_Dataset\05_S1GFloods\A\image_3108.png,c:\Users\HP\OneDrive\Desktop\Flood_AI_Dataset\05_S1GFloods\B\image_3108.png,c:\Users\HP\OneDrive\Desktop\Flood_AI_Dataset\05_S1GFloods\Label\image_3108.png,30.4871,2
image_1902.png,c:\Users\HP\OneDrive\Desktop\Flood_AI_Dataset\05_S1GFloods\A\image_1902.png,c:\Users\HP\OneDrive\Desktop\Flood_AI_Dataset\05_S1GFloods\B\image_1902.png,c:\Users\HP\OneDrive\Desktop\Flood_AI_Dataset\05_S1GFloods\Label\image_1902.png,9.7702,1
image_4518.png,c:\Users\HP\OneDrive\Desktop\Flood_AI_Dataset\05_S1GFloods\A\image_4518.png,c:\Users\HP\OneDrive\Desktop\Flood_AI_Dataset\05_S1GFloods\B\image_4518.png,c:\Users\HP\OneDrive\Desktop\Flood_AI_Dataset\05_S1GFloods\Label\image_4518.png,5.2658,1
image_726.png,c:\Users\HP\OneDrive\Desktop\Flood_AI_Dataset\05_S1GFloods\A\image_726.png,c:\Users\HP\OneDrive\Desktop\Flood_AI_Dataset\05_S1GFloods\B\image_726.png,c:\Users\HP\OneDrive\Desktop\Flood_AI_Dataset\05_S1GFloods\Label\image_726.png,7.6309,1
image_1668.png,c:\Users\HP\OneDrive\Desktop\Flood_AI_Dataset\05_S1GFloods\A\image_1668.png,c:\Users\HP\OneDrive\Desktop\Flood_AI_Dataset\05_S1GFloods\B\image_1668.png,c:\Users\HP\OneDrive\Desktop\Flood_AI_Dataset\05_S1GFloods\Label\image_1668.png,22.8775,2
image_4452.png,c:\Users\HP\OneDrive\Desktop\Flood_AI_Dataset\05_S1GFloods\A\image_4452.png,c:\Users\HP\OneDrive\Desktop\Flood_AI_Dataset\05_S1GFloods\B\image_4452.png,c:\Users\HP\OneDrive\Desktop\Flood_AI_Dataset\05_S1GFloods\Label\image_4452.png,74.0982,2
image_83.png,c:\Users\HP\OneDrive\Desktop\Flood_AI_Dataset\05_S1GFloods\A\image_83.png,c:\Users\HP\OneDrive\Desktop\Flood_AI_Dataset\05_S1GFloods\B\image_83.png,c:\Users\HP\OneDrive\Desktop\Flood_AI_Dataset\05_S1GFloods\Label\image_83.png,5.22,1
image_3654.png,c:\Users\HP\OneDrive\Desktop\Flood_AI_Dataset\05_S1GFloods\A\image_3654.png,c:\Users\HP\OneDrive\Desktop\Flood_AI_Dataset\05_S1GFloods\B\image_3654.png,c:\Users\HP\OneDrive\Desktop\Flood_AI_Dataset\05_S1GFloods\Label\image_3654.png,9.9213,1
image_4326.png,c:\Users\HP\OneDrive\Desktop\Flood_AI_Dataset\05_S1GFloods\A\image_4326.png,c:\Users\HP\OneDrive\Desktop\Flood_AI_Dataset\05_S1GFloods\B\image_4326.png,c:\Users\HP\OneDrive\Desktop\Flood_AI_Dataset\05_S1GFloods\Label\image_4326.png,39.5142,2
image_988.png,c:\Users\HP\OneDrive\Desktop\Flood_AI_Dataset\05_S1GFloods\A\image_988.png,c:\Users\HP\OneDrive\Desktop\Flood_AI_Dataset\05_S1GFloods\B\image_988.png,c:\Users\HP\OneDrive\Desktop\Flood_AI_Dataset\05_S1GFloods\Label\image_988.png,48.6343,2
image_3653.png,c:\Users\HP\OneDrive\Desktop\Flood_AI_Dataset\05_S1GFloods\A\image_3653.png,c:\Users\HP\OneDrive\Desktop\Flood_AI_Dataset\05_S1GFloods\B\image_3653.png,c:\Users\HP\OneDrive\Desktop\Flood_AI_Dataset\05_S1GFloods\Label\image_3653.png,7.7179,1
image_4514.png,c:\Users\HP\OneDrive\Desktop\Flood_AI_Dataset\05_S1GFloods\A\image_4514.png,c:\Users\HP\OneDrive\Desktop\Flood_AI_Dataset\05_S1GFloods\B\image_4514.png,c:\Users\HP\OneDrive\Desktop\Flood_AI_Dataset\05_S1GFloods\Label\image_4514.png,6.9763,1
image_4070.png,c:\Users\HP\OneDrive\Desktop\Flood_AI_Dataset\05_S1GFloods\A\image_4070.png,c:\Users\HP\OneDrive\Desktop\Flood_AI_Dataset\05_S1GFloods\B\image_4070.png,c:\Users\HP\OneDrive\Desktop\Flood_AI_Dataset\05_S1GFloods\Label\image_4070.png,11.6455,2
image_4983.png,c:\Users\HP\OneDrive\Desktop\Flood_AI_Dataset\05_S1GFloods\A\image_4983.png,c:\Users\HP\OneDrive\Desktop\Flood_AI_Dataset\05_S1GFloods\B\image_4983.png,c:\Users\HP\OneDrive\Desktop\Flood_AI_Dataset\05_S1GFloods\Label\image_4983.png,23.5596,2
image_1607.png,c:\Users\HP\OneDrive\Desktop\Flood_AI_Dataset\05_S1GFloods\A\image_1607.png,c:\Users\HP\OneDrive\Desktop\Flood_AI_Dataset\05_S1GFloods\B\image_1607.png,c:\Users\HP\OneDrive\Desktop\Flood_AI_Dataset\05_S1GFloods\Label\image_1607.png,7.3624,1
image_2535.png,c:\Users\HP\OneDrive\Desktop\Flood_AI_Dataset\05_S1GFloods\A\image_2535.png,c:\Users\HP\OneDrive\Desktop\Flood_AI_Dataset\05_S1GFloods\B\image_2535.png,c:\Users\HP\OneDrive\Desktop\Flood_AI_Dataset\05_S1GFloods\Label\image_2535.png,8.9127,1
image_732.png,c:\Users\HP\OneDrive\Desktop\Flood_AI_Dataset\05_S1GFloods\A\image_732.png,c:\Users\HP\OneDrive\Desktop\Flood_AI_Dataset\05_S1GFloods\B\image_732.png,c:\Users\HP\OneDrive\Desktop\Flood_AI_Dataset\05_S1GFloods\Label\image_732.png,86.9553,2
image_3126.png,c:\Users\HP\OneDrive\Desktop\Flood_AI_Dataset\05_S1GFloods\A\image_3126.png,c:\Users\HP\OneDrive\Desktop\Flood_AI_Dataset\05_S1GFloods\B\image_3126.png,c:\Users\HP\OneDrive\Desktop\Flood_AI_Dataset\05_S1GFloods\Label\image_3126.png,57.8064,2
image_3130.png,c:\Users\HP\OneDrive\Desktop\Flood_AI_Dataset\05_S1GFloods\A\image_3130.png,c:\Users\HP\OneDrive\Desktop\Flood_AI_Dataset\05_S1GFloods\B\image_3130.png,c:\Users\HP\OneDrive\Desktop\Flood_AI_Dataset\05_S1GFloods\Label\image_3130.png,10.4477,2
image_2738.png,c:\Users\HP\OneDrive\Desktop\Flood_AI_Dataset\05_S1GFloods\A\image_2738.png,c:\Users\HP\OneDrive\Desktop\Flood_AI_Dataset\05_S1GFloods\B\image_2738.png,c:\Users\HP\OneDrive\Desktop\Flood_AI_Dataset\05_S1GFloods\Label\image_2738.png,10.1593,2
image_791.png,c:\Users\HP\OneDrive\Desktop\Flood_AI_Dataset\05_S1GFloods\A\image_791.png,c:\Users\HP\OneDrive\Desktop\Flood_AI_Dataset\05_S1GFloods\B\image_791.png,c:\Users\HP\OneDrive\Desktop\Flood_AI_Dataset\05_S1GFloods\Label\image_791.png,25.1877,2
image_4695.png,c:\Users\HP\OneDrive\Desktop\Flood_AI_Dataset\05_S1GFloods\A\image_4695.png,c:\Users\HP\OneDrive\Desktop\Flood_AI_Dataset\05_S1GFloods\B\image_4695.png,c:\Users\HP\OneDrive\Desktop\Flood_AI_Dataset\05_S1GFloods\Label\image_4695.png,17.7399,2
image_380.png,c:\Users\HP\OneDrive\Desktop\Flood_AI_Dataset\05_S1GFloods\A\image_380.png,c:\Users\HP\OneDrive\Desktop\Flood_AI_Dataset\05_S1GFloods\B\image_380.png,c:\Users\HP\OneDrive\Desktop\Flood_AI_Dataset\05_S1GFloods\Label\image_380.png,13.2904,2
image_3626.png,c:\Users\HP\OneDrive\Desktop\Flood_AI_Dataset\05_S1GFloods\A\image_3626.png,c:\Users\HP\OneDrive\Desktop\Flood_AI_Dataset\05_S1GFloods\B\image_3626.png,c:\Users\HP\OneDrive\Desktop\Flood_AI_Dataset\05_S1GFloods\Label\image_3626.png,7.84,1
image_508.png,c:\Users\HP\OneDrive\Desktop\Flood_AI_Dataset\05_S1GFloods\A\image_508.png,c:\Users\HP\OneDrive\Desktop\Flood_AI_Dataset\05_S1GFloods\B\image_508.png,c:\Users\HP\OneDrive\Desktop\Flood_AI_Dataset\05_S1GFloods\Label\image_508.png,17.1234,2
image_4407.png,c:\Users\HP\OneDrive\Desktop\Flood_AI_Dataset\05_S1GFloods\A\image_4407.png,c:\Users\HP\OneDrive\Desktop\Flood_AI_Dataset\05_S1GFloods\B\image_4407.png,c:\Users\HP\OneDrive\Desktop\Flood_AI_Dataset\05_S1GFloods\Label\image_4407.png,78.1097,2
image_313.png,c:\Users\HP\OneDrive\Desktop\Flood_AI_Dataset\05_S1GFloods\A\image_313.png,c:\Users\HP\OneDrive\Desktop\Flood_AI_Dataset\05_S1GFloods\B\image_313.png,c:\Users\HP\OneDrive\Desktop\Flood_AI_Dataset\05_S1GFloods\Label\image_313.png,18.898,2
image_2733.png,c:\Users\HP\OneDrive\Desktop\Flood_AI_Dataset\05_S1GFloods\A\image_2733.png,c:\Users\HP\OneDrive\Desktop\Flood_AI_Dataset\05_S1GFloods\B\image_2733.png,c:\Users\HP\OneDrive\Desktop\Flood_AI_Dataset\05_S1GFloods\Label\image_2733.png,28.8086,2
image_1099.png,c:\Users\HP\OneDrive\Desktop\Flood_AI_Dataset\05_S1GFloods\A\image_1099.png,c:\Users\HP\OneDrive\Desktop\Flood_AI_Dataset\05_S1GFloods\B\image_1099.png,c:\Users\HP\OneDrive\Desktop\Flood_AI_Dataset\05_S1GFloods\Label\image_1099.png,20.6665,2
image_3779.png,c:\Users\HP\OneDrive\Desktop\Flood_AI_Dataset\05_S1GFloods\A\image_3779.png,c:\Users\HP\OneDrive\Desktop\Flood_AI_Dataset\05_S1GFloods\B\image_3779.png,c:\Users\HP\OneDrive\Desktop\Flood_AI_Dataset\05_S1GFloods\Label\image_3779.png,15.9195,2
image_4088.png,c:\Users\HP\OneDrive\Desktop\Flood_AI_Dataset\05_S1GFloods\A\image_4088.png,c:\Users\HP\OneDrive\Desktop\Flood_AI_Dataset\05_S1GFloods\B\image_4088.png,c:\Users\HP\OneDrive\Desktop\Flood_AI_Dataset\05_S1GFloods\Label\image_4088.png,17.5629,2
image_4862.png,c:\Users\HP\OneDrive\Desktop\Flood_AI_Dataset\05_S1GFloods\A\image_4862.png,c:\Users\HP\OneDrive\Desktop\Flood_AI_Dataset\05_S1GFloods\B\image_4862.png,c:\Users\HP\OneDrive\Desktop\Flood_AI_Dataset\05_S1GFloods\Label\image_4862.png,21.6736,2
image_2094.png,c:\Users\HP\OneDrive\Desktop\Flood_AI_Dataset\05_S1GFloods\A\image_2094.png,c:\Users\HP\OneDrive\Desktop\Flood_AI_Dataset\05_S1GFloods\B\image_2094.png,c:\Users\HP\OneDrive\Desktop\Flood_AI_Dataset\05_S1GFloods\Label\image_2094.png,9.0164,1
image_2241.png,c:\Users\HP\OneDrive\Desktop\Flood_AI_Dataset\05_S1GFloods\A\image_2241.png,c:\Users\HP\OneDrive\Desktop\Flood_AI_Dataset\05_S1GFloods\B\image_2241.png,c:\Users\HP\OneDrive\Desktop\Flood_AI_Dataset\05_S1GFloods\Label\image_2241.png,5.069,1
image_769.png,c:\Users\HP\OneDrive\Desktop\Flood_AI_Dataset\05_S1GFloods\A\image_769.png,c:\Users\HP\OneDrive\Desktop\Flood_AI_Dataset\05_S1GFloods\B\image_769.png,c:\Users\HP\OneDrive\Desktop\Flood_AI_Dataset\05_S1GFloods\Label\image_769.png,37.4863,2
image_2385.png,c:\Users\HP\OneDrive\Desktop\Flood_AI_Dataset\05_S1GFloods\A\image_2385.png,c:\Users\HP\OneDrive\Desktop\Flood_AI_Dataset\05_S1GFloods\B\image_2385.png,c:\Users\HP\OneDrive\Desktop\Flood_AI_Dataset\05_S1GFloods\Label\image_2385.png,7.9071,1
image_5210.png,c:\Users\HP\OneDrive\Desktop\Flood_AI_Dataset\05_S1GFloods\A\image_5210.png,c:\Users\HP\OneDrive\Desktop\Flood_AI_Dataset\05_S1GFloods\B\image_5210.png,c:\Users\HP\OneDrive\Desktop\Flood_AI_Dataset\05_S1GFloods\Label\image_5210.png,6.2637,1
image_1520.png,c:\Users\HP\OneDrive\Desktop\Flood_AI_Dataset\05_S1GFloods\A\image_1520.png,c:\Users\HP\OneDrive\Desktop\Flood_AI_Dataset\05_S1GFloods\B\image_1520.png,c:\Users\HP\OneDrive\Desktop\Flood_AI_Dataset\05_S1GFloods\Label\image_1520.png,13.6871,2
image_733.png,c:\Users\HP\OneDrive\Desktop\Flood_AI_Dataset\05_S1GFloods\A\image_733.png,c:\Users\HP\OneDrive\Desktop\Flood_AI_Dataset\05_S1GFloods\B\image_733.png,c:\Users\HP\OneDrive\Desktop\Flood_AI_Dataset\05_S1GFloods\Label\image_733.png,75.1236,2
image_4824.png,c:\Users\HP\OneDrive\Desktop\Flood_AI_Dataset\05_S1GFloods\A\image_4824.png,c:\Users\HP\OneDrive\Desktop\Flood_AI_Dataset\05_S1GFloods\B\image_4824.png,c:\Users\HP\OneDrive\Desktop\Flood_AI_Dataset\05_S1GFloods\Label\image_4824.png,12.1078,2
image_5063.png,c:\Users\HP\OneDrive\Desktop\Flood_AI_Dataset\05_S1GFloods\A\image_5063.png,c:\Users\HP\OneDrive\Desktop\Flood_AI_Dataset\05_S1GFloods\B\image_5063.png,c:\Users\HP\OneDrive\Desktop\Flood_AI_Dataset\05_S1GFloods\Label\image_5063.png,34.14,2
image_3903.png,c:\Users\HP\OneDrive\Desktop\Flood_AI_Dataset\05_S1GFloods\A\image_3903.png,c:\Users\HP\OneDrive\Desktop\Flood_AI_Dataset\05_S1GFloods\B\image_3903.png,c:\Users\HP\OneDrive\Desktop\Flood_AI_Dataset\05_S1GFloods\Label\image_3903.png,27.4017,2
image_4163.png,c:\Users\HP\OneDrive\Desktop\Flood_AI_Dataset\05_S1GFloods\A\image_4163.png,c:\Users\HP\OneDrive\Desktop\Flood_AI_Dataset\05_S1GFloods\B\image_4163.png,c:\Users\HP\OneDrive\Desktop\Flood_AI_Dataset\05_S1GFloods\Label\image_4163.png,44.9066,2
image_4870.png,c:\Users\HP\OneDrive\Desktop\Flood_AI_Dataset\05_S1GFloods\A\image_4870.png,c:\Users\HP\OneDrive\Desktop\Flood_AI_Dataset\05_S1GFloods\B\image_4870.png,c:\Users\HP\OneDrive\Desktop\Flood_AI_Dataset\05_S1GFloods\Label\image_4870.png,19.0292,2
image_1768.png,c:\Users\HP\OneDrive\Desktop\Flood_AI_Dataset\05_S1GFloods\A\image_1768.png,c:\Users\HP\OneDrive\Desktop\Flood_AI_Dataset\05_S1GFloods\B\image_1768.png,c:\Users\HP\OneDrive\Desktop\Flood_AI_Dataset\05_S1GFloods\Label\image_1768.png,10.7574,2
image_3656.png,c:\Users\HP\OneDrive\Desktop\Flood_AI_Dataset\05_S1GFloods\A\image_3656.png,c:\Users\HP\OneDrive\Desktop\Flood_AI_Dataset\05_S1GFloods\B\image_3656.png,c:\Users\HP\OneDrive\Desktop\Flood_AI_Dataset\05_S1GFloods\Label\image_3656.png,39.1342,2
image_3575.png,c:\Users\HP\OneDrive\Desktop\Flood_AI_Dataset\05_S1GFloods\A\image_3575.png,c:\Users\HP\OneDrive\Desktop\Flood_AI_Dataset\05_S1GFloods\B\image_3575.png,c:\Users\HP\OneDrive\Desktop\Flood_AI_Dataset\05_S1GFloods\Label\image_3575.png,11.3388,2
image_5047.png,c:\Users\HP\OneDrive\Desktop\Flood_AI_Dataset\05_S1GFloods\A\image_5047.png,c:\Users\HP\OneDrive\Desktop\Flood_AI_Dataset\05_S1GFloods\B\image_5047.png,c:\Users\HP\OneDrive\Desktop\Flood_AI_Dataset\05_S1GFloods\Label\image_5047.png,7.5485,1
image_1863.png,c:\Users\HP\OneDrive\Desktop\Flood_AI_Dataset\05_S1GFloods\A\image_1863.png,c:\Users\HP\OneDrive\Desktop\Flood_AI_Dataset\05_S1GFloods\B\image_1863.png,c:\Users\HP\OneDrive\Desktop\Flood_AI_Dataset\05_S1GFloods\Label\image_1863.png,11.409,2
image_2650.png,c:\Users\HP\OneDrive\Desktop\Flood_AI_Dataset\05_S1GFloods\A\image_2650.png,c:\Users\HP\OneDrive\Desktop\Flood_AI_Dataset\05_S1GFloods\B\image_2650.png,c:\Users\HP\OneDrive\Desktop\Flood_AI_Dataset\05_S1GFloods\Label\image_2650.png,62.0102,2
image_4712.png,c:\Users\HP\OneDrive\Desktop\Flood_AI_Dataset\05_S1GFloods\A\image_4712.png,c:\Users\HP\OneDrive\Desktop\Flood_AI_Dataset\05_S1GFloods\B\image_4712.png,c:\Users\HP\OneDrive\Desktop\Flood_AI_Dataset\05_S1GFloods\Label\image_4712.png,21.9223,2
image_4349.png,c:\Users\HP\OneDrive\Desktop\Flood_AI_Dataset\05_S1GFloods\A\image_4349.png,c:\Users\HP\OneDrive\Desktop\Flood_AI_Dataset\05_S1GFloods\B\image_4349.png,c:\Users\HP\OneDrive\Desktop\Flood_AI_Dataset\05_S1GFloods\Label\image_4349.png,25.1007,2
image_774.png,c:\Users\HP\OneDrive\Desktop\Flood_AI_Dataset\05_S1GFloods\A\image_774.png,c:\Users\HP\OneDrive\Desktop\Flood_AI_Dataset\05_S1GFloods\B\image_774.png,c:\Users\HP\OneDrive\Desktop\Flood_AI_Dataset\05_S1GFloods\Label\image_774.png,74.086,2
image_1960.png,c:\Users\HP\OneDrive\Desktop\Flood_AI_Dataset\05_S1GFloods\A\image_1960.png,c:\Users\HP\OneDrive\Desktop\Flood_AI_Dataset\05_S1GFloods\B\image_1960.png,c:\Users\HP\OneDrive\Desktop\Flood_AI_Dataset\05_S1GFloods\Label\image_1960.png,5.3497,1
image_3257.png,c:\Users\HP\OneDrive\Desktop\Flood_AI_Dataset\05_S1GFloods\A\image_3257.png,c:\Users\HP\OneDrive\Desktop\Flood_AI_Dataset\05_S1GFloods\B\image_3257.png,c:\Users\HP\OneDrive\Desktop\Flood_AI_Dataset\05_S1GFloods\Label\image_3257.png,8.7509,1
image_3294.png,c:\Users\HP\OneDrive\Desktop\Flood_AI_Dataset\05_S1GFloods\A\image_3294.png,c:\Users\HP\OneDrive\Desktop\Flood_AI_Dataset\05_S1GFloods\B\image_3294.png,c:\Users\HP\OneDrive\Desktop\Flood_AI_Dataset\05_S1GFloods\Label\image_3294.png,12.8677,2
image_2875.png,c:\Users\HP\OneDrive\Desktop\Flood_AI_Dataset\05_S1GFloods\A\image_2875.png,c:\Users\HP\OneDrive\Desktop\Flood_AI_Dataset\05_S1GFloods\B\image_2875.png,c:\Users\HP\OneDrive\Desktop\Flood_AI_Dataset\05_S1GFloods\Label\image_2875.png,65.387,2
image_3494.png,c:\Users\HP\OneDrive\Desktop\Flood_AI_Dataset\05_S1GFloods\A\image_3494.png,c:\Users\HP\OneDrive\Desktop\Flood_AI_Dataset\05_S1GFloods\B\image_3494.png,c:\Users\HP\OneDrive\Desktop\Flood_AI_Dataset\05_S1GFloods\Label\image_3494.png,22.9446,2
image_4096.png,c:\Users\HP\OneDrive\Desktop\Flood_AI_Dataset\05_S1GFloods\A\image_4096.png,c:\Users\HP\OneDrive\Desktop\Flood_AI_Dataset\05_S1GFloods\B\image_4096.png,c:\Users\HP\OneDrive\Desktop\Flood_AI_Dataset\05_S1GFloods\Label\image_4096.png,28.0579,2
image_2266.png,c:\Users\HP\OneDrive\Desktop\Flood_AI_Dataset\05_S1GFloods\A\image_2266.png,c:\Users\HP\OneDrive\Desktop\Flood_AI_Dataset\05_S1GFloods\B\image_2266.png,c:\Users\HP\OneDrive\Desktop\Flood_AI_Dataset\05_S1GFloods\Label\image_2266.png,10.9146,2
image_4885.png,c:\Users\HP\OneDrive\Desktop\Flood_AI_Dataset\05_S1GFloods\A\image_4885.png,c:\Users\HP\OneDrive\Desktop\Flood_AI_Dataset\05_S1GFloods\B\image_4885.png,c:\Users\HP\OneDrive\Desktop\Flood_AI_Dataset\05_S1GFloods\Label\image_4885.png,23.5275,2
image_3506.png,c:\Users\HP\OneDrive\Desktop\Flood_AI_Dataset\05_S1GFloods\A\image_3506.png,c:\Users\HP\OneDrive\Desktop\Flood_AI_Dataset\05_S1GFloods\B\image_3506.png,c:\Users\HP\OneDrive\Desktop\Flood_AI_Dataset\05_S1GFloods\Label\image_3506.png,51.3153,2
image_406.png,c:\Users\HP\OneDrive\Desktop\Flood_AI_Dataset\05_S1GFloods\A\image_406.png,c:\Users\HP\OneDrive\Desktop\Flood_AI_Dataset\05_S1GFloods\B\image_406.png,c:\Users\HP\OneDrive\Desktop\Flood_AI_Dataset\05_S1GFloods\Label\image_406.png,86.4914,2
image_2477.png,c:\Users\HP\OneDrive\Desktop\Flood_AI_Dataset\05_S1GFloods\A\image_2477.png,c:\Users\HP\OneDrive\Desktop\Flood_AI_Dataset\05_S1GFloods\B\image_2477.png,c:\Users\HP\OneDrive\Desktop\Flood_AI_Dataset\05_S1GFloods\Label\image_2477.png,12.8906,2
image_1995.png,c:\Users\HP\OneDrive\Desktop\Flood_AI_Dataset\05_S1GFloods\A\image_1995.png,c:\Users\HP\OneDrive\Desktop\Flood_AI_Dataset\05_S1GFloods\B\image_1995.png,c:\Users\HP\OneDrive\Desktop\Flood_AI_Dataset\05_S1GFloods\Label\image_1995.png,27.9282,2
image_2461.png,c:\Users\HP\OneDrive\Desktop\Flood_AI_Dataset\05_S1GFloods\A\image_2461.png,c:\Users\HP\OneDrive\Desktop\Flood_AI_Dataset\05_S1GFloods\B\image_2461.png,c:\Users\HP\OneDrive\Desktop\Flood_AI_Dataset\05_S1GFloods\Label\image_2461.png,37.7869,2
image_4099.png,c:\Users\HP\OneDrive\Desktop\Flood_AI_Dataset\05_S1GFloods\A\image_4099.png,c:\Users\HP\OneDrive\Desktop\Flood_AI_Dataset\05_S1GFloods\B\image_4099.png,c:\Users\HP\OneDrive\Desktop\Flood_AI_Dataset\05_S1GFloods\Label\image_4099.png,6.9901,1
image_4636.png,c:\Users\HP\OneDrive\Desktop\Flood_AI_Dataset\05_S1GFloods\A\image_4636.png,c:\Users\HP\OneDrive\Desktop\Flood_AI_Dataset\05_S1GFloods\B\image_4636.png,c:\Users\HP\OneDrive\Desktop\Flood_AI_Dataset\05_S1GFloods\Label\image_4636.png,6.5048,1
image_742.png,c:\Users\HP\OneDrive\Desktop\Flood_AI_Dataset\05_S1GFloods\A\image_742.png,c:\Users\HP\OneDrive\Desktop\Flood_AI_Dataset\05_S1GFloods\B\image_742.png,c:\Users\HP\OneDrive\Desktop\Flood_AI_Dataset\05_S1GFloods\Label\image_742.png,30.7205,2
image_3972.png,c:\Users\HP\OneDrive\Desktop\Flood_AI_Dataset\05_S1GFloods\A\image_3972.png,c:\Users\HP\OneDrive\Desktop\Flood_AI_Dataset\05_S1GFloods\B\image_3972.png,c:\Users\HP\OneDrive\Desktop\Flood_AI_Dataset\05_S1GFloods\Label\image_3972.png,82.402,2
image_1225.png,c:\Users\HP\OneDrive\Desktop\Flood_AI_Dataset\05_S1GFloods\A\image_1225.png,c:\Users\HP\OneDrive\Desktop\Flood_AI_Dataset\05_S1GFloods\B\image_1225.png,c:\Users\HP\OneDrive\Desktop\Flood_AI_Dataset\05_S1GFloods\Label\image_1225.png,5.8868,1
image_1723.png,c:\Users\HP\OneDrive\Desktop\Flood_AI_Dataset\05_S1GFloods\A\image_1723.png,c:\Users\HP\OneDrive\Desktop\Flood_AI_Dataset\05_S1GFloods\B\image_1723.png,c:\Users\HP\OneDrive\Desktop\Flood_AI_Dataset\05_S1GFloods\Label\image_1723.png,5.7785,1
image_4927.png,c:\Users\HP\OneDrive\Desktop\Flood_AI_Dataset\05_S1GFloods\A\image_4927.png,c:\Users\HP\OneDrive\Desktop\Flood_AI_Dataset\05_S1GFloods\B\image_4927.png,c:\Users\HP\OneDrive\Desktop\Flood_AI_Dataset\05_S1GFloods\Label\image_4927.png,15.0024,2
image_1582.png,c:\Users\HP\OneDrive\Desktop\Flood_AI_Dataset\05_S1GFloods\A\image_1582.png,c:\Users\HP\OneDrive\Desktop\Flood_AI_Dataset\05_S1GFloods\B\image_1582.png,c:\Users\HP\OneDrive\Desktop\Flood_AI_Dataset\05_S1GFloods\Label\image_1582.png,18.4723,2
image_3235.png,c:\Users\HP\OneDrive\Desktop\Flood_AI_Dataset\05_S1GFloods\A\image_3235.png,c:\Users\HP\OneDrive\Desktop\Flood_AI_Dataset\05_S1GFloods\B\image_3235.png,c:\Users\HP\OneDrive\Desktop\Flood_AI_Dataset\05_S1GFloods\Label\image_3235.png,33.9279,2
image_5100.png,c:\Users\HP\OneDrive\Desktop\Flood_AI_Dataset\05_S1GFloods\A\image_5100.png,c:\Users\HP\OneDrive\Desktop\Flood_AI_Dataset\05_S1GFloods\B\image_5100.png,c:\Users\HP\OneDrive\Desktop\Flood_AI_Dataset\05_S1GFloods\Label\image_5100.png,12.2879,2
image_1111.png,c:\Users\HP\OneDrive\Desktop\Flood_AI_Dataset\05_S1GFloods\A\image_1111.png,c:\Users\HP\OneDrive\Desktop\Flood_AI_Dataset\05_S1GFloods\B\image_1111.png,c:\Users\HP\OneDrive\Desktop\Flood_AI_Dataset\05_S1GFloods\Label\image_1111.png,67.0364,2
image_4029.png,c:\Users\HP\OneDrive\Desktop\Flood_AI_Dataset\05_S1GFloods\A\image_4029.png,c:\Users\HP\OneDrive\Desktop\Flood_AI_Dataset\05_S1GFloods\B\image_4029.png,c:\Users\HP\OneDrive\Desktop\Flood_AI_Dataset\05_S1GFloods\Label\image_4029.png,17.1204,2
image_2756.png,c:\Users\HP\OneDrive\Desktop\Flood_AI_Dataset\05_S1GFloods\A\image_2756.png,c:\Users\HP\OneDrive\Desktop\Flood_AI_Dataset\05_S1GFloods\B\image_2756.png,c:\Users\HP\OneDrive\Desktop\Flood_AI_Dataset\05_S1GFloods\Label\image_2756.png,83.0002,2
image_3806.png,c:\Users\HP\OneDrive\Desktop\Flood_AI_Dataset\05_S1GFloods\A\image_3806.png,c:\Users\HP\OneDrive\Desktop\Flood_AI_Dataset\05_S1GFloods\B\image_3806.png,c:\Users\HP\OneDrive\Desktop\Flood_AI_Dataset\05_S1GFloods\Label\image_3806.png,18.9041,2
image_3512.png,c:\Users\HP\OneDrive\Desktop\Flood_AI_Dataset\05_S1GFloods\A\image_3512.png,c:\Users\HP\OneDrive\Desktop\Flood_AI_Dataset\05_S1GFloods\B\image_3512.png,c:\Users\HP\OneDrive\Desktop\Flood_AI_Dataset\05_S1GFloods\Label\image_3512.png,9.0775,1
image_1901.png,c:\Users\HP\OneDrive\Desktop\Flood_AI_Dataset\05_S1GFloods\A\image_1901.png,c:\Users\HP\OneDrive\Desktop\Flood_AI_Dataset\05_S1GFloods\B\image_1901.png,c:\Users\HP\OneDrive\Desktop\Flood_AI_Dataset\05_S1GFloods\Label\image_1901.png,7.3486,1
image_3539.png,c:\Users\HP\OneDrive\Desktop\Flood_AI_Dataset\05_S1GFloods\A\image_3539.png,c:\Users\HP\OneDrive\Desktop\Flood_AI_Dataset\05_S1GFloods\B\image_3539.png,c:\Users\HP\OneDrive\Desktop\Flood_AI_Dataset\05_S1GFloods\Label\image_3539.png,7.7011,1
image_5142.png,c:\Users\HP\OneDrive\Desktop\Flood_AI_Dataset\05_S1GFloods\A\image_5142.png,c:\Users\HP\OneDrive\Desktop\Flood_AI_Dataset\05_S1GFloods\B\image_5142.png,c:\Users\HP\OneDrive\Desktop\Flood_AI_Dataset\05_S1GFloods\Label\image_5142.png,20.4636,2
image_3078.png,c:\Users\HP\OneDrive\Desktop\Flood_AI_Dataset\05_S1GFloods\A\image_3078.png,c:\Users\HP\OneDrive\Desktop\Flood_AI_Dataset\05_S1GFloods\B\image_3078.png,c:\Users\HP\OneDrive\Desktop\Flood_AI_Dataset\05_S1GFloods\Label\image_3078.png,35.8963,2
image_4182.png,c:\Users\HP\OneDrive\Desktop\Flood_AI_Dataset\05_S1GFloods\A\image_4182.png,c:\Users\HP\OneDrive\Desktop\Flood_AI_Dataset\05_S1GFloods\B\image_4182.png,c:\Users\HP\OneDrive\Desktop\Flood_AI_Dataset\05_S1GFloods\Label\image_4182.png,28.1143,2
image_3816.png,c:\Users\HP\OneDrive\Desktop\Flood_AI_Dataset\05_S1GFloods\A\image_3816.png,c:\Users\HP\OneDrive\Desktop\Flood_AI_Dataset\05_S1GFloods\B\image_3816.png,c:\Users\HP\OneDrive\Desktop\Flood_AI_Dataset\05_S1GFloods\Label\image_3816.png,49.9786,2
image_3173.png,c:\Users\HP\OneDrive\Desktop\Flood_AI_Dataset\05_S1GFloods\A\image_3173.png,c:\Users\HP\OneDrive\Desktop\Flood_AI_Dataset\05_S1GFloods\B\image_3173.png,c:\Users\HP\OneDrive\Desktop\Flood_AI_Dataset\05_S1GFloods\Label\image_3173.png,21.8933,2
image_4383.png,c:\Users\HP\OneDrive\Desktop\Flood_AI_Dataset\05_S1GFloods\A\image_4383.png,c:\Users\HP\OneDrive\Desktop\Flood_AI_Dataset\05_S1GFloods\B\image_4383.png,c:\Users\HP\OneDrive\Desktop\Flood_AI_Dataset\05_S1GFloods\Label\image_4383.png,13.7405,2
image_2371.png,c:\Users\HP\OneDrive\Desktop\Flood_AI_Dataset\05_S1GFloods\A\image_2371.png,c:\Users\HP\OneDrive\Desktop\Flood_AI_Dataset\05_S1GFloods\B\image_2371.png,c:\Users\HP\OneDrive\Desktop\Flood_AI_Dataset\05_S1GFloods\Label\image_2371.png,17.2943,2
image_4298.png,c:\Users\HP\OneDrive\Desktop\Flood_AI_Dataset\05_S1GFloods\A\image_4298.png,c:\Users\HP\OneDrive\Desktop\Flood_AI_Dataset\05_S1GFloods\B\image_4298.png,c:\Users\HP\OneDrive\Desktop\Flood_AI_Dataset\05_S1GFloods\Label\image_4298.png,14.2883,2
image_653.png,c:\Users\HP\OneDrive\Desktop\Flood_AI_Dataset\05_S1GFloods\A\image_653.png,c:\Users\HP\OneDrive\Desktop\Flood_AI_Dataset\05_S1GFloods\B\image_653.png,c:\Users\HP\OneDrive\Desktop\Flood_AI_Dataset\05_S1GFloods\Label\image_653.png,27.504,2
image_3772.png,c:\Users\HP\OneDrive\Desktop\Flood_AI_Dataset\05_S1GFloods\A\image_3772.png,c:\Users\HP\OneDrive\Desktop\Flood_AI_Dataset\05_S1GFloods\B\image_3772.png,c:\Users\HP\OneDrive\Desktop\Flood_AI_Dataset\05_S1GFloods\Label\image_3772.png,11.0748,2
image_1473.png,c:\Users\HP\OneDrive\Desktop\Flood_AI_Dataset\05_S1GFloods\A\image_1473.png,c:\Users\HP\OneDrive\Desktop\Flood_AI_Dataset\05_S1GFloods\B\image_1473.png,c:\Users\HP\OneDrive\Desktop\Flood_AI_Dataset\05_S1GFloods\Label\image_1473.png,5.0446,1
image_4079.png,c:\Users\HP\OneDrive\Desktop\Flood_AI_Dataset\05_S1GFloods\A\image_4079.png,c:\Users\HP\OneDrive\Desktop\Flood_AI_Dataset\05_S1GFloods\B\image_4079.png,c:\Users\HP\OneDrive\Desktop\Flood_AI_Dataset\05_S1GFloods\Label\image_4079.png,58.5266,2
image_3646.png,c:\Users\HP\OneDrive\Desktop\Flood_AI_Dataset\05_S1GFloods\A\image_3646.png,c:\Users\HP\OneDrive\Desktop\Flood_AI_Dataset\05_S1GFloods\B\image_3646.png,c:\Users\HP\OneDrive\Desktop\Flood_AI_Dataset\05_S1GFloods\Label\image_3646.png,54.3411,2
image_2974.png,c:\Users\HP\OneDrive\Desktop\Flood_AI_Dataset\05_S1GFloods\A\image_2974.png,c:\Users\HP\OneDrive\Desktop\Flood_AI_Dataset\05_S1GFloods\B\image_2974.png,c:\Users\HP\OneDrive\Desktop\Flood_AI_Dataset\05_S1GFloods\Label\image_2974.png,54.2679,2
image_3413.png,c:\Users\HP\OneDrive\Desktop\Flood_AI_Dataset\05_S1GFloods\A\image_3413.png,c:\Users\HP\OneDrive\Desktop\Flood_AI_Dataset\05_S1GFloods\B\image_3413.png,c:\Users\HP\OneDrive\Desktop\Flood_AI_Dataset\05_S1GFloods\Label\image_3413.png,16.0538,2
image_4427.png,c:\Users\HP\OneDrive\Desktop\Flood_AI_Dataset\05_S1GFloods\A\image_4427.png,c:\Users\HP\OneDrive\Desktop\Flood_AI_Dataset\05_S1GFloods\B\image_4427.png,c:\Users\HP\OneDrive\Desktop\Flood_AI_Dataset\05_S1GFloods\Label\image_4427.png,7.9163,1
image_5270.png,c:\Users\HP\OneDrive\Desktop\Flood_AI_Dataset\05_S1GFloods\A\image_5270.png,c:\Users\HP\OneDrive\Desktop\Flood_AI_Dataset\05_S1GFloods\B\image_5270.png,c:\Users\HP\OneDrive\Desktop\Flood_AI_Dataset\05_S1GFloods\Label\image_5270.png,19.0643,2
image_3302.png,c:\Users\HP\OneDrive\Desktop\Flood_AI_Dataset\05_S1GFloods\A\image_3302.png,c:\Users\HP\OneDrive\Desktop\Flood_AI_Dataset\05_S1GFloods\B\image_3302.png,c:\Users\HP\OneDrive\Desktop\Flood_AI_Dataset\05_S1GFloods\Label\image_3302.png,5.8533,1
image_5102.png,c:\Users\HP\OneDrive\Desktop\Flood_AI_Dataset\05_S1GFloods\A\image_5102.png,c:\Users\HP\OneDrive\Desktop\Flood_AI_Dataset\05_S1GFloods\B\image_5102.png,c:\Users\HP\OneDrive\Desktop\Flood_AI_Dataset\05_S1GFloods\Label\image_5102.png,19.9814,2
image_2.png,c:\Users\HP\OneDrive\Desktop\Flood_AI_Dataset\05_S1GFloods\A\image_2.png,c:\Users\HP\OneDrive\Desktop\Flood_AI_Dataset\05_S1GFloods\B\image_2.png,c:\Users\HP\OneDrive\Desktop\Flood_AI_Dataset\05_S1GFloods\Label\image_2.png,27.3544,2
image_3388.png,c:\Users\HP\OneDrive\Desktop\Flood_AI_Dataset\05_S1GFloods\A\image_3388.png,c:\Users\HP\OneDrive\Desktop\Flood_AI_Dataset\05_S1GFloods\B\image_3388.png,c:\Users\HP\OneDrive\Desktop\Flood_AI_Dataset\05_S1GFloods\Label\image_3388.png,8.6075,1
image_2525.png,c:\Users\HP\OneDrive\Desktop\Flood_AI_Dataset\05_S1GFloods\A\image_2525.png,c:\Users\HP\OneDrive\Desktop\Flood_AI_Dataset\05_S1GFloods\B\image_2525.png,c:\Users\HP\OneDrive\Desktop\Flood_AI_Dataset\05_S1GFloods\Label\image_2525.png,8.1772,1
image_3568.png,c:\Users\HP\OneDrive\Desktop\Flood_AI_Dataset\05_S1GFloods\A\image_3568.png,c:\Users\HP\OneDrive\Desktop\Flood_AI_Dataset\05_S1GFloods\B\image_3568.png,c:\Users\HP\OneDrive\Desktop\Flood_AI_Dataset\05_S1GFloods\Label\image_3568.png,50.9888,2
image_2323.png,c:\Users\HP\OneDrive\Desktop\Flood_AI_Dataset\05_S1GFloods\A\image_2323.png,c:\Users\HP\OneDrive\Desktop\Flood_AI_Dataset\05_S1GFloods\B\image_2323.png,c:\Users\HP\OneDrive\Desktop\Flood_AI_Dataset\05_S1GFloods\Label\image_2323.png,28.3356,2
image_3659.png,c:\Users\HP\OneDrive\Desktop\Flood_AI_Dataset\05_S1GFloods\A\image_3659.png,c:\Users\HP\OneDrive\Desktop\Flood_AI_Dataset\05_S1GFloods\B\image_3659.png,c:\Users\HP\OneDrive\Desktop\Flood_AI_Dataset\05_S1GFloods\Label\image_3659.png,91.4536,2
image_4599.png,c:\Users\HP\OneDrive\Desktop\Flood_AI_Dataset\05_S1GFloods\A\image_4599.png,c:\Users\HP\OneDrive\Desktop\Flood_AI_Dataset\05_S1GFloods\B\image_4599.png,c:\Users\HP\OneDrive\Desktop\Flood_AI_Dataset\05_S1GFloods\Label\image_4599.png,23.5611,2
image_4992.png,c:\Users\HP\OneDrive\Desktop\Flood_AI_Dataset\05_S1GFloods\A\image_4992.png,c:\Users\HP\OneDrive\Desktop\Flood_AI_Dataset\05_S1GFloods\B\image_4992.png,c:\Users\HP\OneDrive\Desktop\Flood_AI_Dataset\05_S1GFloods\Label\image_4992.png,10.7437,2
image_1303.png,c:\Users\HP\OneDrive\Desktop\Flood_AI_Dataset\05_S1GFloods\A\image_1303.png,c:\Users\HP\OneDrive\Desktop\Flood_AI_Dataset\05_S1GFloods\B\image_1303.png,c:\Users\HP\OneDrive\Desktop\Flood_AI_Dataset\05_S1GFloods\Label\image_1303.png,78.157,2
image_3142.png,c:\Users\HP\OneDrive\Desktop\Flood_AI_Dataset\05_S1GFloods\A\image_3142.png,c:\Users\HP\OneDrive\Desktop\Flood_AI_Dataset\05_S1GFloods\B\image_3142.png,c:\Users\HP\OneDrive\Desktop\Flood_AI_Dataset\05_S1GFloods\Label\image_3142.png,42.8741,2
image_3845.png,c:\Users\HP\OneDrive\Desktop\Flood_AI_Dataset\05_S1GFloods\A\image_3845.png,c:\Users\HP\OneDrive\Desktop\Flood_AI_Dataset\05_S1GFloods\B\image_3845.png,c:\Users\HP\OneDrive\Desktop\Flood_AI_Dataset\05_S1GFloods\Label\image_3845.png,25.3204,2
image_4746.png,c:\Users\HP\OneDrive\Desktop\Flood_AI_Dataset\05_S1GFloods\A\image_4746.png,c:\Users\HP\OneDrive\Desktop\Flood_AI_Dataset\05_S1GFloods\B\image_4746.png,c:\Users\HP\OneDrive\Desktop\Flood_AI_Dataset\05_S1GFloods\Label\image_4746.png,15.7181,2
image_4973.png,c:\Users\HP\OneDrive\Desktop\Flood_AI_Dataset\05_S1GFloods\A\image_4973.png,c:\Users\HP\OneDrive\Desktop\Flood_AI_Dataset\05_S1GFloods\B\image_4973.png,c:\Users\HP\OneDrive\Desktop\Flood_AI_Dataset\05_S1GFloods\Label\image_4973.png,8.6731,1
image_2580.png,c:\Users\HP\OneDrive\Desktop\Flood_AI_Dataset\05_S1GFloods\A\image_2580.png,c:\Users\HP\OneDrive\Desktop\Flood_AI_Dataset\05_S1GFloods\B\image_2580.png,c:\Users\HP\OneDrive\Desktop\Flood_AI_Dataset\05_S1GFloods\Label\image_2580.png,14.1907,2
image_2312.png,c:\Users\HP\OneDrive\Desktop\Flood_AI_Dataset\05_S1GFloods\A\image_2312.png,c:\Users\HP\OneDrive\Desktop\Flood_AI_Dataset\05_S1GFloods\B\image_2312.png,c:\Users\HP\OneDrive\Desktop\Flood_AI_Dataset\05_S1GFloods\Label\image_2312.png,11.879,2
image_1221.png,c:\Users\HP\OneDrive\Desktop\Flood_AI_Dataset\05_S1GFloods\A\image_1221.png,c:\Users\HP\OneDrive\Desktop\Flood_AI_Dataset\05_S1GFloods\B\image_1221.png,c:\Users\HP\OneDrive\Desktop\Flood_AI_Dataset\05_S1GFloods\Label\image_1221.png,93.7164,2
image_980.png,c:\Users\HP\OneDrive\Desktop\Flood_AI_Dataset\05_S1GFloods\A\image_980.png,c:\Users\HP\OneDrive\Desktop\Flood_AI_Dataset\05_S1GFloods\B\image_980.png,c:\Users\HP\OneDrive\Desktop\Flood_AI_Dataset\05_S1GFloods\Label\image_980.png,81.3446,2
image_5099.png,c:\Users\HP\OneDrive\Desktop\Flood_AI_Dataset\05_S1GFloods\A\image_5099.png,c:\Users\HP\OneDrive\Desktop\Flood_AI_Dataset\05_S1GFloods\B\image_5099.png,c:\Users\HP\OneDrive\Desktop\Flood_AI_Dataset\05_S1GFloods\Label\image_5099.png,29.7699,2
image_2744.png,c:\Users\HP\OneDrive\Desktop\Flood_AI_Dataset\05_S1GFloods\A\image_2744.png,c:\Users\HP\OneDrive\Desktop\Flood_AI_Dataset\05_S1GFloods\B\image_2744.png,c:\Users\HP\OneDrive\Desktop\Flood_AI_Dataset\05_S1GFloods\Label\image_2744.png,27.1591,2
image_873.png,c:\Users\HP\OneDrive\Desktop\Flood_AI_Dataset\05_S1GFloods\A\image_873.png,c:\Users\HP\OneDrive\Desktop\Flood_AI_Dataset\05_S1GFloods\B\image_873.png,c:\Users\HP\OneDrive\Desktop\Flood_AI_Dataset\05_S1GFloods\Label\image_873.png,38.0768,2
image_1364.png,c:\Users\HP\OneDrive\Desktop\Flood_AI_Dataset\05_S1GFloods\A\image_1364.png,c:\Users\HP\OneDrive\Desktop\Flood_AI_Dataset\05_S1GFloods\B\image_1364.png,c:\Users\HP\OneDrive\Desktop\Flood_AI_Dataset\05_S1GFloods\Label\image_1364.png,11.3373,2
image_2315.png,c:\Users\HP\OneDrive\Desktop\Flood_AI_Dataset\05_S1GFloods\A\image_2315.png,c:\Users\HP\OneDrive\Desktop\Flood_AI_Dataset\05_S1GFloods\B\image_2315.png,c:\Users\HP\OneDrive\Desktop\Flood_AI_Dataset\05_S1GFloods\Label\image_2315.png,5.9189,1
image_2337.png,c:\Users\HP\OneDrive\Desktop\Flood_AI_Dataset\05_S1GFloods\A\image_2337.png,c:\Users\HP\OneDrive\Desktop\Flood_AI_Dataset\05_S1GFloods\B\image_2337.png,c:\Users\HP\OneDrive\Desktop\Flood_AI_Dataset\05_S1GFloods\Label\image_2337.png,51.3885,2
image_2127.png,c:\Users\HP\OneDrive\Desktop\Flood_AI_Dataset\05_S1GFloods\A\image_2127.png,c:\Users\HP\OneDrive\Desktop\Flood_AI_Dataset\05_S1GFloods\B\image_2127.png,c:\Users\HP\OneDrive\Desktop\Flood_AI_Dataset\05_S1GFloods\Label\image_2127.png,10.5652,2
image_5235.png,c:\Users\HP\OneDrive\Desktop\Flood_AI_Dataset\05_S1GFloods\A\image_5235.png,c:\Users\HP\OneDrive\Desktop\Flood_AI_Dataset\05_S1GFloods\B\image_5235.png,c:\Users\HP\OneDrive\Desktop\Flood_AI_Dataset\05_S1GFloods\Label\image_5235.png,17.3798,2
image_95.png,c:\Users\HP\OneDrive\Desktop\Flood_AI_Dataset\05_S1GFloods\A\image_95.png,c:\Users\HP\OneDrive\Desktop\Flood_AI_Dataset\05_S1GFloods\B\image_95.png,c:\Users\HP\OneDrive\Desktop\Flood_AI_Dataset\05_S1GFloods\Label\image_95.png,16.9662,2
image_2633.png,c:\Users\HP\OneDrive\Desktop\Flood_AI_Dataset\05_S1GFloods\A\image_2633.png,c:\Users\HP\OneDrive\Desktop\Flood_AI_Dataset\05_S1GFloods\B\image_2633.png,c:\Users\HP\OneDrive\Desktop\Flood_AI_Dataset\05_S1GFloods\Label\image_2633.png,39.9719,2
image_213.png,c:\Users\HP\OneDrive\Desktop\Flood_AI_Dataset\05_S1GFloods\A\image_213.png,c:\Users\HP\OneDrive\Desktop\Flood_AI_Dataset\05_S1GFloods\B\image_213.png,c:\Users\HP\OneDrive\Desktop\Flood_AI_Dataset\05_S1GFloods\Label\image_213.png,6.2943,1
image_2367.png,c:\Users\HP\OneDrive\Desktop\Flood_AI_Dataset\05_S1GFloods\A\image_2367.png,c:\Users\HP\OneDrive\Desktop\Flood_AI_Dataset\05_S1GFloods\B\image_2367.png,c:\Users\HP\OneDrive\Desktop\Flood_AI_Dataset\05_S1GFloods\Label\image_2367.png,25.8545,2
image_1350.png,c:\Users\HP\OneDrive\Desktop\Flood_AI_Dataset\05_S1GFloods\A\image_1350.png,c:\Users\HP\OneDrive\Desktop\Flood_AI_Dataset\05_S1GFloods\B\image_1350.png,c:\Users\HP\OneDrive\Desktop\Flood_AI_Dataset\05_S1GFloods\Label\image_1350.png,11.1145,2
image_141.png,c:\Users\HP\OneDrive\Desktop\Flood_AI_Dataset\05_S1GFloods\A\image_141.png,c:\Users\HP\OneDrive\Desktop\Flood_AI_Dataset\05_S1GFloods\B\image_141.png,c:\Users\HP\OneDrive\Desktop\Flood_AI_Dataset\05_S1GFloods\Label\image_141.png,47.2229,2
image_855.png,c:\Users\HP\OneDrive\Desktop\Flood_AI_Dataset\05_S1GFloods\A\image_855.png,c:\Users\HP\OneDrive\Desktop\Flood_AI_Dataset\05_S1GFloods\B\image_855.png,c:\Users\HP\OneDrive\Desktop\Flood_AI_Dataset\05_S1GFloods\Label\image_855.png,7.7713,1
image_56.png,c:\Users\HP\OneDrive\Desktop\Flood_AI_Dataset\05_S1GFloods\A\image_56.png,c:\Users\HP\OneDrive\Desktop\Flood_AI_Dataset\05_S1GFloods\B\image_56.png,c:\Users\HP\OneDrive\Desktop\Flood_AI_Dataset\05_S1GFloods\Label\image_56.png,25.0687,2
image_4491.png,c:\Users\HP\OneDrive\Desktop\Flood_AI_Dataset\05_S1GFloods\A\image_4491.png,c:\Users\HP\OneDrive\Desktop\Flood_AI_Dataset\05_S1GFloods\B\image_4491.png,c:\Users\HP\OneDrive\Desktop\Flood_AI_Dataset\05_S1GFloods\Label\image_4491.png,35.35,2
image_3997.png,c:\Users\HP\OneDrive\Desktop\Flood_AI_Dataset\05_S1GFloods\A\image_3997.png,c:\Users\HP\OneDrive\Desktop\Flood_AI_Dataset\05_S1GFloods\B\image_3997.png,c:\Users\HP\OneDrive\Desktop\Flood_AI_Dataset\05_S1GFloods\Label\image_3997.png,11.3251,2
image_2331.png,c:\Users\HP\OneDrive\Desktop\Flood_AI_Dataset\05_S1GFloods\A\image_2331.png,c:\Users\HP\OneDrive\Desktop\Flood_AI_Dataset\05_S1GFloods\B\image_2331.png,c:\Users\HP\OneDrive\Desktop\Flood_AI_Dataset\05_S1GFloods\Label\image_2331.png,12.558,2
image_4317.png,c:\Users\HP\OneDrive\Desktop\Flood_AI_Dataset\05_S1GFloods\A\image_4317.png,c:\Users\HP\OneDrive\Desktop\Flood_AI_Dataset\05_S1GFloods\B\image_4317.png,c:\Users\HP\OneDrive\Desktop\Flood_AI_Dataset\05_S1GFloods\Label\image_4317.png,98.735,2
image_286.png,c:\Users\HP\OneDrive\Desktop\Flood_AI_Dataset\05_S1GFloods\A\image_286.png,c:\Users\HP\OneDrive\Desktop\Flood_AI_Dataset\05_S1GFloods\B\image_286.png,c:\Users\HP\OneDrive\Desktop\Flood_AI_Dataset\05_S1GFloods\Label\image_286.png,8.0978,1
image_1914.png,c:\Users\HP\OneDrive\Desktop\Flood_AI_Dataset\05_S1GFloods\A\image_1914.png,c:\Users\HP\OneDrive\Desktop\Flood_AI_Dataset\05_S1GFloods\B\image_1914.png,c:\Users\HP\OneDrive\Desktop\Flood_AI_Dataset\05_S1GFloods\Label\image_1914.png,8.3801,1
image_5010.png,c:\Users\HP\OneDrive\Desktop\Flood_AI_Dataset\05_S1GFloods\A\image_5010.png,c:\Users\HP\OneDrive\Desktop\Flood_AI_Dataset\05_S1GFloods\B\image_5010.png,c:\Users\HP\OneDrive\Desktop\Flood_AI_Dataset\05_S1GFloods\Label\image_5010.png,15.4236,2
image_2069.png,c:\Users\HP\OneDrive\Desktop\Flood_AI_Dataset\05_S1GFloods\A\image_2069.png,c:\Users\HP\OneDrive\Desktop\Flood_AI_Dataset\05_S1GFloods\B\image_2069.png,c:\Users\HP\OneDrive\Desktop\Flood_AI_Dataset\05_S1GFloods\Label\image_2069.png,5.0995,1
image_2912.png,c:\Users\HP\OneDrive\Desktop\Flood_AI_Dataset\05_S1GFloods\A\image_2912.png,c:\Users\HP\OneDrive\Desktop\Flood_AI_Dataset\05_S1GFloods\B\image_2912.png,c:\Users\HP\OneDrive\Desktop\Flood_AI_Dataset\05_S1GFloods\Label\image_2912.png,32.9788,2
image_2481.png,c:\Users\HP\OneDrive\Desktop\Flood_AI_Dataset\05_S1GFloods\A\image_2481.png,c:\Users\HP\OneDrive\Desktop\Flood_AI_Dataset\05_S1GFloods\B\image_2481.png,c:\Users\HP\OneDrive\Desktop\Flood_AI_Dataset\05_S1GFloods\Label\image_2481.png,10.4614,2
image_4299.png,c:\Users\HP\OneDrive\Desktop\Flood_AI_Dataset\05_S1GFloods\A\image_4299.png,c:\Users\HP\OneDrive\Desktop\Flood_AI_Dataset\05_S1GFloods\B\image_4299.png,c:\Users\HP\OneDrive\Desktop\Flood_AI_Dataset\05_S1GFloods\Label\image_4299.png,12.8479,2
image_2631.png,c:\Users\HP\OneDrive\Desktop\Flood_AI_Dataset\05_S1GFloods\A\image_2631.png,c:\Users\HP\OneDrive\Desktop\Flood_AI_Dataset\05_S1GFloods\B\image_2631.png,c:\Users\HP\OneDrive\Desktop\Flood_AI_Dataset\05_S1GFloods\Label\image_2631.png,33.5632,2
image_5011.png,c:\Users\HP\OneDrive\Desktop\Flood_AI_Dataset\05_S1GFloods\A\image_5011.png,c:\Users\HP\OneDrive\Desktop\Flood_AI_Dataset\05_S1GFloods\B\image_5011.png,c:\Users\HP\OneDrive\Desktop\Flood_AI_Dataset\05_S1GFloods\Label\image_5011.png,10.0937,2
image_3500.png,c:\Users\HP\OneDrive\Desktop\Flood_AI_Dataset\05_S1GFloods\A\image_3500.png,c:\Users\HP\OneDrive\Desktop\Flood_AI_Dataset\05_S1GFloods\B\image_3500.png,c:\Users\HP\OneDrive\Desktop\Flood_AI_Dataset\05_S1GFloods\Label\image_3500.png,48.9212,2
image_3612.png,c:\Users\HP\OneDrive\Desktop\Flood_AI_Dataset\05_S1GFloods\A\image_3612.png,c:\Users\HP\OneDrive\Desktop\Flood_AI_Dataset\05_S1GFloods\B\image_3612.png,c:\Users\HP\OneDrive\Desktop\Flood_AI_Dataset\05_S1GFloods\Label\image_3612.png,7.2983,1
image_5154.png,c:\Users\HP\OneDrive\Desktop\Flood_AI_Dataset\05_S1GFloods\A\image_5154.png,c:\Users\HP\OneDrive\Desktop\Flood_AI_Dataset\05_S1GFloods\B\image_5154.png,c:\Users\HP\OneDrive\Desktop\Flood_AI_Dataset\05_S1GFloods\Label\image_5154.png,5.2521,1
image_1550.png,c:\Users\HP\OneDrive\Desktop\Flood_AI_Dataset\05_S1GFloods\A\image_1550.png,c:\Users\HP\OneDrive\Desktop\Flood_AI_Dataset\05_S1GFloods\B\image_1550.png,c:\Users\HP\OneDrive\Desktop\Flood_AI_Dataset\05_S1GFloods\Label\image_1550.png,29.837,2
image_1526.png,c:\Users\HP\OneDrive\Desktop\Flood_AI_Dataset\05_S1GFloods\A\image_1526.png,c:\Users\HP\OneDrive\Desktop\Flood_AI_Dataset\05_S1GFloods\B\image_1526.png,c:\Users\HP\OneDrive\Desktop\Flood_AI_Dataset\05_S1GFloods\Label\image_1526.png,10.5789,2
image_2077.png,c:\Users\HP\OneDrive\Desktop\Flood_AI_Dataset\05_S1GFloods\A\image_2077.png,c:\Users\HP\OneDrive\Desktop\Flood_AI_Dataset\05_S1GFloods\B\image_2077.png,c:\Users\HP\OneDrive\Desktop\Flood_AI_Dataset\05_S1GFloods\Label\image_2077.png,19.9417,2
image_1039.png,c:\Users\HP\OneDrive\Desktop\Flood_AI_Dataset\05_S1GFloods\A\image_1039.png,c:\Users\HP\OneDrive\Desktop\Flood_AI_Dataset\05_S1GFloods\B\image_1039.png,c:\Users\HP\OneDrive\Desktop\Flood_AI_Dataset\05_S1GFloods\Label\image_1039.png,60.8521,2
image_3008.png,c:\Users\HP\OneDrive\Desktop\Flood_AI_Dataset\05_S1GFloods\A\image_3008.png,c:\Users\HP\OneDrive\Desktop\Flood_AI_Dataset\05_S1GFloods\B\image_3008.png,c:\Users\HP\OneDrive\Desktop\Flood_AI_Dataset\05_S1GFloods\Label\image_3008.png,8.1161,1
image_3925.png,c:\Users\HP\OneDrive\Desktop\Flood_AI_Dataset\05_S1GFloods\A\image_3925.png,c:\Users\HP\OneDrive\Desktop\Flood_AI_Dataset\05_S1GFloods\B\image_3925.png,c:\Users\HP\OneDrive\Desktop\Flood_AI_Dataset\05_S1GFloods\Label\image_3925.png,50.8148,2
image_4140.png,c:\Users\HP\OneDrive\Desktop\Flood_AI_Dataset\05_S1GFloods\A\image_4140.png,c:\Users\HP\OneDrive\Desktop\Flood_AI_Dataset\05_S1GFloods\B\image_4140.png,c:\Users\HP\OneDrive\Desktop\Flood_AI_Dataset\05_S1GFloods\Label\image_4140.png,5.304,1
image_2076.png,c:\Users\HP\OneDrive\Desktop\Flood_AI_Dataset\05_S1GFloods\A\image_2076.png,c:\Users\HP\OneDrive\Desktop\Flood_AI_Dataset\05_S1GFloods\B\image_2076.png,c:\Users\HP\OneDrive\Desktop\Flood_AI_Dataset\05_S1GFloods\Label\image_2076.png,8.7433,1
image_2866.png,c:\Users\HP\OneDrive\Desktop\Flood_AI_Dataset\05_S1GFloods\A\image_2866.png,c:\Users\HP\OneDrive\Desktop\Flood_AI_Dataset\05_S1GFloods\B\image_2866.png,c:\Users\HP\OneDrive\Desktop\Flood_AI_Dataset\05_S1GFloods\Label\image_2866.png,48.053,2
image_2672.png,c:\Users\HP\OneDrive\Desktop\Flood_AI_Dataset\05_S1GFloods\A\image_2672.png,c:\Users\HP\OneDrive\Desktop\Flood_AI_Dataset\05_S1GFloods\B\image_2672.png,c:\Users\HP\OneDrive\Desktop\Flood_AI_Dataset\05_S1GFloods\Label\image_2672.png,81.9016,2
image_4176.png,c:\Users\HP\OneDrive\Desktop\Flood_AI_Dataset\05_S1GFloods\A\image_4176.png,c:\Users\HP\OneDrive\Desktop\Flood_AI_Dataset\05_S1GFloods\B\image_4176.png,c:\Users\HP\OneDrive\Desktop\Flood_AI_Dataset\05_S1GFloods\Label\image_4176.png,23.6252,2
image_43.png,c:\Users\HP\OneDrive\Desktop\Flood_AI_Dataset\05_S1GFloods\A\image_43.png,c:\Users\HP\OneDrive\Desktop\Flood_AI_Dataset\05_S1GFloods\B\image_43.png,c:\Users\HP\OneDrive\Desktop\Flood_AI_Dataset\05_S1GFloods\Label\image_43.png,6.8039,1
image_2519.png,c:\Users\HP\OneDrive\Desktop\Flood_AI_Dataset\05_S1GFloods\A\image_2519.png,c:\Users\HP\OneDrive\Desktop\Flood_AI_Dataset\05_S1GFloods\B\image_2519.png,c:\Users\HP\OneDrive\Desktop\Flood_AI_Dataset\05_S1GFloods\Label\image_2519.png,9.935,1
image_3847.png,c:\Users\HP\OneDrive\Desktop\Flood_AI_Dataset\05_S1GFloods\A\image_3847.png,c:\Users\HP\OneDrive\Desktop\Flood_AI_Dataset\05_S1GFloods\B\image_3847.png,c:\Users\HP\OneDrive\Desktop\Flood_AI_Dataset\05_S1GFloods\Label\image_3847.png,8.432,1
image_386.png,c:\Users\HP\OneDrive\Desktop\Flood_AI_Dataset\05_S1GFloods\A\image_386.png,c:\Users\HP\OneDrive\Desktop\Flood_AI_Dataset\05_S1GFloods\B\image_386.png,c:\Users\HP\OneDrive\Desktop\Flood_AI_Dataset\05_S1GFloods\Label\image_386.png,25.6317,2
image_5282.png,c:\Users\HP\OneDrive\Desktop\Flood_AI_Dataset\05_S1GFloods\A\image_5282.png,c:\Users\HP\OneDrive\Desktop\Flood_AI_Dataset\05_S1GFloods\B\image_5282.png,c:\Users\HP\OneDrive\Desktop\Flood_AI_Dataset\05_S1GFloods\Label\image_5282.png,33.6044,2
image_1298.png,c:\Users\HP\OneDrive\Desktop\Flood_AI_Dataset\05_S1GFloods\A\image_1298.png,c:\Users\HP\OneDrive\Desktop\Flood_AI_Dataset\05_S1GFloods\B\image_1298.png,c:\Users\HP\OneDrive\Desktop\Flood_AI_Dataset\05_S1GFloods\Label\image_1298.png,8.3755,1
image_1451.png,c:\Users\HP\OneDrive\Desktop\Flood_AI_Dataset\05_S1GFloods\A\image_1451.png,c:\Users\HP\OneDrive\Desktop\Flood_AI_Dataset\05_S1GFloods\B\image_1451.png,c:\Users\HP\OneDrive\Desktop\Flood_AI_Dataset\05_S1GFloods\Label\image_1451.png,38.2111,2
image_1346.png,c:\Users\HP\OneDrive\Desktop\Flood_AI_Dataset\05_S1GFloods\A\image_1346.png,c:\Users\HP\OneDrive\Desktop\Flood_AI_Dataset\05_S1GFloods\B\image_1346.png,c:\Users\HP\OneDrive\Desktop\Flood_AI_Dataset\05_S1GFloods\Label\image_1346.png,12.7045,2
image_4344.png,c:\Users\HP\OneDrive\Desktop\Flood_AI_Dataset\05_S1GFloods\A\image_4344.png,c:\Users\HP\OneDrive\Desktop\Flood_AI_Dataset\05_S1GFloods\B\image_4344.png,c:\Users\HP\OneDrive\Desktop\Flood_AI_Dataset\05_S1GFloods\Label\image_4344.png,85.1135,2
image_4423.png,c:\Users\HP\OneDrive\Desktop\Flood_AI_Dataset\05_S1GFloods\A\image_4423.png,c:\Users\HP\OneDrive\Desktop\Flood_AI_Dataset\05_S1GFloods\B\image_4423.png,c:\Users\HP\OneDrive\Desktop\Flood_AI_Dataset\05_S1GFloods\Label\image_4423.png,86.5494,2
image_2313.png,c:\Users\HP\OneDrive\Desktop\Flood_AI_Dataset\05_S1GFloods\A\image_2313.png,c:\Users\HP\OneDrive\Desktop\Flood_AI_Dataset\05_S1GFloods\B\image_2313.png,c:\Users\HP\OneDrive\Desktop\Flood_AI_Dataset\05_S1GFloods\Label\image_2313.png,5.6259,1
image_1279.png,c:\Users\HP\OneDrive\Desktop\Flood_AI_Dataset\05_S1GFloods\A\image_1279.png,c:\Users\HP\OneDrive\Desktop\Flood_AI_Dataset\05_S1GFloods\B\image_1279.png,c:\Users\HP\OneDrive\Desktop\Flood_AI_Dataset\05_S1GFloods\Label\image_1279.png,97.9446,2
image_4548.png,c:\Users\HP\OneDrive\Desktop\Flood_AI_Dataset\05_S1GFloods\A\image_4548.png,c:\Users\HP\OneDrive\Desktop\Flood_AI_Dataset\05_S1GFloods\B\image_4548.png,c:\Users\HP\OneDrive\Desktop\Flood_AI_Dataset\05_S1GFloods\Label\image_4548.png,21.1441,2
image_2966.png,c:\Users\HP\OneDrive\Desktop\Flood_AI_Dataset\05_S1GFloods\A\image_2966.png,c:\Users\HP\OneDrive\Desktop\Flood_AI_Dataset\05_S1GFloods\B\image_2966.png,c:\Users\HP\OneDrive\Desktop\Flood_AI_Dataset\05_S1GFloods\Label\image_2966.png,13.7634,2
image_890.png,c:\Users\HP\OneDrive\Desktop\Flood_AI_Dataset\05_S1GFloods\A\image_890.png,c:\Users\HP\OneDrive\Desktop\Flood_AI_Dataset\05_S1GFloods\B\image_890.png,c:\Users\HP\OneDrive\Desktop\Flood_AI_Dataset\05_S1GFloods\Label\image_890.png,45.9,2
image_2870.png,c:\Users\HP\OneDrive\Desktop\Flood_AI_Dataset\05_S1GFloods\A\image_2870.png,c:\Users\HP\OneDrive\Desktop\Flood_AI_Dataset\05_S1GFloods\B\image_2870.png,c:\Users\HP\OneDrive\Desktop\Flood_AI_Dataset\05_S1GFloods\Label\image_2870.png,22.6822,2
image_4705.png,c:\Users\HP\OneDrive\Desktop\Flood_AI_Dataset\05_S1GFloods\A\image_4705.png,c:\Users\HP\OneDrive\Desktop\Flood_AI_Dataset\05_S1GFloods\B\image_4705.png,c:\Users\HP\OneDrive\Desktop\Flood_AI_Dataset\05_S1GFloods\Label\image_4705.png,5.6824,1
image_2068.png,c:\Users\HP\OneDrive\Desktop\Flood_AI_Dataset\05_S1GFloods\A\image_2068.png,c:\Users\HP\OneDrive\Desktop\Flood_AI_Dataset\05_S1GFloods\B\image_2068.png,c:\Users\HP\OneDrive\Desktop\Flood_AI_Dataset\05_S1GFloods\Label\image_2068.png,5.8243,1
image_3533.png,c:\Users\HP\OneDrive\Desktop\Flood_AI_Dataset\05_S1GFloods\A\image_3533.png,c:\Users\HP\OneDrive\Desktop\Flood_AI_Dataset\05_S1GFloods\B\image_3533.png,c:\Users\HP\OneDrive\Desktop\Flood_AI_Dataset\05_S1GFloods\Label\image_3533.png,5.2414,1
image_587.png,c:\Users\HP\OneDrive\Desktop\Flood_AI_Dataset\05_S1GFloods\A\image_587.png,c:\Users\HP\OneDrive\Desktop\Flood_AI_Dataset\05_S1GFloods\B\image_587.png,c:\Users\HP\OneDrive\Desktop\Flood_AI_Dataset\05_S1GFloods\Label\image_587.png,60.5331,2
image_5236.png,c:\Users\HP\OneDrive\Desktop\Flood_AI_Dataset\05_S1GFloods\A\image_5236.png,c:\Users\HP\OneDrive\Desktop\Flood_AI_Dataset\05_S1GFloods\B\image_5236.png,c:\Users\HP\OneDrive\Desktop\Flood_AI_Dataset\05_S1GFloods\Label\image_5236.png,29.1748,2
image_1275.png,c:\Users\HP\OneDrive\Desktop\Flood_AI_Dataset\05_S1GFloods\A\image_1275.png,c:\Users\HP\OneDrive\Desktop\Flood_AI_Dataset\05_S1GFloods\B\image_1275.png,c:\Users\HP\OneDrive\Desktop\Flood_AI_Dataset\05_S1GFloods\Label\image_1275.png,71.405,2
image_1537.png,c:\Users\HP\OneDrive\Desktop\Flood_AI_Dataset\05_S1GFloods\A\image_1537.png,c:\Users\HP\OneDrive\Desktop\Flood_AI_Dataset\05_S1GFloods\B\image_1537.png,c:\Users\HP\OneDrive\Desktop\Flood_AI_Dataset\05_S1GFloods\Label\image_1537.png,69.7418,2
image_1488.png,c:\Users\HP\OneDrive\Desktop\Flood_AI_Dataset\05_S1GFloods\A\image_1488.png,c:\Users\HP\OneDrive\Desktop\Flood_AI_Dataset\05_S1GFloods\B\image_1488.png,c:\Users\HP\OneDrive\Desktop\Flood_AI_Dataset\05_S1GFloods\Label\image_1488.png,37.0819,2
image_3047.png,c:\Users\HP\OneDrive\Desktop\Flood_AI_Dataset\05_S1GFloods\A\image_3047.png,c:\Users\HP\OneDrive\Desktop\Flood_AI_Dataset\05_S1GFloods\B\image_3047.png,c:\Users\HP\OneDrive\Desktop\Flood_AI_Dataset\05_S1GFloods\Label\image_3047.png,30.5878,2
image_1636.png,c:\Users\HP\OneDrive\Desktop\Flood_AI_Dataset\05_S1GFloods\A\image_1636.png,c:\Users\HP\OneDrive\Desktop\Flood_AI_Dataset\05_S1GFloods\B\image_1636.png,c:\Users\HP\OneDrive\Desktop\Flood_AI_Dataset\05_S1GFloods\Label\image_1636.png,9.317,1
image_3837.png,c:\Users\HP\OneDrive\Desktop\Flood_AI_Dataset\05_S1GFloods\A\image_3837.png,c:\Users\HP\OneDrive\Desktop\Flood_AI_Dataset\05_S1GFloods\B\image_3837.png,c:\Users\HP\OneDrive\Desktop\Flood_AI_Dataset\05_S1GFloods\Label\image_3837.png,6.7856,1
image_2893.png,c:\Users\HP\OneDrive\Desktop\Flood_AI_Dataset\05_S1GFloods\A\image_2893.png,c:\Users\HP\OneDrive\Desktop\Flood_AI_Dataset\05_S1GFloods\B\image_2893.png,c:\Users\HP\OneDrive\Desktop\Flood_AI_Dataset\05_S1GFloods\Label\image_2893.png,19.6426,2
image_4919.png,c:\Users\HP\OneDrive\Desktop\Flood_AI_Dataset\05_S1GFloods\A\image_4919.png,c:\Users\HP\OneDrive\Desktop\Flood_AI_Dataset\05_S1GFloods\B\image_4919.png,c:\Users\HP\OneDrive\Desktop\Flood_AI_Dataset\05_S1GFloods\Label\image_4919.png,7.9178,1
image_4736.png,c:\Users\HP\OneDrive\Desktop\Flood_AI_Dataset\05_S1GFloods\A\image_4736.png,c:\Users\HP\OneDrive\Desktop\Flood_AI_Dataset\05_S1GFloods\B\image_4736.png,c:\Users\HP\OneDrive\Desktop\Flood_AI_Dataset\05_S1GFloods\Label\image_4736.png,6.1768,1
image_1611.png,c:\Users\HP\OneDrive\Desktop\Flood_AI_Dataset\05_S1GFloods\A\image_1611.png,c:\Users\HP\OneDrive\Desktop\Flood_AI_Dataset\05_S1GFloods\B\image_1611.png,c:\Users\HP\OneDrive\Desktop\Flood_AI_Dataset\05_S1GFloods\Label\image_1611.png,10.5881,2
image_620.png,c:\Users\HP\OneDrive\Desktop\Flood_AI_Dataset\05_S1GFloods\A\image_620.png,c:\Users\HP\OneDrive\Desktop\Flood_AI_Dataset\05_S1GFloods\B\image_620.png,c:\Users\HP\OneDrive\Desktop\Flood_AI_Dataset\05_S1GFloods\Label\image_620.png,20.9564,2
image_464.png,c:\Users\HP\OneDrive\Desktop\Flood_AI_Dataset\05_S1GFloods\A\image_464.png,c:\Users\HP\OneDrive\Desktop\Flood_AI_Dataset\05_S1GFloods\B\image_464.png,c:\Users\HP\OneDrive\Desktop\Flood_AI_Dataset\05_S1GFloods\Label\image_464.png,25.1022,2
image_1375.png,c:\Users\HP\OneDrive\Desktop\Flood_AI_Dataset\05_S1GFloods\A\image_1375.png,c:\Users\HP\OneDrive\Desktop\Flood_AI_Dataset\05_S1GFloods\B\image_1375.png,c:\Users\HP\OneDrive\Desktop\Flood_AI_Dataset\05_S1GFloods\Label\image_1375.png,37.3734,2
image_460.png,c:\Users\HP\OneDrive\Desktop\Flood_AI_Dataset\05_S1GFloods\A\image_460.png,c:\Users\HP\OneDrive\Desktop\Flood_AI_Dataset\05_S1GFloods\B\image_460.png,c:\Users\HP\OneDrive\Desktop\Flood_AI_Dataset\05_S1GFloods\Label\image_460.png,71.6415,2
image_1989.png,c:\Users\HP\OneDrive\Desktop\Flood_AI_Dataset\05_S1GFloods\A\image_1989.png,c:\Users\HP\OneDrive\Desktop\Flood_AI_Dataset\05_S1GFloods\B\image_1989.png,c:\Users\HP\OneDrive\Desktop\Flood_AI_Dataset\05_S1GFloods\Label\image_1989.png,7.9575,1
image_5232.png,c:\Users\HP\OneDrive\Desktop\Flood_AI_Dataset\05_S1GFloods\A\image_5232.png,c:\Users\HP\OneDrive\Desktop\Flood_AI_Dataset\05_S1GFloods\B\image_5232.png,c:\Users\HP\OneDrive\Desktop\Flood_AI_Dataset\05_S1GFloods\Label\image_5232.png,39.5782,2
image_1542.png,c:\Users\HP\OneDrive\Desktop\Flood_AI_Dataset\05_S1GFloods\A\image_1542.png,c:\Users\HP\OneDrive\Desktop\Flood_AI_Dataset\05_S1GFloods\B\image_1542.png,c:\Users\HP\OneDrive\Desktop\Flood_AI_Dataset\05_S1GFloods\Label\image_1542.png,41.4368,2
image_4544.png,c:\Users\HP\OneDrive\Desktop\Flood_AI_Dataset\05_S1GFloods\A\image_4544.png,c:\Users\HP\OneDrive\Desktop\Flood_AI_Dataset\05_S1GFloods\B\image_4544.png,c:\Users\HP\OneDrive\Desktop\Flood_AI_Dataset\05_S1GFloods\Label\image_4544.png,11.4502,2
image_440.png,c:\Users\HP\OneDrive\Desktop\Flood_AI_Dataset\05_S1GFloods\A\image_440.png,c:\Users\HP\OneDrive\Desktop\Flood_AI_Dataset\05_S1GFloods\B\image_440.png,c:\Users\HP\OneDrive\Desktop\Flood_AI_Dataset\05_S1GFloods\Label\image_440.png,12.767,2
image_1198.png,c:\Users\HP\OneDrive\Desktop\Flood_AI_Dataset\05_S1GFloods\A\image_1198.png,c:\Users\HP\OneDrive\Desktop\Flood_AI_Dataset\05_S1GFloods\B\image_1198.png,c:\Users\HP\OneDrive\Desktop\Flood_AI_Dataset\05_S1GFloods\Label\image_1198.png,5.5893,1
image_4863.png,c:\Users\HP\OneDrive\Desktop\Flood_AI_Dataset\05_S1GFloods\A\image_4863.png,c:\Users\HP\OneDrive\Desktop\Flood_AI_Dataset\05_S1GFloods\B\image_4863.png,c:\Users\HP\OneDrive\Desktop\Flood_AI_Dataset\05_S1GFloods\Label\image_4863.png,12.3291,2
image_5106.png,c:\Users\HP\OneDrive\Desktop\Flood_AI_Dataset\05_S1GFloods\A\image_5106.png,c:\Users\HP\OneDrive\Desktop\Flood_AI_Dataset\05_S1GFloods\B\image_5106.png,c:\Users\HP\OneDrive\Desktop\Flood_AI_Dataset\05_S1GFloods\Label\image_5106.png,7.2754,1
image_2065.png,c:\Users\HP\OneDrive\Desktop\Flood_AI_Dataset\05_S1GFloods\A\image_2065.png,c:\Users\HP\OneDrive\Desktop\Flood_AI_Dataset\05_S1GFloods\B\image_2065.png,c:\Users\HP\OneDrive\Desktop\Flood_AI_Dataset\05_S1GFloods\Label\image_2065.png,8.0795,1
image_5140.png,c:\Users\HP\OneDrive\Desktop\Flood_AI_Dataset\05_S1GFloods\A\image_5140.png,c:\Users\HP\OneDrive\Desktop\Flood_AI_Dataset\05_S1GFloods\B\image_5140.png,c:\Users\HP\OneDrive\Desktop\Flood_AI_Dataset\05_S1GFloods\Label\image_5140.png,5.2094,1
image_363.png,c:\Users\HP\OneDrive\Desktop\Flood_AI_Dataset\05_S1GFloods\A\image_363.png,c:\Users\HP\OneDrive\Desktop\Flood_AI_Dataset\05_S1GFloods\B\image_363.png,c:\Users\HP\OneDrive\Desktop\Flood_AI_Dataset\05_S1GFloods\Label\image_363.png,62.8021,2
image_4524.png,c:\Users\HP\OneDrive\Desktop\Flood_AI_Dataset\05_S1GFloods\A\image_4524.png,c:\Users\HP\OneDrive\Desktop\Flood_AI_Dataset\05_S1GFloods\B\image_4524.png,c:\Users\HP\OneDrive\Desktop\Flood_AI_Dataset\05_S1GFloods\Label\image_4524.png,21.4188,2
image_4902.png,c:\Users\HP\OneDrive\Desktop\Flood_AI_Dataset\05_S1GFloods\A\image_4902.png,c:\Users\HP\OneDrive\Desktop\Flood_AI_Dataset\05_S1GFloods\B\image_4902.png,c:\Users\HP\OneDrive\Desktop\Flood_AI_Dataset\05_S1GFloods\Label\image_4902.png,25.2625,2
image_3325.png,c:\Users\HP\OneDrive\Desktop\Flood_AI_Dataset\05_S1GFloods\A\image_3325.png,c:\Users\HP\OneDrive\Desktop\Flood_AI_Dataset\05_S1GFloods\B\image_3325.png,c:\Users\HP\OneDrive\Desktop\Flood_AI_Dataset\05_S1GFloods\Label\image_3325.png,5.4993,1
image_1852.png,c:\Users\HP\OneDrive\Desktop\Flood_AI_Dataset\05_S1GFloods\A\image_1852.png,c:\Users\HP\OneDrive\Desktop\Flood_AI_Dataset\05_S1GFloods\B\image_1852.png,c:\Users\HP\OneDrive\Desktop\Flood_AI_Dataset\05_S1GFloods\Label\image_1852.png,7.959,1
image_1082.png,c:\Users\HP\OneDrive\Desktop\Flood_AI_Dataset\05_S1GFloods\A\image_1082.png,c:\Users\HP\OneDrive\Desktop\Flood_AI_Dataset\05_S1GFloods\B\image_1082.png,c:\Users\HP\OneDrive\Desktop\Flood_AI_Dataset\05_S1GFloods\Label\image_1082.png,70.2225,2
image_4251.png,c:\Users\HP\OneDrive\Desktop\Flood_AI_Dataset\05_S1GFloods\A\image_4251.png,c:\Users\HP\OneDrive\Desktop\Flood_AI_Dataset\05_S1GFloods\B\image_4251.png,c:\Users\HP\OneDrive\Desktop\Flood_AI_Dataset\05_S1GFloods\Label\image_4251.png,23.674,2
image_4658.png,c:\Users\HP\OneDrive\Desktop\Flood_AI_Dataset\05_S1GFloods\A\image_4658.png,c:\Users\HP\OneDrive\Desktop\Flood_AI_Dataset\05_S1GFloods\B\image_4658.png,c:\Users\HP\OneDrive\Desktop\Flood_AI_Dataset\05_S1GFloods\Label\image_4658.png,14.8941,2
image_596.png,c:\Users\HP\OneDrive\Desktop\Flood_AI_Dataset\05_S1GFloods\A\image_596.png,c:\Users\HP\OneDrive\Desktop\Flood_AI_Dataset\05_S1GFloods\B\image_596.png,c:\Users\HP\OneDrive\Desktop\Flood_AI_Dataset\05_S1GFloods\Label\image_596.png,15.5975,2
image_930.png,c:\Users\HP\OneDrive\Desktop\Flood_AI_Dataset\05_S1GFloods\A\image_930.png,c:\Users\HP\OneDrive\Desktop\Flood_AI_Dataset\05_S1GFloods\B\image_930.png,c:\Users\HP\OneDrive\Desktop\Flood_AI_Dataset\05_S1GFloods\Label\image_930.png,33.0215,2
image_1017.png,c:\Users\HP\OneDrive\Desktop\Flood_AI_Dataset\05_S1GFloods\A\image_1017.png,c:\Users\HP\OneDrive\Desktop\Flood_AI_Dataset\05_S1GFloods\B\image_1017.png,c:\Users\HP\OneDrive\Desktop\Flood_AI_Dataset\05_S1GFloods\Label\image_1017.png,38.9771,2
image_2364.png,c:\Users\HP\OneDrive\Desktop\Flood_AI_Dataset\05_S1GFloods\A\image_2364.png,c:\Users\HP\OneDrive\Desktop\Flood_AI_Dataset\05_S1GFloods\B\image_2364.png,c:\Users\HP\OneDrive\Desktop\Flood_AI_Dataset\05_S1GFloods\Label\image_2364.png,13.4506,2
image_3788.png,c:\Users\HP\OneDrive\Desktop\Flood_AI_Dataset\05_S1GFloods\A\image_3788.png,c:\Users\HP\OneDrive\Desktop\Flood_AI_Dataset\05_S1GFloods\B\image_3788.png,c:\Users\HP\OneDrive\Desktop\Flood_AI_Dataset\05_S1GFloods\Label\image_3788.png,6.9458,1
image_25.png,c:\Users\HP\OneDrive\Desktop\Flood_AI_Dataset\05_S1GFloods\A\image_25.png,c:\Users\HP\OneDrive\Desktop\Flood_AI_Dataset\05_S1GFloods\B\image_25.png,c:\Users\HP\OneDrive\Desktop\Flood_AI_Dataset\05_S1GFloods\Label\image_25.png,6.9275,1
image_5113.png,c:\Users\HP\OneDrive\Desktop\Flood_AI_Dataset\05_S1GFloods\A\image_5113.png,c:\Users\HP\OneDrive\Desktop\Flood_AI_Dataset\05_S1GFloods\B\image_5113.png,c:\Users\HP\OneDrive\Desktop\Flood_AI_Dataset\05_S1GFloods\Label\image_5113.png,35.7819,2
image_4488.png,c:\Users\HP\OneDrive\Desktop\Flood_AI_Dataset\05_S1GFloods\A\image_4488.png,c:\Users\HP\OneDrive\Desktop\Flood_AI_Dataset\05_S1GFloods\B\image_4488.png,c:\Users\HP\OneDrive\Desktop\Flood_AI_Dataset\05_S1GFloods\Label\image_4488.png,13.6459,2
image_2647.png,c:\Users\HP\OneDrive\Desktop\Flood_AI_Dataset\05_S1GFloods\A\image_2647.png,c:\Users\HP\OneDrive\Desktop\Flood_AI_Dataset\05_S1GFloods\B\image_2647.png,c:\Users\HP\OneDrive\Desktop\Flood_AI_Dataset\05_S1GFloods\Label\image_2647.png,61.3953,2
image_1880.png,c:\Users\HP\OneDrive\Desktop\Flood_AI_Dataset\05_S1GFloods\A\image_1880.png,c:\Users\HP\OneDrive\Desktop\Flood_AI_Dataset\05_S1GFloods\B\image_1880.png,c:\Users\HP\OneDrive\Desktop\Flood_AI_Dataset\05_S1GFloods\Label\image_1880.png,10.6293,2
image_1925.png,c:\Users\HP\OneDrive\Desktop\Flood_AI_Dataset\05_S1GFloods\A\image_1925.png,c:\Users\HP\OneDrive\Desktop\Flood_AI_Dataset\05_S1GFloods\B\image_1925.png,c:\Users\HP\OneDrive\Desktop\Flood_AI_Dataset\05_S1GFloods\Label\image_1925.png,9.4482,1
image_433.png,c:\Users\HP\OneDrive\Desktop\Flood_AI_Dataset\05_S1GFloods\A\image_433.png,c:\Users\HP\OneDrive\Desktop\Flood_AI_Dataset\05_S1GFloods\B\image_433.png,c:\Users\HP\OneDrive\Desktop\Flood_AI_Dataset\05_S1GFloods\Label\image_433.png,10.0037,2
image_5187.png,c:\Users\HP\OneDrive\Desktop\Flood_AI_Dataset\05_S1GFloods\A\image_5187.png,c:\Users\HP\OneDrive\Desktop\Flood_AI_Dataset\05_S1GFloods\B\image_5187.png,c:\Users\HP\OneDrive\Desktop\Flood_AI_Dataset\05_S1GFloods\Label\image_5187.png,11.1328,2
image_1505.png,c:\Users\HP\OneDrive\Desktop\Flood_AI_Dataset\05_S1GFloods\A\image_1505.png,c:\Users\HP\OneDrive\Desktop\Flood_AI_Dataset\05_S1GFloods\B\image_1505.png,c:\Users\HP\OneDrive\Desktop\Flood_AI_Dataset\05_S1GFloods\Label\image_1505.png,20.0089,2
image_628.png,c:\Users\HP\OneDrive\Desktop\Flood_AI_Dataset\05_S1GFloods\A\image_628.png,c:\Users\HP\OneDrive\Desktop\Flood_AI_Dataset\05_S1GFloods\B\image_628.png,c:\Users\HP\OneDrive\Desktop\Flood_AI_Dataset\05_S1GFloods\Label\image_628.png,85.7269,2
image_3342.png,c:\Users\HP\OneDrive\Desktop\Flood_AI_Dataset\05_S1GFloods\A\image_3342.png,c:\Users\HP\OneDrive\Desktop\Flood_AI_Dataset\05_S1GFloods\B\image_3342.png,c:\Users\HP\OneDrive\Desktop\Flood_AI_Dataset\05_S1GFloods\Label\image_3342.png,6.4438,1
image_140.png,c:\Users\HP\OneDrive\Desktop\Flood_AI_Dataset\05_S1GFloods\A\image_140.png,c:\Users\HP\OneDrive\Desktop\Flood_AI_Dataset\05_S1GFloods\B\image_140.png,c:\Users\HP\OneDrive\Desktop\Flood_AI_Dataset\05_S1GFloods\Label\image_140.png,31.459,2
image_1217.png,c:\Users\HP\OneDrive\Desktop\Flood_AI_Dataset\05_S1GFloods\A\image_1217.png,c:\Users\HP\OneDrive\Desktop\Flood_AI_Dataset\05_S1GFloods\B\image_1217.png,c:\Users\HP\OneDrive\Desktop\Flood_AI_Dataset\05_S1GFloods\Label\image_1217.png,24.5468,2
image_741.png,c:\Users\HP\OneDrive\Desktop\Flood_AI_Dataset\05_S1GFloods\A\image_741.png,c:\Users\HP\OneDrive\Desktop\Flood_AI_Dataset\05_S1GFloods\B\image_741.png,c:\Users\HP\OneDrive\Desktop\Flood_AI_Dataset\05_S1GFloods\Label\image_741.png,58.8257,2
image_3695.png,c:\Users\HP\OneDrive\Desktop\Flood_AI_Dataset\05_S1GFloods\A\image_3695.png,c:\Users\HP\OneDrive\Desktop\Flood_AI_Dataset\05_S1GFloods\B\image_3695.png,c:\Users\HP\OneDrive\Desktop\Flood_AI_Dataset\05_S1GFloods\Label\image_3695.png,10.1883,2
image_655.png,c:\Users\HP\OneDrive\Desktop\Flood_AI_Dataset\05_S1GFloods\A\image_655.png,c:\Users\HP\OneDrive\Desktop\Flood_AI_Dataset\05_S1GFloods\B\image_655.png,c:\Users\HP\OneDrive\Desktop\Flood_AI_Dataset\05_S1GFloods\Label\image_655.png,6.4148,1
image_5260.png,c:\Users\HP\OneDrive\Desktop\Flood_AI_Dataset\05_S1GFloods\A\image_5260.png,c:\Users\HP\OneDrive\Desktop\Flood_AI_Dataset\05_S1GFloods\B\image_5260.png,c:\Users\HP\OneDrive\Desktop\Flood_AI_Dataset\05_S1GFloods\Label\image_5260.png,43.4479,2
image_571.png,c:\Users\HP\OneDrive\Desktop\Flood_AI_Dataset\05_S1GFloods\A\image_571.png,c:\Users\HP\OneDrive\Desktop\Flood_AI_Dataset\05_S1GFloods\B\image_571.png,c:\Users\HP\OneDrive\Desktop\Flood_AI_Dataset\05_S1GFloods\Label\image_571.png,90.7684,2
image_2548.png,c:\Users\HP\OneDrive\Desktop\Flood_AI_Dataset\05_S1GFloods\A\image_2548.png,c:\Users\HP\OneDrive\Desktop\Flood_AI_Dataset\05_S1GFloods\B\image_2548.png,c:\Users\HP\OneDrive\Desktop\Flood_AI_Dataset\05_S1GFloods\Label\image_2548.png,6.6299,1
image_5034.png,c:\Users\HP\OneDrive\Desktop\Flood_AI_Dataset\05_S1GFloods\A\image_5034.png,c:\Users\HP\OneDrive\Desktop\Flood_AI_Dataset\05_S1GFloods\B\image_5034.png,c:\Users\HP\OneDrive\Desktop\Flood_AI_Dataset\05_S1GFloods\Label\image_5034.png,80.5878,2
image_4319.png,c:\Users\HP\OneDrive\Desktop\Flood_AI_Dataset\05_S1GFloods\A\image_4319.png,c:\Users\HP\OneDrive\Desktop\Flood_AI_Dataset\05_S1GFloods\B\image_4319.png,c:\Users\HP\OneDrive\Desktop\Flood_AI_Dataset\05_S1GFloods\Label\image_4319.png,99.7574,2
image_2044.png,c:\Users\HP\OneDrive\Desktop\Flood_AI_Dataset\05_S1GFloods\A\image_2044.png,c:\Users\HP\OneDrive\Desktop\Flood_AI_Dataset\05_S1GFloods\B\image_2044.png,c:\Users\HP\OneDrive\Desktop\Flood_AI_Dataset\05_S1GFloods\Label\image_2044.png,11.2183,2
image_3535.png,c:\Users\HP\OneDrive\Desktop\Flood_AI_Dataset\05_S1GFloods\A\image_3535.png,c:\Users\HP\OneDrive\Desktop\Flood_AI_Dataset\05_S1GFloods\B\image_3535.png,c:\Users\HP\OneDrive\Desktop\Flood_AI_Dataset\05_S1GFloods\Label\image_3535.png,24.7849,2
image_326.png,c:\Users\HP\OneDrive\Desktop\Flood_AI_Dataset\05_S1GFloods\A\image_326.png,c:\Users\HP\OneDrive\Desktop\Flood_AI_Dataset\05_S1GFloods\B\image_326.png,c:\Users\HP\OneDrive\Desktop\Flood_AI_Dataset\05_S1GFloods\Label\image_326.png,43.8919,2
image_4597.png,c:\Users\HP\OneDrive\Desktop\Flood_AI_Dataset\05_S1GFloods\A\image_4597.png,c:\Users\HP\OneDrive\Desktop\Flood_AI_Dataset\05_S1GFloods\B\image_4597.png,c:\Users\HP\OneDrive\Desktop\Flood_AI_Dataset\05_S1GFloods\Label\image_4597.png,6.9885,1
image_3356.png,c:\Users\HP\OneDrive\Desktop\Flood_AI_Dataset\05_S1GFloods\A\image_3356.png,c:\Users\HP\OneDrive\Desktop\Flood_AI_Dataset\05_S1GFloods\B\image_3356.png,c:\Users\HP\OneDrive\Desktop\Flood_AI_Dataset\05_S1GFloods\Label\image_3356.png,23.5809,2
image_3214.png,c:\Users\HP\OneDrive\Desktop\Flood_AI_Dataset\05_S1GFloods\A\image_3214.png,c:\Users\HP\OneDrive\Desktop\Flood_AI_Dataset\05_S1GFloods\B\image_3214.png,c:\Users\HP\OneDrive\Desktop\Flood_AI_Dataset\05_S1GFloods\Label\image_3214.png,68.7027,2
image_4685.png,c:\Users\HP\OneDrive\Desktop\Flood_AI_Dataset\05_S1GFloods\A\image_4685.png,c:\Users\HP\OneDrive\Desktop\Flood_AI_Dataset\05_S1GFloods\B\image_4685.png,c:\Users\HP\OneDrive\Desktop\Flood_AI_Dataset\05_S1GFloods\Label\image_4685.png,20.3979,2
image_1635.png,c:\Users\HP\OneDrive\Desktop\Flood_AI_Dataset\05_S1GFloods\A\image_1635.png,c:\Users\HP\OneDrive\Desktop\Flood_AI_Dataset\05_S1GFloods\B\image_1635.png,c:\Users\HP\OneDrive\Desktop\Flood_AI_Dataset\05_S1GFloods\Label\image_1635.png,7.3029,1
image_1195.png,c:\Users\HP\OneDrive\Desktop\Flood_AI_Dataset\05_S1GFloods\A\image_1195.png,c:\Users\HP\OneDrive\Desktop\Flood_AI_Dataset\05_S1GFloods\B\image_1195.png,c:\Users\HP\OneDrive\Desktop\Flood_AI_Dataset\05_S1GFloods\Label\image_1195.png,12.8067,2
image_4837.png,c:\Users\HP\OneDrive\Desktop\Flood_AI_Dataset\05_S1GFloods\A\image_4837.png,c:\Users\HP\OneDrive\Desktop\Flood_AI_Dataset\05_S1GFloods\B\image_4837.png,c:\Users\HP\OneDrive\Desktop\Flood_AI_Dataset\05_S1GFloods\Label\image_4837.png,46.1777,2
image_3669.png,c:\Users\HP\OneDrive\Desktop\Flood_AI_Dataset\05_S1GFloods\A\image_3669.png,c:\Users\HP\OneDrive\Desktop\Flood_AI_Dataset\05_S1GFloods\B\image_3669.png,c:\Users\HP\OneDrive\Desktop\Flood_AI_Dataset\05_S1GFloods\Label\image_3669.png,7.132,1
image_1749.png,c:\Users\HP\OneDrive\Desktop\Flood_AI_Dataset\05_S1GFloods\A\image_1749.png,c:\Users\HP\OneDrive\Desktop\Flood_AI_Dataset\05_S1GFloods\B\image_1749.png,c:\Users\HP\OneDrive\Desktop\Flood_AI_Dataset\05_S1GFloods\Label\image_1749.png,18.2968,2
image_2026.png,c:\Users\HP\OneDrive\Desktop\Flood_AI_Dataset\05_S1GFloods\A\image_2026.png,c:\Users\HP\OneDrive\Desktop\Flood_AI_Dataset\05_S1GFloods\B\image_2026.png,c:\Users\HP\OneDrive\Desktop\Flood_AI_Dataset\05_S1GFloods\Label\image_2026.png,6.7581,1
image_3231.png,c:\Users\HP\OneDrive\Desktop\Flood_AI_Dataset\05_S1GFloods\A\image_3231.png,c:\Users\HP\OneDrive\Desktop\Flood_AI_Dataset\05_S1GFloods\B\image_3231.png,c:\Users\HP\OneDrive\Desktop\Flood_AI_Dataset\05_S1GFloods\Label\image_3231.png,28.418,2
image_4888.png,c:\Users\HP\OneDrive\Desktop\Flood_AI_Dataset\05_S1GFloods\A\image_4888.png,c:\Users\HP\OneDrive\Desktop\Flood_AI_Dataset\05_S1GFloods\B\image_4888.png,c:\Users\HP\OneDrive\Desktop\Flood_AI_Dataset\05_S1GFloods\Label\image_4888.png,11.6074,2
image_1605.png,c:\Users\HP\OneDrive\Desktop\Flood_AI_Dataset\05_S1GFloods\A\image_1605.png,c:\Users\HP\OneDrive\Desktop\Flood_AI_Dataset\05_S1GFloods\B\image_1605.png,c:\Users\HP\OneDrive\Desktop\Flood_AI_Dataset\05_S1GFloods\Label\image_1605.png,5.2338,1
image_3269.png,c:\Users\HP\OneDrive\Desktop\Flood_AI_Dataset\05_S1GFloods\A\image_3269.png,c:\Users\HP\OneDrive\Desktop\Flood_AI_Dataset\05_S1GFloods\B\image_3269.png,c:\Users\HP\OneDrive\Desktop\Flood_AI_Dataset\05_S1GFloods\Label\image_3269.png,32.7866,2
image_842.png,c:\Users\HP\OneDrive\Desktop\Flood_AI_Dataset\05_S1GFloods\A\image_842.png,c:\Users\HP\OneDrive\Desktop\Flood_AI_Dataset\05_S1GFloods\B\image_842.png,c:\Users\HP\OneDrive\Desktop\Flood_AI_Dataset\05_S1GFloods\Label\image_842.png,91.3635,2
image_35.png,c:\Users\HP\OneDrive\Desktop\Flood_AI_Dataset\05_S1GFloods\A\image_35.png,c:\Users\HP\OneDrive\Desktop\Flood_AI_Dataset\05_S1GFloods\B\image_35.png,c:\Users\HP\OneDrive\Desktop\Flood_AI_Dataset\05_S1GFloods\Label\image_35.png,38.3316,2
image_1718.png,c:\Users\HP\OneDrive\Desktop\Flood_AI_Dataset\05_S1GFloods\A\image_1718.png,c:\Users\HP\OneDrive\Desktop\Flood_AI_Dataset\05_S1GFloods\B\image_1718.png,c:\Users\HP\OneDrive\Desktop\Flood_AI_Dataset\05_S1GFloods\Label\image_1718.png,65.3473,2
image_4401.png,c:\Users\HP\OneDrive\Desktop\Flood_AI_Dataset\05_S1GFloods\A\image_4401.png,c:\Users\HP\OneDrive\Desktop\Flood_AI_Dataset\05_S1GFloods\B\image_4401.png,c:\Users\HP\OneDrive\Desktop\Flood_AI_Dataset\05_S1GFloods\Label\image_4401.png,99.971,2
image_3843.png,c:\Users\HP\OneDrive\Desktop\Flood_AI_Dataset\05_S1GFloods\A\image_3843.png,c:\Users\HP\OneDrive\Desktop\Flood_AI_Dataset\05_S1GFloods\B\image_3843.png,c:\Users\HP\OneDrive\Desktop\Flood_AI_Dataset\05_S1GFloods\Label\image_3843.png,73.6511,2
image_12.png,c:\Users\HP\OneDrive\Desktop\Flood_AI_Dataset\05_S1GFloods\A\image_12.png,c:\Users\HP\OneDrive\Desktop\Flood_AI_Dataset\05_S1GFloods\B\image_12.png,c:\Users\HP\OneDrive\Desktop\Flood_AI_Dataset\05_S1GFloods\Label\image_12.png,10.466,2
image_3381.png,c:\Users\HP\OneDrive\Desktop\Flood_AI_Dataset\05_S1GFloods\A\image_3381.png,c:\Users\HP\OneDrive\Desktop\Flood_AI_Dataset\05_S1GFloods\B\image_3381.png,c:\Users\HP\OneDrive\Desktop\Flood_AI_Dataset\05_S1GFloods\Label\image_3381.png,16.7068,2
image_487.png,c:\Users\HP\OneDrive\Desktop\Flood_AI_Dataset\05_S1GFloods\A\image_487.png,c:\Users\HP\OneDrive\Desktop\Flood_AI_Dataset\05_S1GFloods\B\image_487.png,c:\Users\HP\OneDrive\Desktop\Flood_AI_Dataset\05_S1GFloods\Label\image_487.png,57.2189,2
image_3295.png,c:\Users\HP\OneDrive\Desktop\Flood_AI_Dataset\05_S1GFloods\A\image_3295.png,c:\Users\HP\OneDrive\Desktop\Flood_AI_Dataset\05_S1GFloods\B\image_3295.png,c:\Users\HP\OneDrive\Desktop\Flood_AI_Dataset\05_S1GFloods\Label\image_3295.png,12.7808,2
image_4773.png,c:\Users\HP\OneDrive\Desktop\Flood_AI_Dataset\05_S1GFloods\A\image_4773.png,c:\Users\HP\OneDrive\Desktop\Flood_AI_Dataset\05_S1GFloods\B\image_4773.png,c:\Users\HP\OneDrive\Desktop\Flood_AI_Dataset\05_S1GFloods\Label\image_4773.png,51.9241,2
image_2504.png,c:\Users\HP\OneDrive\Desktop\Flood_AI_Dataset\05_S1GFloods\A\image_2504.png,c:\Users\HP\OneDrive\Desktop\Flood_AI_Dataset\05_S1GFloods\B\image_2504.png,c:\Users\HP\OneDrive\Desktop\Flood_AI_Dataset\05_S1GFloods\Label\image_2504.png,7.1121,1
image_4224.png,c:\Users\HP\OneDrive\Desktop\Flood_AI_Dataset\05_S1GFloods\A\image_4224.png,c:\Users\HP\OneDrive\Desktop\Flood_AI_Dataset\05_S1GFloods\B\image_4224.png,c:\Users\HP\OneDrive\Desktop\Flood_AI_Dataset\05_S1GFloods\Label\image_4224.png,37.6358,2
image_2295.png,c:\Users\HP\OneDrive\Desktop\Flood_AI_Dataset\05_S1GFloods\A\image_2295.png,c:\Users\HP\OneDrive\Desktop\Flood_AI_Dataset\05_S1GFloods\B\image_2295.png,c:\Users\HP\OneDrive\Desktop\Flood_AI_Dataset\05_S1GFloods\Label\image_2295.png,13.1409,2
image_3614.png,c:\Users\HP\OneDrive\Desktop\Flood_AI_Dataset\05_S1GFloods\A\image_3614.png,c:\Users\HP\OneDrive\Desktop\Flood_AI_Dataset\05_S1GFloods\B\image_3614.png,c:\Users\HP\OneDrive\Desktop\Flood_AI_Dataset\05_S1GFloods\Label\image_3614.png,86.2396,2
image_2150.png,c:\Users\HP\OneDrive\Desktop\Flood_AI_Dataset\05_S1GFloods\A\image_2150.png,c:\Users\HP\OneDrive\Desktop\Flood_AI_Dataset\05_S1GFloods\B\image_2150.png,c:\Users\HP\OneDrive\Desktop\Flood_AI_Dataset\05_S1GFloods\Label\image_2150.png,8.67,1
image_668.png,c:\Users\HP\OneDrive\Desktop\Flood_AI_Dataset\05_S1GFloods\A\image_668.png,c:\Users\HP\OneDrive\Desktop\Flood_AI_Dataset\05_S1GFloods\B\image_668.png,c:\Users\HP\OneDrive\Desktop\Flood_AI_Dataset\05_S1GFloods\Label\image_668.png,83.8959,2
image_4948.png,c:\Users\HP\OneDrive\Desktop\Flood_AI_Dataset\05_S1GFloods\A\image_4948.png,c:\Users\HP\OneDrive\Desktop\Flood_AI_Dataset\05_S1GFloods\B\image_4948.png,c:\Users\HP\OneDrive\Desktop\Flood_AI_Dataset\05_S1GFloods\Label\image_4948.png,16.1072,2
image_2286.png,c:\Users\HP\OneDrive\Desktop\Flood_AI_Dataset\05_S1GFloods\A\image_2286.png,c:\Users\HP\OneDrive\Desktop\Flood_AI_Dataset\05_S1GFloods\B\image_2286.png,c:\Users\HP\OneDrive\Desktop\Flood_AI_Dataset\05_S1GFloods\Label\image_2286.png,7.959,1
image_4053.png,c:\Users\HP\OneDrive\Desktop\Flood_AI_Dataset\05_S1GFloods\A\image_4053.png,c:\Users\HP\OneDrive\Desktop\Flood_AI_Dataset\05_S1GFloods\B\image_4053.png,c:\Users\HP\OneDrive\Desktop\Flood_AI_Dataset\05_S1GFloods\Label\image_4053.png,47.4701,2
image_5304.png,c:\Users\HP\OneDrive\Desktop\Flood_AI_Dataset\05_S1GFloods\A\image_5304.png,c:\Users\HP\OneDrive\Desktop\Flood_AI_Dataset\05_S1GFloods\B\image_5304.png,c:\Users\HP\OneDrive\Desktop\Flood_AI_Dataset\05_S1GFloods\Label\image_5304.png,17.6651,2
image_1691.png,c:\Users\HP\OneDrive\Desktop\Flood_AI_Dataset\05_S1GFloods\A\image_1691.png,c:\Users\HP\OneDrive\Desktop\Flood_AI_Dataset\05_S1GFloods\B\image_1691.png,c:\Users\HP\OneDrive\Desktop\Flood_AI_Dataset\05_S1GFloods\Label\image_1691.png,18.0099,2
image_4269.png,c:\Users\HP\OneDrive\Desktop\Flood_AI_Dataset\05_S1GFloods\A\image_4269.png,c:\Users\HP\OneDrive\Desktop\Flood_AI_Dataset\05_S1GFloods\B\image_4269.png,c:\Users\HP\OneDrive\Desktop\Flood_AI_Dataset\05_S1GFloods\Label\image_4269.png,94.4534,2
image_2469.png,c:\Users\HP\OneDrive\Desktop\Flood_AI_Dataset\05_S1GFloods\A\image_2469.png,c:\Users\HP\OneDrive\Desktop\Flood_AI_Dataset\05_S1GFloods\B\image_2469.png,c:\Users\HP\OneDrive\Desktop\Flood_AI_Dataset\05_S1GFloods\Label\image_2469.png,10.3119,2
image_3716.png,c:\Users\HP\OneDrive\Desktop\Flood_AI_Dataset\05_S1GFloods\A\image_3716.png,c:\Users\HP\OneDrive\Desktop\Flood_AI_Dataset\05_S1GFloods\B\image_3716.png,c:\Users\HP\OneDrive\Desktop\Flood_AI_Dataset\05_S1GFloods\Label\image_3716.png,24.7009,2
image_563.png,c:\Users\HP\OneDrive\Desktop\Flood_AI_Dataset\05_S1GFloods\A\image_563.png,c:\Users\HP\OneDrive\Desktop\Flood_AI_Dataset\05_S1GFloods\B\image_563.png,c:\Users\HP\OneDrive\Desktop\Flood_AI_Dataset\05_S1GFloods\Label\image_563.png,30.9402,2
image_3986.png,c:\Users\HP\OneDrive\Desktop\Flood_AI_Dataset\05_S1GFloods\A\image_3986.png,c:\Users\HP\OneDrive\Desktop\Flood_AI_Dataset\05_S1GFloods\B\image_3986.png,c:\Users\HP\OneDrive\Desktop\Flood_AI_Dataset\05_S1GFloods\Label\image_3986.png,42.1112,2
image_637.png,c:\Users\HP\OneDrive\Desktop\Flood_AI_Dataset\05_S1GFloods\A\image_637.png,c:\Users\HP\OneDrive\Desktop\Flood_AI_Dataset\05_S1GFloods\B\image_637.png,c:\Users\HP\OneDrive\Desktop\Flood_AI_Dataset\05_S1GFloods\Label\image_637.png,55.6,2
image_1028.png,c:\Users\HP\OneDrive\Desktop\Flood_AI_Dataset\05_S1GFloods\A\image_1028.png,c:\Users\HP\OneDrive\Desktop\Flood_AI_Dataset\05_S1GFloods\B\image_1028.png,c:\Users\HP\OneDrive\Desktop\Flood_AI_Dataset\05_S1GFloods\Label\image_1028.png,50.7156,2
image_4665.png,c:\Users\HP\OneDrive\Desktop\Flood_AI_Dataset\05_S1GFloods\A\image_4665.png,c:\Users\HP\OneDrive\Desktop\Flood_AI_Dataset\05_S1GFloods\B\image_4665.png,c:\Users\HP\OneDrive\Desktop\Flood_AI_Dataset\05_S1GFloods\Label\image_4665.png,7.1533,1
image_5058.png,c:\Users\HP\OneDrive\Desktop\Flood_AI_Dataset\05_S1GFloods\A\image_5058.png,c:\Users\HP\OneDrive\Desktop\Flood_AI_Dataset\05_S1GFloods\B\image_5058.png,c:\Users\HP\OneDrive\Desktop\Flood_AI_Dataset\05_S1GFloods\Label\image_5058.png,7.5989,1
image_4261.png,c:\Users\HP\OneDrive\Desktop\Flood_AI_Dataset\05_S1GFloods\A\image_4261.png,c:\Users\HP\OneDrive\Desktop\Flood_AI_Dataset\05_S1GFloods\B\image_4261.png,c:\Users\HP\OneDrive\Desktop\Flood_AI_Dataset\05_S1GFloods\Label\image_4261.png,7.6233,1
image_1115.png,c:\Users\HP\OneDrive\Desktop\Flood_AI_Dataset\05_S1GFloods\A\image_1115.png,c:\Users\HP\OneDrive\Desktop\Flood_AI_Dataset\05_S1GFloods\B\image_1115.png,c:\Users\HP\OneDrive\Desktop\Flood_AI_Dataset\05_S1GFloods\Label\image_1115.png,24.0707,2
image_1547.png,c:\Users\HP\OneDrive\Desktop\Flood_AI_Dataset\05_S1GFloods\A\image_1547.png,c:\Users\HP\OneDrive\Desktop\Flood_AI_Dataset\05_S1GFloods\B\image_1547.png,c:\Users\HP\OneDrive\Desktop\Flood_AI_Dataset\05_S1GFloods\Label\image_1547.png,5.4337,1
image_745.png,c:\Users\HP\OneDrive\Desktop\Flood_AI_Dataset\05_S1GFloods\A\image_745.png,c:\Users\HP\OneDrive\Desktop\Flood_AI_Dataset\05_S1GFloods\B\image_745.png,c:\Users\HP\OneDrive\Desktop\Flood_AI_Dataset\05_S1GFloods\Label\image_745.png,80.9265,2
image_2879.png,c:\Users\HP\OneDrive\Desktop\Flood_AI_Dataset\05_S1GFloods\A\image_2879.png,c:\Users\HP\OneDrive\Desktop\Flood_AI_Dataset\05_S1GFloods\B\image_2879.png,c:\Users\HP\OneDrive\Desktop\Flood_AI_Dataset\05_S1GFloods\Label\image_2879.png,95.1828,2
image_467.png,c:\Users\HP\OneDrive\Desktop\Flood_AI_Dataset\05_S1GFloods\A\image_467.png,c:\Users\HP\OneDrive\Desktop\Flood_AI_Dataset\05_S1GFloods\B\image_467.png,c:\Users\HP\OneDrive\Desktop\Flood_AI_Dataset\05_S1GFloods\Label\image_467.png,26.9318,2
image_4584.png,c:\Users\HP\OneDrive\Desktop\Flood_AI_Dataset\05_S1GFloods\A\image_4584.png,c:\Users\HP\OneDrive\Desktop\Flood_AI_Dataset\05_S1GFloods\B\image_4584.png,c:\Users\HP\OneDrive\Desktop\Flood_AI_Dataset\05_S1GFloods\Label\image_4584.png,13.3301,2
image_1112.png,c:\Users\HP\OneDrive\Desktop\Flood_AI_Dataset\05_S1GFloods\A\image_1112.png,c:\Users\HP\OneDrive\Desktop\Flood_AI_Dataset\05_S1GFloods\B\image_1112.png,c:\Users\HP\OneDrive\Desktop\Flood_AI_Dataset\05_S1GFloods\Label\image_1112.png,48.1842,2
image_5198.png,c:\Users\HP\OneDrive\Desktop\Flood_AI_Dataset\05_S1GFloods\A\image_5198.png,c:\Users\HP\OneDrive\Desktop\Flood_AI_Dataset\05_S1GFloods\B\image_5198.png,c:\Users\HP\OneDrive\Desktop\Flood_AI_Dataset\05_S1GFloods\Label\image_5198.png,19.9341,2
image_2009.png,c:\Users\HP\OneDrive\Desktop\Flood_AI_Dataset\05_S1GFloods\A\image_2009.png,c:\Users\HP\OneDrive\Desktop\Flood_AI_Dataset\05_S1GFloods\B\image_2009.png,c:\Users\HP\OneDrive\Desktop\Flood_AI_Dataset\05_S1GFloods\Label\image_2009.png,22.287,2
image_2872.png,c:\Users\HP\OneDrive\Desktop\Flood_AI_Dataset\05_S1GFloods\A\image_2872.png,c:\Users\HP\OneDrive\Desktop\Flood_AI_Dataset\05_S1GFloods\B\image_2872.png,c:\Users\HP\OneDrive\Desktop\Flood_AI_Dataset\05_S1GFloods\Label\image_2872.png,13.4262,2
image_3878.png,c:\Users\HP\OneDrive\Desktop\Flood_AI_Dataset\05_S1GFloods\A\image_3878.png,c:\Users\HP\OneDrive\Desktop\Flood_AI_Dataset\05_S1GFloods\B\image_3878.png,c:\Users\HP\OneDrive\Desktop\Flood_AI_Dataset\05_S1GFloods\Label\image_3878.png,82.5287,2
image_432.png,c:\Users\HP\OneDrive\Desktop\Flood_AI_Dataset\05_S1GFloods\A\image_432.png,c:\Users\HP\OneDrive\Desktop\Flood_AI_Dataset\05_S1GFloods\B\image_432.png,c:\Users\HP\OneDrive\Desktop\Flood_AI_Dataset\05_S1GFloods\Label\image_432.png,5.1559,1
image_3852.png,c:\Users\HP\OneDrive\Desktop\Flood_AI_Dataset\05_S1GFloods\A\image_3852.png,c:\Users\HP\OneDrive\Desktop\Flood_AI_Dataset\05_S1GFloods\B\image_3852.png,c:\Users\HP\OneDrive\Desktop\Flood_AI_Dataset\05_S1GFloods\Label\image_3852.png,80.8746,2
image_583.png,c:\Users\HP\OneDrive\Desktop\Flood_AI_Dataset\05_S1GFloods\A\image_583.png,c:\Users\HP\OneDrive\Desktop\Flood_AI_Dataset\05_S1GFloods\B\image_583.png,c:\Users\HP\OneDrive\Desktop\Flood_AI_Dataset\05_S1GFloods\Label\image_583.png,72.4014,2
image_2621.png,c:\Users\HP\OneDrive\Desktop\Flood_AI_Dataset\05_S1GFloods\A\image_2621.png,c:\Users\HP\OneDrive\Desktop\Flood_AI_Dataset\05_S1GFloods\B\image_2621.png,c:\Users\HP\OneDrive\Desktop\Flood_AI_Dataset\05_S1GFloods\Label\image_2621.png,70.6375,2
image_4995.png,c:\Users\HP\OneDrive\Desktop\Flood_AI_Dataset\05_S1GFloods\A\image_4995.png,c:\Users\HP\OneDrive\Desktop\Flood_AI_Dataset\05_S1GFloods\B\image_4995.png,c:\Users\HP\OneDrive\Desktop\Flood_AI_Dataset\05_S1GFloods\Label\image_4995.png,12.0361,2
image_5072.png,c:\Users\HP\OneDrive\Desktop\Flood_AI_Dataset\05_S1GFloods\A\image_5072.png,c:\Users\HP\OneDrive\Desktop\Flood_AI_Dataset\05_S1GFloods\B\image_5072.png,c:\Users\HP\OneDrive\Desktop\Flood_AI_Dataset\05_S1GFloods\Label\image_5072.png,5.5008,1
image_69.png,c:\Users\HP\OneDrive\Desktop\Flood_AI_Dataset\05_S1GFloods\A\image_69.png,c:\Users\HP\OneDrive\Desktop\Flood_AI_Dataset\05_S1GFloods\B\image_69.png,c:\Users\HP\OneDrive\Desktop\Flood_AI_Dataset\05_S1GFloods\Label\image_69.png,88.4216,2
image_2493.png,c:\Users\HP\OneDrive\Desktop\Flood_AI_Dataset\05_S1GFloods\A\image_2493.png,c:\Users\HP\OneDrive\Desktop\Flood_AI_Dataset\05_S1GFloods\B\image_2493.png,c:\Users\HP\OneDrive\Desktop\Flood_AI_Dataset\05_S1GFloods\Label\image_2493.png,71.6873,2
image_1053.png,c:\Users\HP\OneDrive\Desktop\Flood_AI_Dataset\05_S1GFloods\A\image_1053.png,c:\Users\HP\OneDrive\Desktop\Flood_AI_Dataset\05_S1GFloods\B\image_1053.png,c:\Users\HP\OneDrive\Desktop\Flood_AI_Dataset\05_S1GFloods\Label\image_1053.png,50.8606,2
image_2048.png,c:\Users\HP\OneDrive\Desktop\Flood_AI_Dataset\05_S1GFloods\A\image_2048.png,c:\Users\HP\OneDrive\Desktop\Flood_AI_Dataset\05_S1GFloods\B\image_2048.png,c:\Users\HP\OneDrive\Desktop\Flood_AI_Dataset\05_S1GFloods\Label\image_2048.png,6.8573,1
image_3309.png,c:\Users\HP\OneDrive\Desktop\Flood_AI_Dataset\05_S1GFloods\A\image_3309.png,c:\Users\HP\OneDrive\Desktop\Flood_AI_Dataset\05_S1GFloods\B\image_3309.png,c:\Users\HP\OneDrive\Desktop\Flood_AI_Dataset\05_S1GFloods\Label\image_3309.png,7.5653,1
image_4061.png,c:\Users\HP\OneDrive\Desktop\Flood_AI_Dataset\05_S1GFloods\A\image_4061.png,c:\Users\HP\OneDrive\Desktop\Flood_AI_Dataset\05_S1GFloods\B\image_4061.png,c:\Users\HP\OneDrive\Desktop\Flood_AI_Dataset\05_S1GFloods\Label\image_4061.png,20.253,2
image_2989.png,c:\Users\HP\OneDrive\Desktop\Flood_AI_Dataset\05_S1GFloods\A\image_2989.png,c:\Users\HP\OneDrive\Desktop\Flood_AI_Dataset\05_S1GFloods\B\image_2989.png,c:\Users\HP\OneDrive\Desktop\Flood_AI_Dataset\05_S1GFloods\Label\image_2989.png,19.7769,2
image_3551.png,c:\Users\HP\OneDrive\Desktop\Flood_AI_Dataset\05_S1GFloods\A\image_3551.png,c:\Users\HP\OneDrive\Desktop\Flood_AI_Dataset\05_S1GFloods\B\image_3551.png,c:\Users\HP\OneDrive\Desktop\Flood_AI_Dataset\05_S1GFloods\Label\image_3551.png,81.7963,2
image_5276.png,c:\Users\HP\OneDrive\Desktop\Flood_AI_Dataset\05_S1GFloods\A\image_5276.png,c:\Users\HP\OneDrive\Desktop\Flood_AI_Dataset\05_S1GFloods\B\image_5276.png,c:\Users\HP\OneDrive\Desktop\Flood_AI_Dataset\05_S1GFloods\Label\image_5276.png,8.5297,1
image_4637.png,c:\Users\HP\OneDrive\Desktop\Flood_AI_Dataset\05_S1GFloods\A\image_4637.png,c:\Users\HP\OneDrive\Desktop\Flood_AI_Dataset\05_S1GFloods\B\image_4637.png,c:\Users\HP\OneDrive\Desktop\Flood_AI_Dataset\05_S1GFloods\Label\image_4637.png,18.2297,2
image_2880.png,c:\Users\HP\OneDrive\Desktop\Flood_AI_Dataset\05_S1GFloods\A\image_2880.png,c:\Users\HP\OneDrive\Desktop\Flood_AI_Dataset\05_S1GFloods\B\image_2880.png,c:\Users\HP\OneDrive\Desktop\Flood_AI_Dataset\05_S1GFloods\Label\image_2880.png,65.6982,2
image_4550.png,c:\Users\HP\OneDrive\Desktop\Flood_AI_Dataset\05_S1GFloods\A\image_4550.png,c:\Users\HP\OneDrive\Desktop\Flood_AI_Dataset\05_S1GFloods\B\image_4550.png,c:\Users\HP\OneDrive\Desktop\Flood_AI_Dataset\05_S1GFloods\Label\image_4550.png,14.3784,2
image_3041.png,c:\Users\HP\OneDrive\Desktop\Flood_AI_Dataset\05_S1GFloods\A\image_3041.png,c:\Users\HP\OneDrive\Desktop\Flood_AI_Dataset\05_S1GFloods\B\image_3041.png,c:\Users\HP\OneDrive\Desktop\Flood_AI_Dataset\05_S1GFloods\Label\image_3041.png,36.4594,2
image_511.png,c:\Users\HP\OneDrive\Desktop\Flood_AI_Dataset\05_S1GFloods\A\image_511.png,c:\Users\HP\OneDrive\Desktop\Flood_AI_Dataset\05_S1GFloods\B\image_511.png,c:\Users\HP\OneDrive\Desktop\Flood_AI_Dataset\05_S1GFloods\Label\image_511.png,79.6494,2
image_2085.png,c:\Users\HP\OneDrive\Desktop\Flood_AI_Dataset\05_S1GFloods\A\image_2085.png,c:\Users\HP\OneDrive\Desktop\Flood_AI_Dataset\05_S1GFloods\B\image_2085.png,c:\Users\HP\OneDrive\Desktop\Flood_AI_Dataset\05_S1GFloods\Label\image_2085.png,31.2866,2
image_3386.png,c:\Users\HP\OneDrive\Desktop\Flood_AI_Dataset\05_S1GFloods\A\image_3386.png,c:\Users\HP\OneDrive\Desktop\Flood_AI_Dataset\05_S1GFloods\B\image_3386.png,c:\Users\HP\OneDrive\Desktop\Flood_AI_Dataset\05_S1GFloods\Label\image_3386.png,21.2433,2
image_2107.png,c:\Users\HP\OneDrive\Desktop\Flood_AI_Dataset\05_S1GFloods\A\image_2107.png,c:\Users\HP\OneDrive\Desktop\Flood_AI_Dataset\05_S1GFloods\B\image_2107.png,c:\Users\HP\OneDrive\Desktop\Flood_AI_Dataset\05_S1GFloods\Label\image_2107.png,7.2464,1
image_4726.png,c:\Users\HP\OneDrive\Desktop\Flood_AI_Dataset\05_S1GFloods\A\image_4726.png,c:\Users\HP\OneDrive\Desktop\Flood_AI_Dataset\05_S1GFloods\B\image_4726.png,c:\Users\HP\OneDrive\Desktop\Flood_AI_Dataset\05_S1GFloods\Label\image_4726.png,8.2977,1
image_3470.png,c:\Users\HP\OneDrive\Desktop\Flood_AI_Dataset\05_S1GFloods\A\image_3470.png,c:\Users\HP\OneDrive\Desktop\Flood_AI_Dataset\05_S1GFloods\B\image_3470.png,c:\Users\HP\OneDrive\Desktop\Flood_AI_Dataset\05_S1GFloods\Label\image_3470.png,8.5068,1
image_4989.png,c:\Users\HP\OneDrive\Desktop\Flood_AI_Dataset\05_S1GFloods\A\image_4989.png,c:\Users\HP\OneDrive\Desktop\Flood_AI_Dataset\05_S1GFloods\B\image_4989.png,c:\Users\HP\OneDrive\Desktop\Flood_AI_Dataset\05_S1GFloods\Label\image_4989.png,10.8246,2
image_3793.png,c:\Users\HP\OneDrive\Desktop\Flood_AI_Dataset\05_S1GFloods\A\image_3793.png,c:\Users\HP\OneDrive\Desktop\Flood_AI_Dataset\05_S1GFloods\B\image_3793.png,c:\Users\HP\OneDrive\Desktop\Flood_AI_Dataset\05_S1GFloods\Label\image_3793.png,55.0278,2
image_3468.png,c:\Users\HP\OneDrive\Desktop\Flood_AI_Dataset\05_S1GFloods\A\image_3468.png,c:\Users\HP\OneDrive\Desktop\Flood_AI_Dataset\05_S1GFloods\B\image_3468.png,c:\Users\HP\OneDrive\Desktop\Flood_AI_Dataset\05_S1GFloods\Label\image_3468.png,8.4122,1
image_2000.png,c:\Users\HP\OneDrive\Desktop\Flood_AI_Dataset\05_S1GFloods\A\image_2000.png,c:\Users\HP\OneDrive\Desktop\Flood_AI_Dataset\05_S1GFloods\B\image_2000.png,c:\Users\HP\OneDrive\Desktop\Flood_AI_Dataset\05_S1GFloods\Label\image_2000.png,8.1238,1
image_1215.png,c:\Users\HP\OneDrive\Desktop\Flood_AI_Dataset\05_S1GFloods\A\image_1215.png,c:\Users\HP\OneDrive\Desktop\Flood_AI_Dataset\05_S1GFloods\B\image_1215.png,c:\Users\HP\OneDrive\Desktop\Flood_AI_Dataset\05_S1GFloods\Label\image_1215.png,6.4575,1
image_1272.png,c:\Users\HP\OneDrive\Desktop\Flood_AI_Dataset\05_S1GFloods\A\image_1272.png,c:\Users\HP\OneDrive\Desktop\Flood_AI_Dataset\05_S1GFloods\B\image_1272.png,c:\Users\HP\OneDrive\Desktop\Flood_AI_Dataset\05_S1GFloods\Label\image_1272.png,74.2538,2
image_3251.png,c:\Users\HP\OneDrive\Desktop\Flood_AI_Dataset\05_S1GFloods\A\image_3251.png,c:\Users\HP\OneDrive\Desktop\Flood_AI_Dataset\05_S1GFloods\B\image_3251.png,c:\Users\HP\OneDrive\Desktop\Flood_AI_Dataset\05_S1GFloods\Label\image_3251.png,19.7922,2
image_2190.png,c:\Users\HP\OneDrive\Desktop\Flood_AI_Dataset\05_S1GFloods\A\image_2190.png,c:\Users\HP\OneDrive\Desktop\Flood_AI_Dataset\05_S1GFloods\B\image_2190.png,c:\Users\HP\OneDrive\Desktop\Flood_AI_Dataset\05_S1GFloods\Label\image_2190.png,19.664,2
image_2141.png,c:\Users\HP\OneDrive\Desktop\Flood_AI_Dataset\05_S1GFloods\A\image_2141.png,c:\Users\HP\OneDrive\Desktop\Flood_AI_Dataset\05_S1GFloods\B\image_2141.png,c:\Users\HP\OneDrive\Desktop\Flood_AI_Dataset\05_S1GFloods\Label\image_2141.png,9.3063,1
image_1043.png,c:\Users\HP\OneDrive\Desktop\Flood_AI_Dataset\05_S1GFloods\A\image_1043.png,c:\Users\HP\OneDrive\Desktop\Flood_AI_Dataset\05_S1GFloods\B\image_1043.png,c:\Users\HP\OneDrive\Desktop\Flood_AI_Dataset\05_S1GFloods\Label\image_1043.png,63.6093,2
image_2475.png,c:\Users\HP\OneDrive\Desktop\Flood_AI_Dataset\05_S1GFloods\A\image_2475.png,c:\Users\HP\OneDrive\Desktop\Flood_AI_Dataset\05_S1GFloods\B\image_2475.png,c:\Users\HP\OneDrive\Desktop\Flood_AI_Dataset\05_S1GFloods\Label\image_2475.png,9.5032,1
image_201.png,c:\Users\HP\OneDrive\Desktop\Flood_AI_Dataset\05_S1GFloods\A\image_201.png,c:\Users\HP\OneDrive\Desktop\Flood_AI_Dataset\05_S1GFloods\B\image_201.png,c:\Users\HP\OneDrive\Desktop\Flood_AI_Dataset\05_S1GFloods\Label\image_201.png,64.1022,2
image_1951.png,c:\Users\HP\OneDrive\Desktop\Flood_AI_Dataset\05_S1GFloods\A\image_1951.png,c:\Users\HP\OneDrive\Desktop\Flood_AI_Dataset\05_S1GFloods\B\image_1951.png,c:\Users\HP\OneDrive\Desktop\Flood_AI_Dataset\05_S1GFloods\Label\image_1951.png,6.0883,1
image_3391.png,c:\Users\HP\OneDrive\Desktop\Flood_AI_Dataset\05_S1GFloods\A\image_3391.png,c:\Users\HP\OneDrive\Desktop\Flood_AI_Dataset\05_S1GFloods\B\image_3391.png,c:\Users\HP\OneDrive\Desktop\Flood_AI_Dataset\05_S1GFloods\Label\image_3391.png,13.327,2
image_1340.png,c:\Users\HP\OneDrive\Desktop\Flood_AI_Dataset\05_S1GFloods\A\image_1340.png,c:\Users\HP\OneDrive\Desktop\Flood_AI_Dataset\05_S1GFloods\B\image_1340.png,c:\Users\HP\OneDrive\Desktop\Flood_AI_Dataset\05_S1GFloods\Label\image_1340.png,18.1137,2
image_5039.png,c:\Users\HP\OneDrive\Desktop\Flood_AI_Dataset\05_S1GFloods\A\image_5039.png,c:\Users\HP\OneDrive\Desktop\Flood_AI_Dataset\05_S1GFloods\B\image_5039.png,c:\Users\HP\OneDrive\Desktop\Flood_AI_Dataset\05_S1GFloods\Label\image_5039.png,11.9919,2
image_2121.png,c:\Users\HP\OneDrive\Desktop\Flood_AI_Dataset\05_S1GFloods\A\image_2121.png,c:\Users\HP\OneDrive\Desktop\Flood_AI_Dataset\05_S1GFloods\B\image_2121.png,c:\Users\HP\OneDrive\Desktop\Flood_AI_Dataset\05_S1GFloods\Label\image_2121.png,7.3166,1
image_3537.png,c:\Users\HP\OneDrive\Desktop\Flood_AI_Dataset\05_S1GFloods\A\image_3537.png,c:\Users\HP\OneDrive\Desktop\Flood_AI_Dataset\05_S1GFloods\B\image_3537.png,c:\Users\HP\OneDrive\Desktop\Flood_AI_Dataset\05_S1GFloods\Label\image_3537.png,54.4693,2
image_2182.png,c:\Users\HP\OneDrive\Desktop\Flood_AI_Dataset\05_S1GFloods\A\image_2182.png,c:\Users\HP\OneDrive\Desktop\Flood_AI_Dataset\05_S1GFloods\B\image_2182.png,c:\Users\HP\OneDrive\Desktop\Flood_AI_Dataset\05_S1GFloods\Label\image_2182.png,13.4262,2
image_2400.png,c:\Users\HP\OneDrive\Desktop\Flood_AI_Dataset\05_S1GFloods\A\image_2400.png,c:\Users\HP\OneDrive\Desktop\Flood_AI_Dataset\05_S1GFloods\B\image_2400.png,c:\Users\HP\OneDrive\Desktop\Flood_AI_Dataset\05_S1GFloods\Label\image_2400.png,27.4384,2
image_196.png,c:\Users\HP\OneDrive\Desktop\Flood_AI_Dataset\05_S1GFloods\A\image_196.png,c:\Users\HP\OneDrive\Desktop\Flood_AI_Dataset\05_S1GFloods\B\image_196.png,c:\Users\HP\OneDrive\Desktop\Flood_AI_Dataset\05_S1GFloods\Label\image_196.png,79.3884,2
image_4264.png,c:\Users\HP\OneDrive\Desktop\Flood_AI_Dataset\05_S1GFloods\A\image_4264.png,c:\Users\HP\OneDrive\Desktop\Flood_AI_Dataset\05_S1GFloods\B\image_4264.png,c:\Users\HP\OneDrive\Desktop\Flood_AI_Dataset\05_S1GFloods\Label\image_4264.png,25.676,2
image_5040.png,c:\Users\HP\OneDrive\Desktop\Flood_AI_Dataset\05_S1GFloods\A\image_5040.png,c:\Users\HP\OneDrive\Desktop\Flood_AI_Dataset\05_S1GFloods\B\image_5040.png,c:\Users\HP\OneDrive\Desktop\Flood_AI_Dataset\05_S1GFloods\Label\image_5040.png,19.7952,2
image_55.png,c:\Users\HP\OneDrive\Desktop\Flood_AI_Dataset\05_S1GFloods\A\image_55.png,c:\Users\HP\OneDrive\Desktop\Flood_AI_Dataset\05_S1GFloods\B\image_55.png,c:\Users\HP\OneDrive\Desktop\Flood_AI_Dataset\05_S1GFloods\Label\image_55.png,47.2961,2
image_4619.png,c:\Users\HP\OneDrive\Desktop\Flood_AI_Dataset\05_S1GFloods\A\image_4619.png,c:\Users\HP\OneDrive\Desktop\Flood_AI_Dataset\05_S1GFloods\B\image_4619.png,c:\Users\HP\OneDrive\Desktop\Flood_AI_Dataset\05_S1GFloods\Label\image_4619.png,74.3546,2
image_3885.png,c:\Users\HP\OneDrive\Desktop\Flood_AI_Dataset\05_S1GFloods\A\image_3885.png,c:\Users\HP\OneDrive\Desktop\Flood_AI_Dataset\05_S1GFloods\B\image_3885.png,c:\Users\HP\OneDrive\Desktop\Flood_AI_Dataset\05_S1GFloods\Label\image_3885.png,71.3394,2
image_1180.png,c:\Users\HP\OneDrive\Desktop\Flood_AI_Dataset\05_S1GFloods\A\image_1180.png,c:\Users\HP\OneDrive\Desktop\Flood_AI_Dataset\05_S1GFloods\B\image_1180.png,c:\Users\HP\OneDrive\Desktop\Flood_AI_Dataset\05_S1GFloods\Label\image_1180.png,56.9275,2
image_4439.png,c:\Users\HP\OneDrive\Desktop\Flood_AI_Dataset\05_S1GFloods\A\image_4439.png,c:\Users\HP\OneDrive\Desktop\Flood_AI_Dataset\05_S1GFloods\B\image_4439.png,c:\Users\HP\OneDrive\Desktop\Flood_AI_Dataset\05_S1GFloods\Label\image_4439.png,87.2757,2
image_3778.png,c:\Users\HP\OneDrive\Desktop\Flood_AI_Dataset\05_S1GFloods\A\image_3778.png,c:\Users\HP\OneDrive\Desktop\Flood_AI_Dataset\05_S1GFloods\B\image_3778.png,c:\Users\HP\OneDrive\Desktop\Flood_AI_Dataset\05_S1GFloods\Label\image_3778.png,17.5552,2
image_1274.png,c:\Users\HP\OneDrive\Desktop\Flood_AI_Dataset\05_S1GFloods\A\image_1274.png,c:\Users\HP\OneDrive\Desktop\Flood_AI_Dataset\05_S1GFloods\B\image_1274.png,c:\Users\HP\OneDrive\Desktop\Flood_AI_Dataset\05_S1GFloods\Label\image_1274.png,26.889,2
image_1519.png,c:\Users\HP\OneDrive\Desktop\Flood_AI_Dataset\05_S1GFloods\A\image_1519.png,c:\Users\HP\OneDrive\Desktop\Flood_AI_Dataset\05_S1GFloods\B\image_1519.png,c:\Users\HP\OneDrive\Desktop\Flood_AI_Dataset\05_S1GFloods\Label\image_1519.png,12.9623,2
image_1317.png,c:\Users\HP\OneDrive\Desktop\Flood_AI_Dataset\05_S1GFloods\A\image_1317.png,c:\Users\HP\OneDrive\Desktop\Flood_AI_Dataset\05_S1GFloods\B\image_1317.png,c:\Users\HP\OneDrive\Desktop\Flood_AI_Dataset\05_S1GFloods\Label\image_1317.png,12.4084,2
image_4234.png,c:\Users\HP\OneDrive\Desktop\Flood_AI_Dataset\05_S1GFloods\A\image_4234.png,c:\Users\HP\OneDrive\Desktop\Flood_AI_Dataset\05_S1GFloods\B\image_4234.png,c:\Users\HP\OneDrive\Desktop\Flood_AI_Dataset\05_S1GFloods\Label\image_4234.png,10.3668,2
image_252.png,c:\Users\HP\OneDrive\Desktop\Flood_AI_Dataset\05_S1GFloods\A\image_252.png,c:\Users\HP\OneDrive\Desktop\Flood_AI_Dataset\05_S1GFloods\B\image_252.png,c:\Users\HP\OneDrive\Desktop\Flood_AI_Dataset\05_S1GFloods\Label\image_252.png,5.1376,1
image_2034.png,c:\Users\HP\OneDrive\Desktop\Flood_AI_Dataset\05_S1GFloods\A\image_2034.png,c:\Users\HP\OneDrive\Desktop\Flood_AI_Dataset\05_S1GFloods\B\image_2034.png,c:\Users\HP\OneDrive\Desktop\Flood_AI_Dataset\05_S1GFloods\Label\image_2034.png,8.8867,1
image_5017.png,c:\Users\HP\OneDrive\Desktop\Flood_AI_Dataset\05_S1GFloods\A\image_5017.png,c:\Users\HP\OneDrive\Desktop\Flood_AI_Dataset\05_S1GFloods\B\image_5017.png,c:\Users\HP\OneDrive\Desktop\Flood_AI_Dataset\05_S1GFloods\Label\image_5017.png,9.5016,1
image_3181.png,c:\Users\HP\OneDrive\Desktop\Flood_AI_Dataset\05_S1GFloods\A\image_3181.png,c:\Users\HP\OneDrive\Desktop\Flood_AI_Dataset\05_S1GFloods\B\image_3181.png,c:\Users\HP\OneDrive\Desktop\Flood_AI_Dataset\05_S1GFloods\Label\image_3181.png,22.3923,2
image_4376.png,c:\Users\HP\OneDrive\Desktop\Flood_AI_Dataset\05_S1GFloods\A\image_4376.png,c:\Users\HP\OneDrive\Desktop\Flood_AI_Dataset\05_S1GFloods\B\image_4376.png,c:\Users\HP\OneDrive\Desktop\Flood_AI_Dataset\05_S1GFloods\Label\image_4376.png,49.0341,2
image_3475.png,c:\Users\HP\OneDrive\Desktop\Flood_AI_Dataset\05_S1GFloods\A\image_3475.png,c:\Users\HP\OneDrive\Desktop\Flood_AI_Dataset\05_S1GFloods\B\image_3475.png,c:\Users\HP\OneDrive\Desktop\Flood_AI_Dataset\05_S1GFloods\Label\image_3475.png,15.4785,2
image_3075.png,c:\Users\HP\OneDrive\Desktop\Flood_AI_Dataset\05_S1GFloods\A\image_3075.png,c:\Users\HP\OneDrive\Desktop\Flood_AI_Dataset\05_S1GFloods\B\image_3075.png,c:\Users\HP\OneDrive\Desktop\Flood_AI_Dataset\05_S1GFloods\Label\image_3075.png,5.6595,1
image_20.png,c:\Users\HP\OneDrive\Desktop\Flood_AI_Dataset\05_S1GFloods\A\image_20.png,c:\Users\HP\OneDrive\Desktop\Flood_AI_Dataset\05_S1GFloods\B\image_20.png,c:\Users\HP\OneDrive\Desktop\Flood_AI_Dataset\05_S1GFloods\Label\image_20.png,27.7481,2
image_1642.png,c:\Users\HP\OneDrive\Desktop\Flood_AI_Dataset\05_S1GFloods\A\image_1642.png,c:\Users\HP\OneDrive\Desktop\Flood_AI_Dataset\05_S1GFloods\B\image_1642.png,c:\Users\HP\OneDrive\Desktop\Flood_AI_Dataset\05_S1GFloods\Label\image_1642.png,22.7188,2
image_3982.png,c:\Users\HP\OneDrive\Desktop\Flood_AI_Dataset\05_S1GFloods\A\image_3982.png,c:\Users\HP\OneDrive\Desktop\Flood_AI_Dataset\05_S1GFloods\B\image_3982.png,c:\Users\HP\OneDrive\Desktop\Flood_AI_Dataset\05_S1GFloods\Label\image_3982.png,97.0398,2
image_3893.png,c:\Users\HP\OneDrive\Desktop\Flood_AI_Dataset\05_S1GFloods\A\image_3893.png,c:\Users\HP\OneDrive\Desktop\Flood_AI_Dataset\05_S1GFloods\B\image_3893.png,c:\Users\HP\OneDrive\Desktop\Flood_AI_Dataset\05_S1GFloods\Label\image_3893.png,7.373,1
image_3860.png,c:\Users\HP\OneDrive\Desktop\Flood_AI_Dataset\05_S1GFloods\A\image_3860.png,c:\Users\HP\OneDrive\Desktop\Flood_AI_Dataset\05_S1GFloods\B\image_3860.png,c:\Users\HP\OneDrive\Desktop\Flood_AI_Dataset\05_S1GFloods\Label\image_3860.png,68.2297,2
image_4944.png,c:\Users\HP\OneDrive\Desktop\Flood_AI_Dataset\05_S1GFloods\A\image_4944.png,c:\Users\HP\OneDrive\Desktop\Flood_AI_Dataset\05_S1GFloods\B\image_4944.png,c:\Users\HP\OneDrive\Desktop\Flood_AI_Dataset\05_S1GFloods\Label\image_4944.png,23.2788,2
image_3131.png,c:\Users\HP\OneDrive\Desktop\Flood_AI_Dataset\05_S1GFloods\A\image_3131.png,c:\Users\HP\OneDrive\Desktop\Flood_AI_Dataset\05_S1GFloods\B\image_3131.png,c:\Users\HP\OneDrive\Desktop\Flood_AI_Dataset\05_S1GFloods\Label\image_3131.png,19.751,2
image_1352.png,c:\Users\HP\OneDrive\Desktop\Flood_AI_Dataset\05_S1GFloods\A\image_1352.png,c:\Users\HP\OneDrive\Desktop\Flood_AI_Dataset\05_S1GFloods\B\image_1352.png,c:\Users\HP\OneDrive\Desktop\Flood_AI_Dataset\05_S1GFloods\Label\image_1352.png,46.3348,2
image_1413.png,c:\Users\HP\OneDrive\Desktop\Flood_AI_Dataset\05_S1GFloods\A\image_1413.png,c:\Users\HP\OneDrive\Desktop\Flood_AI_Dataset\05_S1GFloods\B\image_1413.png,c:\Users\HP\OneDrive\Desktop\Flood_AI_Dataset\05_S1GFloods\Label\image_1413.png,18.2587,2
image_2506.png,c:\Users\HP\OneDrive\Desktop\Flood_AI_Dataset\05_S1GFloods\A\image_2506.png,c:\Users\HP\OneDrive\Desktop\Flood_AI_Dataset\05_S1GFloods\B\image_2506.png,c:\Users\HP\OneDrive\Desktop\Flood_AI_Dataset\05_S1GFloods\Label\image_2506.png,30.983,2
image_5325.png,c:\Users\HP\OneDrive\Desktop\Flood_AI_Dataset\05_S1GFloods\A\image_5325.png,c:\Users\HP\OneDrive\Desktop\Flood_AI_Dataset\05_S1GFloods\B\image_5325.png,c:\Users\HP\OneDrive\Desktop\Flood_AI_Dataset\05_S1GFloods\Label\image_5325.png,25.2853,2
image_2471.png,c:\Users\HP\OneDrive\Desktop\Flood_AI_Dataset\05_S1GFloods\A\image_2471.png,c:\Users\HP\OneDrive\Desktop\Flood_AI_Dataset\05_S1GFloods\B\image_2471.png,c:\Users\HP\OneDrive\Desktop\Flood_AI_Dataset\05_S1GFloods\Label\image_2471.png,9.4574,1
image_2463.png,c:\Users\HP\OneDrive\Desktop\Flood_AI_Dataset\05_S1GFloods\A\image_2463.png,c:\Users\HP\OneDrive\Desktop\Flood_AI_Dataset\05_S1GFloods\B\image_2463.png,c:\Users\HP\OneDrive\Desktop\Flood_AI_Dataset\05_S1GFloods\Label\image_2463.png,13.1012,2
image_2696.png,c:\Users\HP\OneDrive\Desktop\Flood_AI_Dataset\05_S1GFloods\A\image_2696.png,c:\Users\HP\OneDrive\Desktop\Flood_AI_Dataset\05_S1GFloods\B\image_2696.png,c:\Users\HP\OneDrive\Desktop\Flood_AI_Dataset\05_S1GFloods\Label\image_2696.png,17.0517,2
image_5335.png,c:\Users\HP\OneDrive\Desktop\Flood_AI_Dataset\05_S1GFloods\A\image_5335.png,c:\Users\HP\OneDrive\Desktop\Flood_AI_Dataset\05_S1GFloods\B\image_5335.png,c:\Users\HP\OneDrive\Desktop\Flood_AI_Dataset\05_S1GFloods\Label\image_5335.png,26.8631,2
image_2130.png,c:\Users\HP\OneDrive\Desktop\Flood_AI_Dataset\05_S1GFloods\A\image_2130.png,c:\Users\HP\OneDrive\Desktop\Flood_AI_Dataset\05_S1GFloods\B\image_2130.png,c:\Users\HP\OneDrive\Desktop\Flood_AI_Dataset\05_S1GFloods\Label\image_2130.png,9.2178,1
image_4090.png,c:\Users\HP\OneDrive\Desktop\Flood_AI_Dataset\05_S1GFloods\A\image_4090.png,c:\Users\HP\OneDrive\Desktop\Flood_AI_Dataset\05_S1GFloods\B\image_4090.png,c:\Users\HP\OneDrive\Desktop\Flood_AI_Dataset\05_S1GFloods\Label\image_4090.png,51.8799,2
image_1079.png,c:\Users\HP\OneDrive\Desktop\Flood_AI_Dataset\05_S1GFloods\A\image_1079.png,c:\Users\HP\OneDrive\Desktop\Flood_AI_Dataset\05_S1GFloods\B\image_1079.png,c:\Users\HP\OneDrive\Desktop\Flood_AI_Dataset\05_S1GFloods\Label\image_1079.png,81.041,2
image_2402.png,c:\Users\HP\OneDrive\Desktop\Flood_AI_Dataset\05_S1GFloods\A\image_2402.png,c:\Users\HP\OneDrive\Desktop\Flood_AI_Dataset\05_S1GFloods\B\image_2402.png,c:\Users\HP\OneDrive\Desktop\Flood_AI_Dataset\05_S1GFloods\Label\image_2402.png,10.5515,2
image_3591.png,c:\Users\HP\OneDrive\Desktop\Flood_AI_Dataset\05_S1GFloods\A\image_3591.png,c:\Users\HP\OneDrive\Desktop\Flood_AI_Dataset\05_S1GFloods\B\image_3591.png,c:\Users\HP\OneDrive\Desktop\Flood_AI_Dataset\05_S1GFloods\Label\image_3591.png,39.4562,2
image_955.png,c:\Users\HP\OneDrive\Desktop\Flood_AI_Dataset\05_S1GFloods\A\image_955.png,c:\Users\HP\OneDrive\Desktop\Flood_AI_Dataset\05_S1GFloods\B\image_955.png,c:\Users\HP\OneDrive\Desktop\Flood_AI_Dataset\05_S1GFloods\Label\image_955.png,73.2407,2
image_1287.png,c:\Users\HP\OneDrive\Desktop\Flood_AI_Dataset\05_S1GFloods\A\image_1287.png,c:\Users\HP\OneDrive\Desktop\Flood_AI_Dataset\05_S1GFloods\B\image_1287.png,c:\Users\HP\OneDrive\Desktop\Flood_AI_Dataset\05_S1GFloods\Label\image_1287.png,25.5829,2
image_1913.png,c:\Users\HP\OneDrive\Desktop\Flood_AI_Dataset\05_S1GFloods\A\image_1913.png,c:\Users\HP\OneDrive\Desktop\Flood_AI_Dataset\05_S1GFloods\B\image_1913.png,c:\Users\HP\OneDrive\Desktop\Flood_AI_Dataset\05_S1GFloods\Label\image_1913.png,12.8571,2
image_962.png,c:\Users\HP\OneDrive\Desktop\Flood_AI_Dataset\05_S1GFloods\A\image_962.png,c:\Users\HP\OneDrive\Desktop\Flood_AI_Dataset\05_S1GFloods\B\image_962.png,c:\Users\HP\OneDrive\Desktop\Flood_AI_Dataset\05_S1GFloods\Label\image_962.png,56.366,2
image_2590.png,c:\Users\HP\OneDrive\Desktop\Flood_AI_Dataset\05_S1GFloods\A\image_2590.png,c:\Users\HP\OneDrive\Desktop\Flood_AI_Dataset\05_S1GFloods\B\image_2590.png,c:\Users\HP\OneDrive\Desktop\Flood_AI_Dataset\05_S1GFloods\Label\image_2590.png,9.6069,1
image_2259.png,c:\Users\HP\OneDrive\Desktop\Flood_AI_Dataset\05_S1GFloods\A\image_2259.png,c:\Users\HP\OneDrive\Desktop\Flood_AI_Dataset\05_S1GFloods\B\image_2259.png,c:\Users\HP\OneDrive\Desktop\Flood_AI_Dataset\05_S1GFloods\Label\image_2259.png,6.0715,1
image_421.png,c:\Users\HP\OneDrive\Desktop\Flood_AI_Dataset\05_S1GFloods\A\image_421.png,c:\Users\HP\OneDrive\Desktop\Flood_AI_Dataset\05_S1GFloods\B\image_421.png,c:\Users\HP\OneDrive\Desktop\Flood_AI_Dataset\05_S1GFloods\Label\image_421.png,18.4647,2
image_3618.png,c:\Users\HP\OneDrive\Desktop\Flood_AI_Dataset\05_S1GFloods\A\image_3618.png,c:\Users\HP\OneDrive\Desktop\Flood_AI_Dataset\05_S1GFloods\B\image_3618.png,c:\Users\HP\OneDrive\Desktop\Flood_AI_Dataset\05_S1GFloods\Label\image_3618.png,57.9483,2
image_2500.png,c:\Users\HP\OneDrive\Desktop\Flood_AI_Dataset\05_S1GFloods\A\image_2500.png,c:\Users\HP\OneDrive\Desktop\Flood_AI_Dataset\05_S1GFloods\B\image_2500.png,c:\Users\HP\OneDrive\Desktop\Flood_AI_Dataset\05_S1GFloods\Label\image_2500.png,13.736,2
image_2863.png,c:\Users\HP\OneDrive\Desktop\Flood_AI_Dataset\05_S1GFloods\A\image_2863.png,c:\Users\HP\OneDrive\Desktop\Flood_AI_Dataset\05_S1GFloods\B\image_2863.png,c:\Users\HP\OneDrive\Desktop\Flood_AI_Dataset\05_S1GFloods\Label\image_2863.png,7.4219,1
image_1026.png,c:\Users\HP\OneDrive\Desktop\Flood_AI_Dataset\05_S1GFloods\A\image_1026.png,c:\Users\HP\OneDrive\Desktop\Flood_AI_Dataset\05_S1GFloods\B\image_1026.png,c:\Users\HP\OneDrive\Desktop\Flood_AI_Dataset\05_S1GFloods\Label\image_1026.png,62.6831,2
image_5141.png,c:\Users\HP\OneDrive\Desktop\Flood_AI_Dataset\05_S1GFloods\A\image_5141.png,c:\Users\HP\OneDrive\Desktop\Flood_AI_Dataset\05_S1GFloods\B\image_5141.png,c:\Users\HP\OneDrive\Desktop\Flood_AI_Dataset\05_S1GFloods\Label\image_5141.png,9.9014,1
image_3583.png,c:\Users\HP\OneDrive\Desktop\Flood_AI_Dataset\05_S1GFloods\A\image_3583.png,c:\Users\HP\OneDrive\Desktop\Flood_AI_Dataset\05_S1GFloods\B\image_3583.png,c:\Users\HP\OneDrive\Desktop\Flood_AI_Dataset\05_S1GFloods\Label\image_3583.png,97.6761,2
image_971.png,c:\Users\HP\OneDrive\Desktop\Flood_AI_Dataset\05_S1GFloods\A\image_971.png,c:\Users\HP\OneDrive\Desktop\Flood_AI_Dataset\05_S1GFloods\B\image_971.png,c:\Users\HP\OneDrive\Desktop\Flood_AI_Dataset\05_S1GFloods\Label\image_971.png,21.962,2
image_3223.png,c:\Users\HP\OneDrive\Desktop\Flood_AI_Dataset\05_S1GFloods\A\image_3223.png,c:\Users\HP\OneDrive\Desktop\Flood_AI_Dataset\05_S1GFloods\B\image_3223.png,c:\Users\HP\OneDrive\Desktop\Flood_AI_Dataset\05_S1GFloods\Label\image_3223.png,24.3759,2
image_411.png,c:\Users\HP\OneDrive\Desktop\Flood_AI_Dataset\05_S1GFloods\A\image_411.png,c:\Users\HP\OneDrive\Desktop\Flood_AI_Dataset\05_S1GFloods\B\image_411.png,c:\Users\HP\OneDrive\Desktop\Flood_AI_Dataset\05_S1GFloods\Label\image_411.png,71.1548,2
image_1050.png,c:\Users\HP\OneDrive\Desktop\Flood_AI_Dataset\05_S1GFloods\A\image_1050.png,c:\Users\HP\OneDrive\Desktop\Flood_AI_Dataset\05_S1GFloods\B\image_1050.png,c:\Users\HP\OneDrive\Desktop\Flood_AI_Dataset\05_S1GFloods\Label\image_1050.png,65.8371,2
image_4067.png,c:\Users\HP\OneDrive\Desktop\Flood_AI_Dataset\05_S1GFloods\A\image_4067.png,c:\Users\HP\OneDrive\Desktop\Flood_AI_Dataset\05_S1GFloods\B\image_4067.png,c:\Users\HP\OneDrive\Desktop\Flood_AI_Dataset\05_S1GFloods\Label\image_4067.png,31.5292,2
image_4779.png,c:\Users\HP\OneDrive\Desktop\Flood_AI_Dataset\05_S1GFloods\A\image_4779.png,c:\Users\HP\OneDrive\Desktop\Flood_AI_Dataset\05_S1GFloods\B\image_4779.png,c:\Users\HP\OneDrive\Desktop\Flood_AI_Dataset\05_S1GFloods\Label\image_4779.png,9.1187,1
image_73.png,c:\Users\HP\OneDrive\Desktop\Flood_AI_Dataset\05_S1GFloods\A\image_73.png,c:\Users\HP\OneDrive\Desktop\Flood_AI_Dataset\05_S1GFloods\B\image_73.png,c:\Users\HP\OneDrive\Desktop\Flood_AI_Dataset\05_S1GFloods\Label\image_73.png,8.9523,1
image_333.png,c:\Users\HP\OneDrive\Desktop\Flood_AI_Dataset\05_S1GFloods\A\image_333.png,c:\Users\HP\OneDrive\Desktop\Flood_AI_Dataset\05_S1GFloods\B\image_333.png,c:\Users\HP\OneDrive\Desktop\Flood_AI_Dataset\05_S1GFloods\Label\image_333.png,17.9916,2
image_3780.png,c:\Users\HP\OneDrive\Desktop\Flood_AI_Dataset\05_S1GFloods\A\image_3780.png,c:\Users\HP\OneDrive\Desktop\Flood_AI_Dataset\05_S1GFloods\B\image_3780.png,c:\Users\HP\OneDrive\Desktop\Flood_AI_Dataset\05_S1GFloods\Label\image_3780.png,5.4932,1
image_4759.png,c:\Users\HP\OneDrive\Desktop\Flood_AI_Dataset\05_S1GFloods\A\image_4759.png,c:\Users\HP\OneDrive\Desktop\Flood_AI_Dataset\05_S1GFloods\B\image_4759.png,c:\Users\HP\OneDrive\Desktop\Flood_AI_Dataset\05_S1GFloods\Label\image_4759.png,55.3116,2
image_3569.png,c:\Users\HP\OneDrive\Desktop\Flood_AI_Dataset\05_S1GFloods\A\image_3569.png,c:\Users\HP\OneDrive\Desktop\Flood_AI_Dataset\05_S1GFloods\B\image_3569.png,c:\Users\HP\OneDrive\Desktop\Flood_AI_Dataset\05_S1GFloods\Label\image_3569.png,98.0515,2
image_5120.png,c:\Users\HP\OneDrive\Desktop\Flood_AI_Dataset\05_S1GFloods\A\image_5120.png,c:\Users\HP\OneDrive\Desktop\Flood_AI_Dataset\05_S1GFloods\B\image_5120.png,c:\Users\HP\OneDrive\Desktop\Flood_AI_Dataset\05_S1GFloods\Label\image_5120.png,20.6055,2
image_3249.png,c:\Users\HP\OneDrive\Desktop\Flood_AI_Dataset\05_S1GFloods\A\image_3249.png,c:\Users\HP\OneDrive\Desktop\Flood_AI_Dataset\05_S1GFloods\B\image_3249.png,c:\Users\HP\OneDrive\Desktop\Flood_AI_Dataset\05_S1GFloods\Label\image_3249.png,5.3741,1
image_2435.png,c:\Users\HP\OneDrive\Desktop\Flood_AI_Dataset\05_S1GFloods\A\image_2435.png,c:\Users\HP\OneDrive\Desktop\Flood_AI_Dataset\05_S1GFloods\B\image_2435.png,c:\Users\HP\OneDrive\Desktop\Flood_AI_Dataset\05_S1GFloods\Label\image_2435.png,7.0435,1
image_2219.png,c:\Users\HP\OneDrive\Desktop\Flood_AI_Dataset\05_S1GFloods\A\image_2219.png,c:\Users\HP\OneDrive\Desktop\Flood_AI_Dataset\05_S1GFloods\B\image_2219.png,c:\Users\HP\OneDrive\Desktop\Flood_AI_Dataset\05_S1GFloods\Label\image_2219.png,13.2797,2
image_2303.png,c:\Users\HP\OneDrive\Desktop\Flood_AI_Dataset\05_S1GFloods\A\image_2303.png,c:\Users\HP\OneDrive\Desktop\Flood_AI_Dataset\05_S1GFloods\B\image_2303.png,c:\Users\HP\OneDrive\Desktop\Flood_AI_Dataset\05_S1GFloods\Label\image_2303.png,5.5466,1
image_3401.png,c:\Users\HP\OneDrive\Desktop\Flood_AI_Dataset\05_S1GFloods\A\image_3401.png,c:\Users\HP\OneDrive\Desktop\Flood_AI_Dataset\05_S1GFloods\B\image_3401.png,c:\Users\HP\OneDrive\Desktop\Flood_AI_Dataset\05_S1GFloods\Label\image_3401.png,28.9917,2
image_44.png,c:\Users\HP\OneDrive\Desktop\Flood_AI_Dataset\05_S1GFloods\A\image_44.png,c:\Users\HP\OneDrive\Desktop\Flood_AI_Dataset\05_S1GFloods\B\image_44.png,c:\Users\HP\OneDrive\Desktop\Flood_AI_Dataset\05_S1GFloods\Label\image_44.png,29.0543,2
image_964.png,c:\Users\HP\OneDrive\Desktop\Flood_AI_Dataset\05_S1GFloods\A\image_964.png,c:\Users\HP\OneDrive\Desktop\Flood_AI_Dataset\05_S1GFloods\B\image_964.png,c:\Users\HP\OneDrive\Desktop\Flood_AI_Dataset\05_S1GFloods\Label\image_964.png,60.2234,2
image_5289.png,c:\Users\HP\OneDrive\Desktop\Flood_AI_Dataset\05_S1GFloods\A\image_5289.png,c:\Users\HP\OneDrive\Desktop\Flood_AI_Dataset\05_S1GFloods\B\image_5289.png,c:\Users\HP\OneDrive\Desktop\Flood_AI_Dataset\05_S1GFloods\Label\image_5289.png,13.9542,2
image_4708.png,c:\Users\HP\OneDrive\Desktop\Flood_AI_Dataset\05_S1GFloods\A\image_4708.png,c:\Users\HP\OneDrive\Desktop\Flood_AI_Dataset\05_S1GFloods\B\image_4708.png,c:\Users\HP\OneDrive\Desktop\Flood_AI_Dataset\05_S1GFloods\Label\image_4708.png,12.3672,2
image_4958.png,c:\Users\HP\OneDrive\Desktop\Flood_AI_Dataset\05_S1GFloods\A\image_4958.png,c:\Users\HP\OneDrive\Desktop\Flood_AI_Dataset\05_S1GFloods\B\image_4958.png,c:\Users\HP\OneDrive\Desktop\Flood_AI_Dataset\05_S1GFloods\Label\image_4958.png,6.4682,1
image_808.png,c:\Users\HP\OneDrive\Desktop\Flood_AI_Dataset\05_S1GFloods\A\image_808.png,c:\Users\HP\OneDrive\Desktop\Flood_AI_Dataset\05_S1GFloods\B\image_808.png,c:\Users\HP\OneDrive\Desktop\Flood_AI_Dataset\05_S1GFloods\Label\image_808.png,88.1729,2
image_2779.png,c:\Users\HP\OneDrive\Desktop\Flood_AI_Dataset\05_S1GFloods\A\image_2779.png,c:\Users\HP\OneDrive\Desktop\Flood_AI_Dataset\05_S1GFloods\B\image_2779.png,c:\Users\HP\OneDrive\Desktop\Flood_AI_Dataset\05_S1GFloods\Label\image_2779.png,21.6599,2
image_4387.png,c:\Users\HP\OneDrive\Desktop\Flood_AI_Dataset\05_S1GFloods\A\image_4387.png,c:\Users\HP\OneDrive\Desktop\Flood_AI_Dataset\05_S1GFloods\B\image_4387.png,c:\Users\HP\OneDrive\Desktop\Flood_AI_Dataset\05_S1GFloods\Label\image_4387.png,46.8338,2
image_2962.png,c:\Users\HP\OneDrive\Desktop\Flood_AI_Dataset\05_S1GFloods\A\image_2962.png,c:\Users\HP\OneDrive\Desktop\Flood_AI_Dataset\05_S1GFloods\B\image_2962.png,c:\Users\HP\OneDrive\Desktop\Flood_AI_Dataset\05_S1GFloods\Label\image_2962.png,20.6558,2
image_2396.png,c:\Users\HP\OneDrive\Desktop\Flood_AI_Dataset\05_S1GFloods\A\image_2396.png,c:\Users\HP\OneDrive\Desktop\Flood_AI_Dataset\05_S1GFloods\B\image_2396.png,c:\Users\HP\OneDrive\Desktop\Flood_AI_Dataset\05_S1GFloods\Label\image_2396.png,5.1422,1
image_1924.png,c:\Users\HP\OneDrive\Desktop\Flood_AI_Dataset\05_S1GFloods\A\image_1924.png,c:\Users\HP\OneDrive\Desktop\Flood_AI_Dataset\05_S1GFloods\B\image_1924.png,c:\Users\HP\OneDrive\Desktop\Flood_AI_Dataset\05_S1GFloods\Label\image_1924.png,7.4432,1
image_4833.png,c:\Users\HP\OneDrive\Desktop\Flood_AI_Dataset\05_S1GFloods\A\image_4833.png,c:\Users\HP\OneDrive\Desktop\Flood_AI_Dataset\05_S1GFloods\B\image_4833.png,c:\Users\HP\OneDrive\Desktop\Flood_AI_Dataset\05_S1GFloods\Label\image_4833.png,50.3708,2
image_3758.png,c:\Users\HP\OneDrive\Desktop\Flood_AI_Dataset\05_S1GFloods\A\image_3758.png,c:\Users\HP\OneDrive\Desktop\Flood_AI_Dataset\05_S1GFloods\B\image_3758.png,c:\Users\HP\OneDrive\Desktop\Flood_AI_Dataset\05_S1GFloods\Label\image_3758.png,17.7689,2
image_661.png,c:\Users\HP\OneDrive\Desktop\Flood_AI_Dataset\05_S1GFloods\A\image_661.png,c:\Users\HP\OneDrive\Desktop\Flood_AI_Dataset\05_S1GFloods\B\image_661.png,c:\Users\HP\OneDrive\Desktop\Flood_AI_Dataset\05_S1GFloods\Label\image_661.png,9.4025,1
image_4444.png,c:\Users\HP\OneDrive\Desktop\Flood_AI_Dataset\05_S1GFloods\A\image_4444.png,c:\Users\HP\OneDrive\Desktop\Flood_AI_Dataset\05_S1GFloods\B\image_4444.png,c:\Users\HP\OneDrive\Desktop\Flood_AI_Dataset\05_S1GFloods\Label\image_4444.png,11.5799,2
image_2669.png,c:\Users\HP\OneDrive\Desktop\Flood_AI_Dataset\05_S1GFloods\A\image_2669.png,c:\Users\HP\OneDrive\Desktop\Flood_AI_Dataset\05_S1GFloods\B\image_2669.png,c:\Users\HP\OneDrive\Desktop\Flood_AI_Dataset\05_S1GFloods\Label\image_2669.png,7.2281,1
image_11.png,c:\Users\HP\OneDrive\Desktop\Flood_AI_Dataset\05_S1GFloods\A\image_11.png,c:\Users\HP\OneDrive\Desktop\Flood_AI_Dataset\05_S1GFloods\B\image_11.png,c:\Users\HP\OneDrive\Desktop\Flood_AI_Dataset\05_S1GFloods\Label\image_11.png,12.6999,2
image_3799.png,c:\Users\HP\OneDrive\Desktop\Flood_AI_Dataset\05_S1GFloods\A\image_3799.png,c:\Users\HP\OneDrive\Desktop\Flood_AI_Dataset\05_S1GFloods\B\image_3799.png,c:\Users\HP\OneDrive\Desktop\Flood_AI_Dataset\05_S1GFloods\Label\image_3799.png,15.9561,2
image_4783.png,c:\Users\HP\OneDrive\Desktop\Flood_AI_Dataset\05_S1GFloods\A\image_4783.png,c:\Users\HP\OneDrive\Desktop\Flood_AI_Dataset\05_S1GFloods\B\image_4783.png,c:\Users\HP\OneDrive\Desktop\Flood_AI_Dataset\05_S1GFloods\Label\image_4783.png,13.7955,2
image_2082.png,c:\Users\HP\OneDrive\Desktop\Flood_AI_Dataset\05_S1GFloods\A\image_2082.png,c:\Users\HP\OneDrive\Desktop\Flood_AI_Dataset\05_S1GFloods\B\image_2082.png,c:\Users\HP\OneDrive\Desktop\Flood_AI_Dataset\05_S1GFloods\Label\image_2082.png,5.6351,1
image_1122.png,c:\Users\HP\OneDrive\Desktop\Flood_AI_Dataset\05_S1GFloods\A\image_1122.png,c:\Users\HP\OneDrive\Desktop\Flood_AI_Dataset\05_S1GFloods\B\image_1122.png,c:\Users\HP\OneDrive\Desktop\Flood_AI_Dataset\05_S1GFloods\Label\image_1122.png,70.4239,2
image_1772.png,c:\Users\HP\OneDrive\Desktop\Flood_AI_Dataset\05_S1GFloods\A\image_1772.png,c:\Users\HP\OneDrive\Desktop\Flood_AI_Dataset\05_S1GFloods\B\image_1772.png,c:\Users\HP\OneDrive\Desktop\Flood_AI_Dataset\05_S1GFloods\Label\image_1772.png,17.009,2
image_2005.png,c:\Users\HP\OneDrive\Desktop\Flood_AI_Dataset\05_S1GFloods\A\image_2005.png,c:\Users\HP\OneDrive\Desktop\Flood_AI_Dataset\05_S1GFloods\B\image_2005.png,c:\Users\HP\OneDrive\Desktop\Flood_AI_Dataset\05_S1GFloods\Label\image_2005.png,9.9854,1
image_3018.png,c:\Users\HP\OneDrive\Desktop\Flood_AI_Dataset\05_S1GFloods\A\image_3018.png,c:\Users\HP\OneDrive\Desktop\Flood_AI_Dataset\05_S1GFloods\B\image_3018.png,c:\Users\HP\OneDrive\Desktop\Flood_AI_Dataset\05_S1GFloods\Label\image_3018.png,6.369,1
image_5225.png,c:\Users\HP\OneDrive\Desktop\Flood_AI_Dataset\05_S1GFloods\A\image_5225.png,c:\Users\HP\OneDrive\Desktop\Flood_AI_Dataset\05_S1GFloods\B\image_5225.png,c:\Users\HP\OneDrive\Desktop\Flood_AI_Dataset\05_S1GFloods\Label\image_5225.png,8.0643,1
image_4873.png,c:\Users\HP\OneDrive\Desktop\Flood_AI_Dataset\05_S1GFloods\A\image_4873.png,c:\Users\HP\OneDrive\Desktop\Flood_AI_Dataset\05_S1GFloods\B\image_4873.png,c:\Users\HP\OneDrive\Desktop\Flood_AI_Dataset\05_S1GFloods\Label\image_4873.png,34.3414,2
image_2613.png,c:\Users\HP\OneDrive\Desktop\Flood_AI_Dataset\05_S1GFloods\A\image_2613.png,c:\Users\HP\OneDrive\Desktop\Flood_AI_Dataset\05_S1GFloods\B\image_2613.png,c:\Users\HP\OneDrive\Desktop\Flood_AI_Dataset\05_S1GFloods\Label\image_2613.png,62.8754,2
image_1567.png,c:\Users\HP\OneDrive\Desktop\Flood_AI_Dataset\05_S1GFloods\A\image_1567.png,c:\Users\HP\OneDrive\Desktop\Flood_AI_Dataset\05_S1GFloods\B\image_1567.png,c:\Users\HP\OneDrive\Desktop\Flood_AI_Dataset\05_S1GFloods\Label\image_1567.png,17.6956,2
image_2952.png,c:\Users\HP\OneDrive\Desktop\Flood_AI_Dataset\05_S1GFloods\A\image_2952.png,c:\Users\HP\OneDrive\Desktop\Flood_AI_Dataset\05_S1GFloods\B\image_2952.png,c:\Users\HP\OneDrive\Desktop\Flood_AI_Dataset\05_S1GFloods\Label\image_2952.png,62.9364,2
image_899.png,c:\Users\HP\OneDrive\Desktop\Flood_AI_Dataset\05_S1GFloods\A\image_899.png,c:\Users\HP\OneDrive\Desktop\Flood_AI_Dataset\05_S1GFloods\B\image_899.png,c:\Users\HP\OneDrive\Desktop\Flood_AI_Dataset\05_S1GFloods\Label\image_899.png,55.8578,2
image_4836.png,c:\Users\HP\OneDrive\Desktop\Flood_AI_Dataset\05_S1GFloods\A\image_4836.png,c:\Users\HP\OneDrive\Desktop\Flood_AI_Dataset\05_S1GFloods\B\image_4836.png,c:\Users\HP\OneDrive\Desktop\Flood_AI_Dataset\05_S1GFloods\Label\image_4836.png,9.1492,1
image_5046.png,c:\Users\HP\OneDrive\Desktop\Flood_AI_Dataset\05_S1GFloods\A\image_5046.png,c:\Users\HP\OneDrive\Desktop\Flood_AI_Dataset\05_S1GFloods\B\image_5046.png,c:\Users\HP\OneDrive\Desktop\Flood_AI_Dataset\05_S1GFloods\Label\image_5046.png,69.5099,2
image_870.png,c:\Users\HP\OneDrive\Desktop\Flood_AI_Dataset\05_S1GFloods\A\image_870.png,c:\Users\HP\OneDrive\Desktop\Flood_AI_Dataset\05_S1GFloods\B\image_870.png,c:\Users\HP\OneDrive\Desktop\Flood_AI_Dataset\05_S1GFloods\Label\image_870.png,44.2276,2
image_2941.png,c:\Users\HP\OneDrive\Desktop\Flood_AI_Dataset\05_S1GFloods\A\image_2941.png,c:\Users\HP\OneDrive\Desktop\Flood_AI_Dataset\05_S1GFloods\B\image_2941.png,c:\Users\HP\OneDrive\Desktop\Flood_AI_Dataset\05_S1GFloods\Label\image_2941.png,84.5673,2
image_674.png,c:\Users\HP\OneDrive\Desktop\Flood_AI_Dataset\05_S1GFloods\A\image_674.png,c:\Users\HP\OneDrive\Desktop\Flood_AI_Dataset\05_S1GFloods\B\image_674.png,c:\Users\HP\OneDrive\Desktop\Flood_AI_Dataset\05_S1GFloods\Label\image_674.png,37.146,2
image_3747.png,c:\Users\HP\OneDrive\Desktop\Flood_AI_Dataset\05_S1GFloods\A\image_3747.png,c:\Users\HP\OneDrive\Desktop\Flood_AI_Dataset\05_S1GFloods\B\image_3747.png,c:\Users\HP\OneDrive\Desktop\Flood_AI_Dataset\05_S1GFloods\Label\image_3747.png,61.47,2
image_1126.png,c:\Users\HP\OneDrive\Desktop\Flood_AI_Dataset\05_S1GFloods\A\image_1126.png,c:\Users\HP\OneDrive\Desktop\Flood_AI_Dataset\05_S1GFloods\B\image_1126.png,c:\Users\HP\OneDrive\Desktop\Flood_AI_Dataset\05_S1GFloods\Label\image_1126.png,72.8653,2
image_1650.png,c:\Users\HP\OneDrive\Desktop\Flood_AI_Dataset\05_S1GFloods\A\image_1650.png,c:\Users\HP\OneDrive\Desktop\Flood_AI_Dataset\05_S1GFloods\B\image_1650.png,c:\Users\HP\OneDrive\Desktop\Flood_AI_Dataset\05_S1GFloods\Label\image_1650.png,8.0963,1
image_4179.png,c:\Users\HP\OneDrive\Desktop\Flood_AI_Dataset\05_S1GFloods\A\image_4179.png,c:\Users\HP\OneDrive\Desktop\Flood_AI_Dataset\05_S1GFloods\B\image_4179.png,c:\Users\HP\OneDrive\Desktop\Flood_AI_Dataset\05_S1GFloods\Label\image_4179.png,66.1316,2
image_3498.png,c:\Users\HP\OneDrive\Desktop\Flood_AI_Dataset\05_S1GFloods\A\image_3498.png,c:\Users\HP\OneDrive\Desktop\Flood_AI_Dataset\05_S1GFloods\B\image_3498.png,c:\Users\HP\OneDrive\Desktop\Flood_AI_Dataset\05_S1GFloods\Label\image_3498.png,11.2732,2
image_3519.png,c:\Users\HP\OneDrive\Desktop\Flood_AI_Dataset\05_S1GFloods\A\image_3519.png,c:\Users\HP\OneDrive\Desktop\Flood_AI_Dataset\05_S1GFloods\B\image_3519.png,c:\Users\HP\OneDrive\Desktop\Flood_AI_Dataset\05_S1GFloods\Label\image_3519.png,9.2606,1
image_2230.png,c:\Users\HP\OneDrive\Desktop\Flood_AI_Dataset\05_S1GFloods\A\image_2230.png,c:\Users\HP\OneDrive\Desktop\Flood_AI_Dataset\05_S1GFloods\B\image_2230.png,c:\Users\HP\OneDrive\Desktop\Flood_AI_Dataset\05_S1GFloods\Label\image_2230.png,14.1205,2
image_5300.png,c:\Users\HP\OneDrive\Desktop\Flood_AI_Dataset\05_S1GFloods\A\image_5300.png,c:\Users\HP\OneDrive\Desktop\Flood_AI_Dataset\05_S1GFloods\B\image_5300.png,c:\Users\HP\OneDrive\Desktop\Flood_AI_Dataset\05_S1GFloods\Label\image_5300.png,73.4985,2
image_5293.png,c:\Users\HP\OneDrive\Desktop\Flood_AI_Dataset\05_S1GFloods\A\image_5293.png,c:\Users\HP\OneDrive\Desktop\Flood_AI_Dataset\05_S1GFloods\B\image_5293.png,c:\Users\HP\OneDrive\Desktop\Flood_AI_Dataset\05_S1GFloods\Label\image_5293.png,14.1556,2
image_151.png,c:\Users\HP\OneDrive\Desktop\Flood_AI_Dataset\05_S1GFloods\A\image_151.png,c:\Users\HP\OneDrive\Desktop\Flood_AI_Dataset\05_S1GFloods\B\image_151.png,c:\Users\HP\OneDrive\Desktop\Flood_AI_Dataset\05_S1GFloods\Label\image_151.png,42.067,2
image_4605.png,c:\Users\HP\OneDrive\Desktop\Flood_AI_Dataset\05_S1GFloods\A\image_4605.png,c:\Users\HP\OneDrive\Desktop\Flood_AI_Dataset\05_S1GFloods\B\image_4605.png,c:\Users\HP\OneDrive\Desktop\Flood_AI_Dataset\05_S1GFloods\Label\image_4605.png,38.9557,2
image_3863.png,c:\Users\HP\OneDrive\Desktop\Flood_AI_Dataset\05_S1GFloods\A\image_3863.png,c:\Users\HP\OneDrive\Desktop\Flood_AI_Dataset\05_S1GFloods\B\image_3863.png,c:\Users\HP\OneDrive\Desktop\Flood_AI_Dataset\05_S1GFloods\Label\image_3863.png,16.0355,2
image_5333.png,c:\Users\HP\OneDrive\Desktop\Flood_AI_Dataset\05_S1GFloods\A\image_5333.png,c:\Users\HP\OneDrive\Desktop\Flood_AI_Dataset\05_S1GFloods\B\image_5333.png,c:\Users\HP\OneDrive\Desktop\Flood_AI_Dataset\05_S1GFloods\Label\image_5333.png,47.6074,2
image_512.png,c:\Users\HP\OneDrive\Desktop\Flood_AI_Dataset\05_S1GFloods\A\image_512.png,c:\Users\HP\OneDrive\Desktop\Flood_AI_Dataset\05_S1GFloods\B\image_512.png,c:\Users\HP\OneDrive\Desktop\Flood_AI_Dataset\05_S1GFloods\Label\image_512.png,35.1898,2
image_5139.png,c:\Users\HP\OneDrive\Desktop\Flood_AI_Dataset\05_S1GFloods\A\image_5139.png,c:\Users\HP\OneDrive\Desktop\Flood_AI_Dataset\05_S1GFloods\B\image_5139.png,c:\Users\HP\OneDrive\Desktop\Flood_AI_Dataset\05_S1GFloods\Label\image_5139.png,7.222,1
image_3405.png,c:\Users\HP\OneDrive\Desktop\Flood_AI_Dataset\05_S1GFloods\A\image_3405.png,c:\Users\HP\OneDrive\Desktop\Flood_AI_Dataset\05_S1GFloods\B\image_3405.png,c:\Users\HP\OneDrive\Desktop\Flood_AI_Dataset\05_S1GFloods\Label\image_3405.png,7.6477,1
image_112.png,c:\Users\HP\OneDrive\Desktop\Flood_AI_Dataset\05_S1GFloods\A\image_112.png,c:\Users\HP\OneDrive\Desktop\Flood_AI_Dataset\05_S1GFloods\B\image_112.png,c:\Users\HP\OneDrive\Desktop\Flood_AI_Dataset\05_S1GFloods\Label\image_112.png,81.6788,2
image_3710.png,c:\Users\HP\OneDrive\Desktop\Flood_AI_Dataset\05_S1GFloods\A\image_3710.png,c:\Users\HP\OneDrive\Desktop\Flood_AI_Dataset\05_S1GFloods\B\image_3710.png,c:\Users\HP\OneDrive\Desktop\Flood_AI_Dataset\05_S1GFloods\Label\image_3710.png,25.8179,2
image_4370.png,c:\Users\HP\OneDrive\Desktop\Flood_AI_Dataset\05_S1GFloods\A\image_4370.png,c:\Users\HP\OneDrive\Desktop\Flood_AI_Dataset\05_S1GFloods\B\image_4370.png,c:\Users\HP\OneDrive\Desktop\Flood_AI_Dataset\05_S1GFloods\Label\image_4370.png,45.8008,2
image_4249.png,c:\Users\HP\OneDrive\Desktop\Flood_AI_Dataset\05_S1GFloods\A\image_4249.png,c:\Users\HP\OneDrive\Desktop\Flood_AI_Dataset\05_S1GFloods\B\image_4249.png,c:\Users\HP\OneDrive\Desktop\Flood_AI_Dataset\05_S1GFloods\Label\image_4249.png,6.633,1
image_4526.png,c:\Users\HP\OneDrive\Desktop\Flood_AI_Dataset\05_S1GFloods\A\image_4526.png,c:\Users\HP\OneDrive\Desktop\Flood_AI_Dataset\05_S1GFloods\B\image_4526.png,c:\Users\HP\OneDrive\Desktop\Flood_AI_Dataset\05_S1GFloods\Label\image_4526.png,7.0206,1
image_2576.png,c:\Users\HP\OneDrive\Desktop\Flood_AI_Dataset\05_S1GFloods\A\image_2576.png,c:\Users\HP\OneDrive\Desktop\Flood_AI_Dataset\05_S1GFloods\B\image_2576.png,c:\Users\HP\OneDrive\Desktop\Flood_AI_Dataset\05_S1GFloods\Label\image_2576.png,69.6671,2
image_2328.png,c:\Users\HP\OneDrive\Desktop\Flood_AI_Dataset\05_S1GFloods\A\image_2328.png,c:\Users\HP\OneDrive\Desktop\Flood_AI_Dataset\05_S1GFloods\B\image_2328.png,c:\Users\HP\OneDrive\Desktop\Flood_AI_Dataset\05_S1GFloods\Label\image_2328.png,20.4422,2
image_2581.png,c:\Users\HP\OneDrive\Desktop\Flood_AI_Dataset\05_S1GFloods\A\image_2581.png,c:\Users\HP\OneDrive\Desktop\Flood_AI_Dataset\05_S1GFloods\B\image_2581.png,c:\Users\HP\OneDrive\Desktop\Flood_AI_Dataset\05_S1GFloods\Label\image_2581.png,5.928,1
image_149.png,c:\Users\HP\OneDrive\Desktop\Flood_AI_Dataset\05_S1GFloods\A\image_149.png,c:\Users\HP\OneDrive\Desktop\Flood_AI_Dataset\05_S1GFloods\B\image_149.png,c:\Users\HP\OneDrive\Desktop\Flood_AI_Dataset\05_S1GFloods\Label\image_149.png,9.7336,1
image_3197.png,c:\Users\HP\OneDrive\Desktop\Flood_AI_Dataset\05_S1GFloods\A\image_3197.png,c:\Users\HP\OneDrive\Desktop\Flood_AI_Dataset\05_S1GFloods\B\image_3197.png,c:\Users\HP\OneDrive\Desktop\Flood_AI_Dataset\05_S1GFloods\Label\image_3197.png,9.9792,1
image_566.png,c:\Users\HP\OneDrive\Desktop\Flood_AI_Dataset\05_S1GFloods\A\image_566.png,c:\Users\HP\OneDrive\Desktop\Flood_AI_Dataset\05_S1GFloods\B\image_566.png,c:\Users\HP\OneDrive\Desktop\Flood_AI_Dataset\05_S1GFloods\Label\image_566.png,11.7111,2
image_2221.png,c:\Users\HP\OneDrive\Desktop\Flood_AI_Dataset\05_S1GFloods\A\image_2221.png,c:\Users\HP\OneDrive\Desktop\Flood_AI_Dataset\05_S1GFloods\B\image_2221.png,c:\Users\HP\OneDrive\Desktop\Flood_AI_Dataset\05_S1GFloods\Label\image_2221.png,41.745,2
image_684.png,c:\Users\HP\OneDrive\Desktop\Flood_AI_Dataset\05_S1GFloods\A\image_684.png,c:\Users\HP\OneDrive\Desktop\Flood_AI_Dataset\05_S1GFloods\B\image_684.png,c:\Users\HP\OneDrive\Desktop\Flood_AI_Dataset\05_S1GFloods\Label\image_684.png,98.9502,2
image_1846.png,c:\Users\HP\OneDrive\Desktop\Flood_AI_Dataset\05_S1GFloods\A\image_1846.png,c:\Users\HP\OneDrive\Desktop\Flood_AI_Dataset\05_S1GFloods\B\image_1846.png,c:\Users\HP\OneDrive\Desktop\Flood_AI_Dataset\05_S1GFloods\Label\image_1846.png,12.2345,2
image_1834.png,c:\Users\HP\OneDrive\Desktop\Flood_AI_Dataset\05_S1GFloods\A\image_1834.png,c:\Users\HP\OneDrive\Desktop\Flood_AI_Dataset\05_S1GFloods\B\image_1834.png,c:\Users\HP\OneDrive\Desktop\Flood_AI_Dataset\05_S1GFloods\Label\image_1834.png,7.2037,1
image_2001.png,c:\Users\HP\OneDrive\Desktop\Flood_AI_Dataset\05_S1GFloods\A\image_2001.png,c:\Users\HP\OneDrive\Desktop\Flood_AI_Dataset\05_S1GFloods\B\image_2001.png,c:\Users\HP\OneDrive\Desktop\Flood_AI_Dataset\05_S1GFloods\Label\image_2001.png,11.3129,2
image_3576.png,c:\Users\HP\OneDrive\Desktop\Flood_AI_Dataset\05_S1GFloods\A\image_3576.png,c:\Users\HP\OneDrive\Desktop\Flood_AI_Dataset\05_S1GFloods\B\image_3576.png,c:\Users\HP\OneDrive\Desktop\Flood_AI_Dataset\05_S1GFloods\Label\image_3576.png,5.0629,1
image_2213.png,c:\Users\HP\OneDrive\Desktop\Flood_AI_Dataset\05_S1GFloods\A\image_2213.png,c:\Users\HP\OneDrive\Desktop\Flood_AI_Dataset\05_S1GFloods\B\image_2213.png,c:\Users\HP\OneDrive\Desktop\Flood_AI_Dataset\05_S1GFloods\Label\image_2213.png,9.5215,1
image_2195.png,c:\Users\HP\OneDrive\Desktop\Flood_AI_Dataset\05_S1GFloods\A\image_2195.png,c:\Users\HP\OneDrive\Desktop\Flood_AI_Dataset\05_S1GFloods\B\image_2195.png,c:\Users\HP\OneDrive\Desktop\Flood_AI_Dataset\05_S1GFloods\Label\image_2195.png,11.8134,2
image_559.png,c:\Users\HP\OneDrive\Desktop\Flood_AI_Dataset\05_S1GFloods\A\image_559.png,c:\Users\HP\OneDrive\Desktop\Flood_AI_Dataset\05_S1GFloods\B\image_559.png,c:\Users\HP\OneDrive\Desktop\Flood_AI_Dataset\05_S1GFloods\Label\image_559.png,96.3852,2
image_1374.png,c:\Users\HP\OneDrive\Desktop\Flood_AI_Dataset\05_S1GFloods\A\image_1374.png,c:\Users\HP\OneDrive\Desktop\Flood_AI_Dataset\05_S1GFloods\B\image_1374.png,c:\Users\HP\OneDrive\Desktop\Flood_AI_Dataset\05_S1GFloods\Label\image_1374.png,56.2241,2
image_1679.png,c:\Users\HP\OneDrive\Desktop\Flood_AI_Dataset\05_S1GFloods\A\image_1679.png,c:\Users\HP\OneDrive\Desktop\Flood_AI_Dataset\05_S1GFloods\B\image_1679.png,c:\Users\HP\OneDrive\Desktop\Flood_AI_Dataset\05_S1GFloods\Label\image_1679.png,5.925,1
image_46.png,c:\Users\HP\OneDrive\Desktop\Flood_AI_Dataset\05_S1GFloods\A\image_46.png,c:\Users\HP\OneDrive\Desktop\Flood_AI_Dataset\05_S1GFloods\B\image_46.png,c:\Users\HP\OneDrive\Desktop\Flood_AI_Dataset\05_S1GFloods\Label\image_46.png,46.2463,2
image_2793.png,c:\Users\HP\OneDrive\Desktop\Flood_AI_Dataset\05_S1GFloods\A\image_2793.png,c:\Users\HP\OneDrive\Desktop\Flood_AI_Dataset\05_S1GFloods\B\image_2793.png,c:\Users\HP\OneDrive\Desktop\Flood_AI_Dataset\05_S1GFloods\Label\image_2793.png,15.9485,2
image_2403.png,c:\Users\HP\OneDrive\Desktop\Flood_AI_Dataset\05_S1GFloods\A\image_2403.png,c:\Users\HP\OneDrive\Desktop\Flood_AI_Dataset\05_S1GFloods\B\image_2403.png,c:\Users\HP\OneDrive\Desktop\Flood_AI_Dataset\05_S1GFloods\Label\image_2403.png,19.8257,2
image_2466.png,c:\Users\HP\OneDrive\Desktop\Flood_AI_Dataset\05_S1GFloods\A\image_2466.png,c:\Users\HP\OneDrive\Desktop\Flood_AI_Dataset\05_S1GFloods\B\image_2466.png,c:\Users\HP\OneDrive\Desktop\Flood_AI_Dataset\05_S1GFloods\Label\image_2466.png,20.2896,2
image_3061.png,c:\Users\HP\OneDrive\Desktop\Flood_AI_Dataset\05_S1GFloods\A\image_3061.png,c:\Users\HP\OneDrive\Desktop\Flood_AI_Dataset\05_S1GFloods\B\image_3061.png,c:\Users\HP\OneDrive\Desktop\Flood_AI_Dataset\05_S1GFloods\Label\image_3061.png,20.1401,2
image_3511.png,c:\Users\HP\OneDrive\Desktop\Flood_AI_Dataset\05_S1GFloods\A\image_3511.png,c:\Users\HP\OneDrive\Desktop\Flood_AI_Dataset\05_S1GFloods\B\image_3511.png,c:\Users\HP\OneDrive\Desktop\Flood_AI_Dataset\05_S1GFloods\Label\image_3511.png,11.8973,2
image_1465.png,c:\Users\HP\OneDrive\Desktop\Flood_AI_Dataset\05_S1GFloods\A\image_1465.png,c:\Users\HP\OneDrive\Desktop\Flood_AI_Dataset\05_S1GFloods\B\image_1465.png,c:\Users\HP\OneDrive\Desktop\Flood_AI_Dataset\05_S1GFloods\Label\image_1465.png,60.4324,2
image_4830.png,c:\Users\HP\OneDrive\Desktop\Flood_AI_Dataset\05_S1GFloods\A\image_4830.png,c:\Users\HP\OneDrive\Desktop\Flood_AI_Dataset\05_S1GFloods\B\image_4830.png,c:\Users\HP\OneDrive\Desktop\Flood_AI_Dataset\05_S1GFloods\Label\image_4830.png,23.9349,2
image_3600.png,c:\Users\HP\OneDrive\Desktop\Flood_AI_Dataset\05_S1GFloods\A\image_3600.png,c:\Users\HP\OneDrive\Desktop\Flood_AI_Dataset\05_S1GFloods\B\image_3600.png,c:\Users\HP\OneDrive\Desktop\Flood_AI_Dataset\05_S1GFloods\Label\image_3600.png,73.7427,2
image_3658.png,c:\Users\HP\OneDrive\Desktop\Flood_AI_Dataset\05_S1GFloods\A\image_3658.png,c:\Users\HP\OneDrive\Desktop\Flood_AI_Dataset\05_S1GFloods\B\image_3658.png,c:\Users\HP\OneDrive\Desktop\Flood_AI_Dataset\05_S1GFloods\Label\image_3658.png,83.6288,2
image_3456.png,c:\Users\HP\OneDrive\Desktop\Flood_AI_Dataset\05_S1GFloods\A\image_3456.png,c:\Users\HP\OneDrive\Desktop\Flood_AI_Dataset\05_S1GFloods\B\image_3456.png,c:\Users\HP\OneDrive\Desktop\Flood_AI_Dataset\05_S1GFloods\Label\image_3456.png,41.7679,2
image_2164.png,c:\Users\HP\OneDrive\Desktop\Flood_AI_Dataset\05_S1GFloods\A\image_2164.png,c:\Users\HP\OneDrive\Desktop\Flood_AI_Dataset\05_S1GFloods\B\image_2164.png,c:\Users\HP\OneDrive\Desktop\Flood_AI_Dataset\05_S1GFloods\Label\image_2164.png,19.9493,2
image_1402.png,c:\Users\HP\OneDrive\Desktop\Flood_AI_Dataset\05_S1GFloods\A\image_1402.png,c:\Users\HP\OneDrive\Desktop\Flood_AI_Dataset\05_S1GFloods\B\image_1402.png,c:\Users\HP\OneDrive\Desktop\Flood_AI_Dataset\05_S1GFloods\Label\image_1402.png,83.1192,2
image_3297.png,c:\Users\HP\OneDrive\Desktop\Flood_AI_Dataset\05_S1GFloods\A\image_3297.png,c:\Users\HP\OneDrive\Desktop\Flood_AI_Dataset\05_S1GFloods\B\image_3297.png,c:\Users\HP\OneDrive\Desktop\Flood_AI_Dataset\05_S1GFloods\Label\image_3297.png,7.1579,1
image_1391.png,c:\Users\HP\OneDrive\Desktop\Flood_AI_Dataset\05_S1GFloods\A\image_1391.png,c:\Users\HP\OneDrive\Desktop\Flood_AI_Dataset\05_S1GFloods\B\image_1391.png,c:\Users\HP\OneDrive\Desktop\Flood_AI_Dataset\05_S1GFloods\Label\image_1391.png,55.4031,2
image_2428.png,c:\Users\HP\OneDrive\Desktop\Flood_AI_Dataset\05_S1GFloods\A\image_2428.png,c:\Users\HP\OneDrive\Desktop\Flood_AI_Dataset\05_S1GFloods\B\image_2428.png,c:\Users\HP\OneDrive\Desktop\Flood_AI_Dataset\05_S1GFloods\Label\image_2428.png,19.6564,2
image_5191.png,c:\Users\HP\OneDrive\Desktop\Flood_AI_Dataset\05_S1GFloods\A\image_5191.png,c:\Users\HP\OneDrive\Desktop\Flood_AI_Dataset\05_S1GFloods\B\image_5191.png,c:\Users\HP\OneDrive\Desktop\Flood_AI_Dataset\05_S1GFloods\Label\image_5191.png,8.4747,1
image_3968.png,c:\Users\HP\OneDrive\Desktop\Flood_AI_Dataset\05_S1GFloods\A\image_3968.png,c:\Users\HP\OneDrive\Desktop\Flood_AI_Dataset\05_S1GFloods\B\image_3968.png,c:\Users\HP\OneDrive\Desktop\Flood_AI_Dataset\05_S1GFloods\Label\image_3968.png,54.3045,2
image_4081.png,c:\Users\HP\OneDrive\Desktop\Flood_AI_Dataset\05_S1GFloods\A\image_4081.png,c:\Users\HP\OneDrive\Desktop\Flood_AI_Dataset\05_S1GFloods\B\image_4081.png,c:\Users\HP\OneDrive\Desktop\Flood_AI_Dataset\05_S1GFloods\Label\image_4081.png,6.9763,1
image_4946.png,c:\Users\HP\OneDrive\Desktop\Flood_AI_Dataset\05_S1GFloods\A\image_4946.png,c:\Users\HP\OneDrive\Desktop\Flood_AI_Dataset\05_S1GFloods\B\image_4946.png,c:\Users\HP\OneDrive\Desktop\Flood_AI_Dataset\05_S1GFloods\Label\image_4946.png,19.6732,2
image_204.png,c:\Users\HP\OneDrive\Desktop\Flood_AI_Dataset\05_S1GFloods\A\image_204.png,c:\Users\HP\OneDrive\Desktop\Flood_AI_Dataset\05_S1GFloods\B\image_204.png,c:\Users\HP\OneDrive\Desktop\Flood_AI_Dataset\05_S1GFloods\Label\image_204.png,47.5769,2
image_3015.png,c:\Users\HP\OneDrive\Desktop\Flood_AI_Dataset\05_S1GFloods\A\image_3015.png,c:\Users\HP\OneDrive\Desktop\Flood_AI_Dataset\05_S1GFloods\B\image_3015.png,c:\Users\HP\OneDrive\Desktop\Flood_AI_Dataset\05_S1GFloods\Label\image_3015.png,74.2584,2
image_2574.png,c:\Users\HP\OneDrive\Desktop\Flood_AI_Dataset\05_S1GFloods\A\image_2574.png,c:\Users\HP\OneDrive\Desktop\Flood_AI_Dataset\05_S1GFloods\B\image_2574.png,c:\Users\HP\OneDrive\Desktop\Flood_AI_Dataset\05_S1GFloods\Label\image_2574.png,37.0285,2
image_2020.png,c:\Users\HP\OneDrive\Desktop\Flood_AI_Dataset\05_S1GFloods\A\image_2020.png,c:\Users\HP\OneDrive\Desktop\Flood_AI_Dataset\05_S1GFloods\B\image_2020.png,c:\Users\HP\OneDrive\Desktop\Flood_AI_Dataset\05_S1GFloods\Label\image_2020.png,16.1728,2
image_665.png,c:\Users\HP\OneDrive\Desktop\Flood_AI_Dataset\05_S1GFloods\A\image_665.png,c:\Users\HP\OneDrive\Desktop\Flood_AI_Dataset\05_S1GFloods\B\image_665.png,c:\Users\HP\OneDrive\Desktop\Flood_AI_Dataset\05_S1GFloods\Label\image_665.png,97.0993,2
image_1524.png,c:\Users\HP\OneDrive\Desktop\Flood_AI_Dataset\05_S1GFloods\A\image_1524.png,c:\Users\HP\OneDrive\Desktop\Flood_AI_Dataset\05_S1GFloods\B\image_1524.png,c:\Users\HP\OneDrive\Desktop\Flood_AI_Dataset\05_S1GFloods\Label\image_1524.png,31.4316,2
image_762.png,c:\Users\HP\OneDrive\Desktop\Flood_AI_Dataset\05_S1GFloods\A\image_762.png,c:\Users\HP\OneDrive\Desktop\Flood_AI_Dataset\05_S1GFloods\B\image_762.png,c:\Users\HP\OneDrive\Desktop\Flood_AI_Dataset\05_S1GFloods\Label\image_762.png,67.7551,2
image_2063.png,c:\Users\HP\OneDrive\Desktop\Flood_AI_Dataset\05_S1GFloods\A\image_2063.png,c:\Users\HP\OneDrive\Desktop\Flood_AI_Dataset\05_S1GFloods\B\image_2063.png,c:\Users\HP\OneDrive\Desktop\Flood_AI_Dataset\05_S1GFloods\Label\image_2063.png,10.1288,2
image_2990.png,c:\Users\HP\OneDrive\Desktop\Flood_AI_Dataset\05_S1GFloods\A\image_2990.png,c:\Users\HP\OneDrive\Desktop\Flood_AI_Dataset\05_S1GFloods\B\image_2990.png,c:\Users\HP\OneDrive\Desktop\Flood_AI_Dataset\05_S1GFloods\Label\image_2990.png,42.9901,2
image_4678.png,c:\Users\HP\OneDrive\Desktop\Flood_AI_Dataset\05_S1GFloods\A\image_4678.png,c:\Users\HP\OneDrive\Desktop\Flood_AI_Dataset\05_S1GFloods\B\image_4678.png,c:\Users\HP\OneDrive\Desktop\Flood_AI_Dataset\05_S1GFloods\Label\image_4678.png,13.298,2
image_4922.png,c:\Users\HP\OneDrive\Desktop\Flood_AI_Dataset\05_S1GFloods\A\image_4922.png,c:\Users\HP\OneDrive\Desktop\Flood_AI_Dataset\05_S1GFloods\B\image_4922.png,c:\Users\HP\OneDrive\Desktop\Flood_AI_Dataset\05_S1GFloods\Label\image_4922.png,11.937,2
image_2861.png,c:\Users\HP\OneDrive\Desktop\Flood_AI_Dataset\05_S1GFloods\A\image_2861.png,c:\Users\HP\OneDrive\Desktop\Flood_AI_Dataset\05_S1GFloods\B\image_2861.png,c:\Users\HP\OneDrive\Desktop\Flood_AI_Dataset\05_S1GFloods\Label\image_2861.png,26.445,2
image_5261.png,c:\Users\HP\OneDrive\Desktop\Flood_AI_Dataset\05_S1GFloods\A\image_5261.png,c:\Users\HP\OneDrive\Desktop\Flood_AI_Dataset\05_S1GFloods\B\image_5261.png,c:\Users\HP\OneDrive\Desktop\Flood_AI_Dataset\05_S1GFloods\Label\image_5261.png,36.3541,2
image_710.png,c:\Users\HP\OneDrive\Desktop\Flood_AI_Dataset\05_S1GFloods\A\image_710.png,c:\Users\HP\OneDrive\Desktop\Flood_AI_Dataset\05_S1GFloods\B\image_710.png,c:\Users\HP\OneDrive\Desktop\Flood_AI_Dataset\05_S1GFloods\Label\image_710.png,48.1033,2
image_660.png,c:\Users\HP\OneDrive\Desktop\Flood_AI_Dataset\05_S1GFloods\A\image_660.png,c:\Users\HP\OneDrive\Desktop\Flood_AI_Dataset\05_S1GFloods\B\image_660.png,c:\Users\HP\OneDrive\Desktop\Flood_AI_Dataset\05_S1GFloods\Label\image_660.png,17.2882,2
image_3414.png,c:\Users\HP\OneDrive\Desktop\Flood_AI_Dataset\05_S1GFloods\A\image_3414.png,c:\Users\HP\OneDrive\Desktop\Flood_AI_Dataset\05_S1GFloods\B\image_3414.png,c:\Users\HP\OneDrive\Desktop\Flood_AI_Dataset\05_S1GFloods\Label\image_3414.png,9.3323,1
image_4827.png,c:\Users\HP\OneDrive\Desktop\Flood_AI_Dataset\05_S1GFloods\A\image_4827.png,c:\Users\HP\OneDrive\Desktop\Flood_AI_Dataset\05_S1GFloods\B\image_4827.png,c:\Users\HP\OneDrive\Desktop\Flood_AI_Dataset\05_S1GFloods\Label\image_4827.png,20.4025,2
image_4173.png,c:\Users\HP\OneDrive\Desktop\Flood_AI_Dataset\05_S1GFloods\A\image_4173.png,c:\Users\HP\OneDrive\Desktop\Flood_AI_Dataset\05_S1GFloods\B\image_4173.png,c:\Users\HP\OneDrive\Desktop\Flood_AI_Dataset\05_S1GFloods\Label\image_4173.png,42.6239,2
image_3489.png,c:\Users\HP\OneDrive\Desktop\Flood_AI_Dataset\05_S1GFloods\A\image_3489.png,c:\Users\HP\OneDrive\Desktop\Flood_AI_Dataset\05_S1GFloods\B\image_3489.png,c:\Users\HP\OneDrive\Desktop\Flood_AI_Dataset\05_S1GFloods\Label\image_3489.png,9.1217,1
image_1310.png,c:\Users\HP\OneDrive\Desktop\Flood_AI_Dataset\05_S1GFloods\A\image_1310.png,c:\Users\HP\OneDrive\Desktop\Flood_AI_Dataset\05_S1GFloods\B\image_1310.png,c:\Users\HP\OneDrive\Desktop\Flood_AI_Dataset\05_S1GFloods\Label\image_1310.png,29.2862,2
image_3809.png,c:\Users\HP\OneDrive\Desktop\Flood_AI_Dataset\05_S1GFloods\A\image_3809.png,c:\Users\HP\OneDrive\Desktop\Flood_AI_Dataset\05_S1GFloods\B\image_3809.png,c:\Users\HP\OneDrive\Desktop\Flood_AI_Dataset\05_S1GFloods\Label\image_3809.png,79.6143,2
image_4494.png,c:\Users\HP\OneDrive\Desktop\Flood_AI_Dataset\05_S1GFloods\A\image_4494.png,c:\Users\HP\OneDrive\Desktop\Flood_AI_Dataset\05_S1GFloods\B\image_4494.png,c:\Users\HP\OneDrive\Desktop\Flood_AI_Dataset\05_S1GFloods\Label\image_4494.png,31.0318,2
image_134.png,c:\Users\HP\OneDrive\Desktop\Flood_AI_Dataset\05_S1GFloods\A\image_134.png,c:\Users\HP\OneDrive\Desktop\Flood_AI_Dataset\05_S1GFloods\B\image_134.png,c:\Users\HP\OneDrive\Desktop\Flood_AI_Dataset\05_S1GFloods\Label\image_134.png,10.878,2
image_4352.png,c:\Users\HP\OneDrive\Desktop\Flood_AI_Dataset\05_S1GFloods\A\image_4352.png,c:\Users\HP\OneDrive\Desktop\Flood_AI_Dataset\05_S1GFloods\B\image_4352.png,c:\Users\HP\OneDrive\Desktop\Flood_AI_Dataset\05_S1GFloods\Label\image_4352.png,97.3312,2
image_3691.png,c:\Users\HP\OneDrive\Desktop\Flood_AI_Dataset\05_S1GFloods\A\image_3691.png,c:\Users\HP\OneDrive\Desktop\Flood_AI_Dataset\05_S1GFloods\B\image_3691.png,c:\Users\HP\OneDrive\Desktop\Flood_AI_Dataset\05_S1GFloods\Label\image_3691.png,21.2616,2
image_3367.png,c:\Users\HP\OneDrive\Desktop\Flood_AI_Dataset\05_S1GFloods\A\image_3367.png,c:\Users\HP\OneDrive\Desktop\Flood_AI_Dataset\05_S1GFloods\B\image_3367.png,c:\Users\HP\OneDrive\Desktop\Flood_AI_Dataset\05_S1GFloods\Label\image_3367.png,49.6841,2
image_4314.png,c:\Users\HP\OneDrive\Desktop\Flood_AI_Dataset\05_S1GFloods\A\image_4314.png,c:\Users\HP\OneDrive\Desktop\Flood_AI_Dataset\05_S1GFloods\B\image_4314.png,c:\Users\HP\OneDrive\Desktop\Flood_AI_Dataset\05_S1GFloods\Label\image_4314.png,10.141,2
image_3631.png,c:\Users\HP\OneDrive\Desktop\Flood_AI_Dataset\05_S1GFloods\A\image_3631.png,c:\Users\HP\OneDrive\Desktop\Flood_AI_Dataset\05_S1GFloods\B\image_3631.png,c:\Users\HP\OneDrive\Desktop\Flood_AI_Dataset\05_S1GFloods\Label\image_3631.png,98.1339,2
image_199.png,c:\Users\HP\OneDrive\Desktop\Flood_AI_Dataset\05_S1GFloods\A\image_199.png,c:\Users\HP\OneDrive\Desktop\Flood_AI_Dataset\05_S1GFloods\B\image_199.png,c:\Users\HP\OneDrive\Desktop\Flood_AI_Dataset\05_S1GFloods\Label\image_199.png,42.778,2
image_3483.png,c:\Users\HP\OneDrive\Desktop\Flood_AI_Dataset\05_S1GFloods\A\image_3483.png,c:\Users\HP\OneDrive\Desktop\Flood_AI_Dataset\05_S1GFloods\B\image_3483.png,c:\Users\HP\OneDrive\Desktop\Flood_AI_Dataset\05_S1GFloods\Label\image_3483.png,6.8085,1
image_4855.png,c:\Users\HP\OneDrive\Desktop\Flood_AI_Dataset\05_S1GFloods\A\image_4855.png,c:\Users\HP\OneDrive\Desktop\Flood_AI_Dataset\05_S1GFloods\B\image_4855.png,c:\Users\HP\OneDrive\Desktop\Flood_AI_Dataset\05_S1GFloods\Label\image_4855.png,28.0365,2
image_4765.png,c:\Users\HP\OneDrive\Desktop\Flood_AI_Dataset\05_S1GFloods\A\image_4765.png,c:\Users\HP\OneDrive\Desktop\Flood_AI_Dataset\05_S1GFloods\B\image_4765.png,c:\Users\HP\OneDrive\Desktop\Flood_AI_Dataset\05_S1GFloods\Label\image_4765.png,11.9003,2
image_3915.png,c:\Users\HP\OneDrive\Desktop\Flood_AI_Dataset\05_S1GFloods\A\image_3915.png,c:\Users\HP\OneDrive\Desktop\Flood_AI_Dataset\05_S1GFloods\B\image_3915.png,c:\Users\HP\OneDrive\Desktop\Flood_AI_Dataset\05_S1GFloods\Label\image_3915.png,93.7393,2
image_3875.png,c:\Users\HP\OneDrive\Desktop\Flood_AI_Dataset\05_S1GFloods\A\image_3875.png,c:\Users\HP\OneDrive\Desktop\Flood_AI_Dataset\05_S1GFloods\B\image_3875.png,c:\Users\HP\OneDrive\Desktop\Flood_AI_Dataset\05_S1GFloods\Label\image_3875.png,42.6834,2
image_280.png,c:\Users\HP\OneDrive\Desktop\Flood_AI_Dataset\05_S1GFloods\A\image_280.png,c:\Users\HP\OneDrive\Desktop\Flood_AI_Dataset\05_S1GFloods\B\image_280.png,c:\Users\HP\OneDrive\Desktop\Flood_AI_Dataset\05_S1GFloods\Label\image_280.png,7.1594,1
image_2890.png,c:\Users\HP\OneDrive\Desktop\Flood_AI_Dataset\05_S1GFloods\A\image_2890.png,c:\Users\HP\OneDrive\Desktop\Flood_AI_Dataset\05_S1GFloods\B\image_2890.png,c:\Users\HP\OneDrive\Desktop\Flood_AI_Dataset\05_S1GFloods\Label\image_2890.png,11.1969,2
image_133.png,c:\Users\HP\OneDrive\Desktop\Flood_AI_Dataset\05_S1GFloods\A\image_133.png,c:\Users\HP\OneDrive\Desktop\Flood_AI_Dataset\05_S1GFloods\B\image_133.png,c:\Users\HP\OneDrive\Desktop\Flood_AI_Dataset\05_S1GFloods\Label\image_133.png,13.092,2
image_1937.png,c:\Users\HP\OneDrive\Desktop\Flood_AI_Dataset\05_S1GFloods\A\image_1937.png,c:\Users\HP\OneDrive\Desktop\Flood_AI_Dataset\05_S1GFloods\B\image_1937.png,c:\Users\HP\OneDrive\Desktop\Flood_AI_Dataset\05_S1GFloods\Label\image_1937.png,6.0196,1
image_24.png,c:\Users\HP\OneDrive\Desktop\Flood_AI_Dataset\05_S1GFloods\A\image_24.png,c:\Users\HP\OneDrive\Desktop\Flood_AI_Dataset\05_S1GFloods\B\image_24.png,c:\Users\HP\OneDrive\Desktop\Flood_AI_Dataset\05_S1GFloods\Label\image_24.png,53.3585,2
image_3412.png,c:\Users\HP\OneDrive\Desktop\Flood_AI_Dataset\05_S1GFloods\A\image_3412.png,c:\Users\HP\OneDrive\Desktop\Flood_AI_Dataset\05_S1GFloods\B\image_3412.png,c:\Users\HP\OneDrive\Desktop\Flood_AI_Dataset\05_S1GFloods\Label\image_3412.png,6.0013,1
image_3938.png,c:\Users\HP\OneDrive\Desktop\Flood_AI_Dataset\05_S1GFloods\A\image_3938.png,c:\Users\HP\OneDrive\Desktop\Flood_AI_Dataset\05_S1GFloods\B\image_3938.png,c:\Users\HP\OneDrive\Desktop\Flood_AI_Dataset\05_S1GFloods\Label\image_3938.png,80.2887,2
image_2820.png,c:\Users\HP\OneDrive\Desktop\Flood_AI_Dataset\05_S1GFloods\A\image_2820.png,c:\Users\HP\OneDrive\Desktop\Flood_AI_Dataset\05_S1GFloods\B\image_2820.png,c:\Users\HP\OneDrive\Desktop\Flood_AI_Dataset\05_S1GFloods\Label\image_2820.png,17.1494,2
image_2832.png,c:\Users\HP\OneDrive\Desktop\Flood_AI_Dataset\05_S1GFloods\A\image_2832.png,c:\Users\HP\OneDrive\Desktop\Flood_AI_Dataset\05_S1GFloods\B\image_2832.png,c:\Users\HP\OneDrive\Desktop\Flood_AI_Dataset\05_S1GFloods\Label\image_2832.png,44.4824,2
image_3247.png,c:\Users\HP\OneDrive\Desktop\Flood_AI_Dataset\05_S1GFloods\A\image_3247.png,c:\Users\HP\OneDrive\Desktop\Flood_AI_Dataset\05_S1GFloods\B\image_3247.png,c:\Users\HP\OneDrive\Desktop\Flood_AI_Dataset\05_S1GFloods\Label\image_3247.png,21.1761,2
image_209.png,c:\Users\HP\OneDrive\Desktop\Flood_AI_Dataset\05_S1GFloods\A\image_209.png,c:\Users\HP\OneDrive\Desktop\Flood_AI_Dataset\05_S1GFloods\B\image_209.png,c:\Users\HP\OneDrive\Desktop\Flood_AI_Dataset\05_S1GFloods\Label\image_209.png,18.5211,2
image_2518.png,c:\Users\HP\OneDrive\Desktop\Flood_AI_Dataset\05_S1GFloods\A\image_2518.png,c:\Users\HP\OneDrive\Desktop\Flood_AI_Dataset\05_S1GFloods\B\image_2518.png,c:\Users\HP\OneDrive\Desktop\Flood_AI_Dataset\05_S1GFloods\Label\image_2518.png,9.7733,1
image_734.png,c:\Users\HP\OneDrive\Desktop\Flood_AI_Dataset\05_S1GFloods\A\image_734.png,c:\Users\HP\OneDrive\Desktop\Flood_AI_Dataset\05_S1GFloods\B\image_734.png,c:\Users\HP\OneDrive\Desktop\Flood_AI_Dataset\05_S1GFloods\Label\image_734.png,90.8188,2
image_1212.png,c:\Users\HP\OneDrive\Desktop\Flood_AI_Dataset\05_S1GFloods\A\image_1212.png,c:\Users\HP\OneDrive\Desktop\Flood_AI_Dataset\05_S1GFloods\B\image_1212.png,c:\Users\HP\OneDrive\Desktop\Flood_AI_Dataset\05_S1GFloods\Label\image_1212.png,18.811,2
image_1928.png,c:\Users\HP\OneDrive\Desktop\Flood_AI_Dataset\05_S1GFloods\A\image_1928.png,c:\Users\HP\OneDrive\Desktop\Flood_AI_Dataset\05_S1GFloods\B\image_1928.png,c:\Users\HP\OneDrive\Desktop\Flood_AI_Dataset\05_S1GFloods\Label\image_1928.png,8.9447,1
image_3335.png,c:\Users\HP\OneDrive\Desktop\Flood_AI_Dataset\05_S1GFloods\A\image_3335.png,c:\Users\HP\OneDrive\Desktop\Flood_AI_Dataset\05_S1GFloods\B\image_3335.png,c:\Users\HP\OneDrive\Desktop\Flood_AI_Dataset\05_S1GFloods\Label\image_3335.png,6.8954,1
image_4287.png,c:\Users\HP\OneDrive\Desktop\Flood_AI_Dataset\05_S1GFloods\A\image_4287.png,c:\Users\HP\OneDrive\Desktop\Flood_AI_Dataset\05_S1GFloods\B\image_4287.png,c:\Users\HP\OneDrive\Desktop\Flood_AI_Dataset\05_S1GFloods\Label\image_4287.png,99.6048,2
image_2682.png,c:\Users\HP\OneDrive\Desktop\Flood_AI_Dataset\05_S1GFloods\A\image_2682.png,c:\Users\HP\OneDrive\Desktop\Flood_AI_Dataset\05_S1GFloods\B\image_2682.png,c:\Users\HP\OneDrive\Desktop\Flood_AI_Dataset\05_S1GFloods\Label\image_2682.png,27.1194,2
image_1597.png,c:\Users\HP\OneDrive\Desktop\Flood_AI_Dataset\05_S1GFloods\A\image_1597.png,c:\Users\HP\OneDrive\Desktop\Flood_AI_Dataset\05_S1GFloods\B\image_1597.png,c:\Users\HP\OneDrive\Desktop\Flood_AI_Dataset\05_S1GFloods\Label\image_1597.png,6.3492,1
image_4342.png,c:\Users\HP\OneDrive\Desktop\Flood_AI_Dataset\05_S1GFloods\A\image_4342.png,c:\Users\HP\OneDrive\Desktop\Flood_AI_Dataset\05_S1GFloods\B\image_4342.png,c:\Users\HP\OneDrive\Desktop\Flood_AI_Dataset\05_S1GFloods\Label\image_4342.png,95.2408,2
image_4752.png,c:\Users\HP\OneDrive\Desktop\Flood_AI_Dataset\05_S1GFloods\A\image_4752.png,c:\Users\HP\OneDrive\Desktop\Flood_AI_Dataset\05_S1GFloods\B\image_4752.png,c:\Users\HP\OneDrive\Desktop\Flood_AI_Dataset\05_S1GFloods\Label\image_4752.png,25.4272,2
image_1895.png,c:\Users\HP\OneDrive\Desktop\Flood_AI_Dataset\05_S1GFloods\A\image_1895.png,c:\Users\HP\OneDrive\Desktop\Flood_AI_Dataset\05_S1GFloods\B\image_1895.png,c:\Users\HP\OneDrive\Desktop\Flood_AI_Dataset\05_S1GFloods\Label\image_1895.png,10.6323,2
image_1284.png,c:\Users\HP\OneDrive\Desktop\Flood_AI_Dataset\05_S1GFloods\A\image_1284.png,c:\Users\HP\OneDrive\Desktop\Flood_AI_Dataset\05_S1GFloods\B\image_1284.png,c:\Users\HP\OneDrive\Desktop\Flood_AI_Dataset\05_S1GFloods\Label\image_1284.png,5.5893,1
image_2497.png,c:\Users\HP\OneDrive\Desktop\Flood_AI_Dataset\05_S1GFloods\A\image_2497.png,c:\Users\HP\OneDrive\Desktop\Flood_AI_Dataset\05_S1GFloods\B\image_2497.png,c:\Users\HP\OneDrive\Desktop\Flood_AI_Dataset\05_S1GFloods\Label\image_2497.png,15.2298,2
image_4372.png,c:\Users\HP\OneDrive\Desktop\Flood_AI_Dataset\05_S1GFloods\A\image_4372.png,c:\Users\HP\OneDrive\Desktop\Flood_AI_Dataset\05_S1GFloods\B\image_4372.png,c:\Users\HP\OneDrive\Desktop\Flood_AI_Dataset\05_S1GFloods\Label\image_4372.png,5.8533,1
image_3465.png,c:\Users\HP\OneDrive\Desktop\Flood_AI_Dataset\05_S1GFloods\A\image_3465.png,c:\Users\HP\OneDrive\Desktop\Flood_AI_Dataset\05_S1GFloods\B\image_3465.png,c:\Users\HP\OneDrive\Desktop\Flood_AI_Dataset\05_S1GFloods\Label\image_3465.png,7.9117,1
image_4214.png,c:\Users\HP\OneDrive\Desktop\Flood_AI_Dataset\05_S1GFloods\A\image_4214.png,c:\Users\HP\OneDrive\Desktop\Flood_AI_Dataset\05_S1GFloods\B\image_4214.png,c:\Users\HP\OneDrive\Desktop\Flood_AI_Dataset\05_S1GFloods\Label\image_4214.png,82.1609,2
image_4537.png,c:\Users\HP\OneDrive\Desktop\Flood_AI_Dataset\05_S1GFloods\A\image_4537.png,c:\Users\HP\OneDrive\Desktop\Flood_AI_Dataset\05_S1GFloods\B\image_4537.png,c:\Users\HP\OneDrive\Desktop\Flood_AI_Dataset\05_S1GFloods\Label\image_4537.png,5.0369,1
image_4869.png,c:\Users\HP\OneDrive\Desktop\Flood_AI_Dataset\05_S1GFloods\A\image_4869.png,c:\Users\HP\OneDrive\Desktop\Flood_AI_Dataset\05_S1GFloods\B\image_4869.png,c:\Users\HP\OneDrive\Desktop\Flood_AI_Dataset\05_S1GFloods\Label\image_4869.png,5.5222,1
image_2597.png,c:\Users\HP\OneDrive\Desktop\Flood_AI_Dataset\05_S1GFloods\A\image_2597.png,c:\Users\HP\OneDrive\Desktop\Flood_AI_Dataset\05_S1GFloods\B\image_2597.png,c:\Users\HP\OneDrive\Desktop\Flood_AI_Dataset\05_S1GFloods\Label\image_2597.png,17.1692,2
image_4819.png,c:\Users\HP\OneDrive\Desktop\Flood_AI_Dataset\05_S1GFloods\A\image_4819.png,c:\Users\HP\OneDrive\Desktop\Flood_AI_Dataset\05_S1GFloods\B\image_4819.png,c:\Users\HP\OneDrive\Desktop\Flood_AI_Dataset\05_S1GFloods\Label\image_4819.png,80.1193,2
image_1996.png,c:\Users\HP\OneDrive\Desktop\Flood_AI_Dataset\05_S1GFloods\A\image_1996.png,c:\Users\HP\OneDrive\Desktop\Flood_AI_Dataset\05_S1GFloods\B\image_1996.png,c:\Users\HP\OneDrive\Desktop\Flood_AI_Dataset\05_S1GFloods\Label\image_1996.png,37.6099,2
image_2189.png,c:\Users\HP\OneDrive\Desktop\Flood_AI_Dataset\05_S1GFloods\A\image_2189.png,c:\Users\HP\OneDrive\Desktop\Flood_AI_Dataset\05_S1GFloods\B\image_2189.png,c:\Users\HP\OneDrive\Desktop\Flood_AI_Dataset\05_S1GFloods\Label\image_2189.png,21.4508,2
image_537.png,c:\Users\HP\OneDrive\Desktop\Flood_AI_Dataset\05_S1GFloods\A\image_537.png,c:\Users\HP\OneDrive\Desktop\Flood_AI_Dataset\05_S1GFloods\B\image_537.png,c:\Users\HP\OneDrive\Desktop\Flood_AI_Dataset\05_S1GFloods\Label\image_537.png,91.6931,2
image_1438.png,c:\Users\HP\OneDrive\Desktop\Flood_AI_Dataset\05_S1GFloods\A\image_1438.png,c:\Users\HP\OneDrive\Desktop\Flood_AI_Dataset\05_S1GFloods\B\image_1438.png,c:\Users\HP\OneDrive\Desktop\Flood_AI_Dataset\05_S1GFloods\Label\image_1438.png,40.2069,2
image_155.png,c:\Users\HP\OneDrive\Desktop\Flood_AI_Dataset\05_S1GFloods\A\image_155.png,c:\Users\HP\OneDrive\Desktop\Flood_AI_Dataset\05_S1GFloods\B\image_155.png,c:\Users\HP\OneDrive\Desktop\Flood_AI_Dataset\05_S1GFloods\Label\image_155.png,17.2333,2
image_3985.png,c:\Users\HP\OneDrive\Desktop\Flood_AI_Dataset\05_S1GFloods\A\image_3985.png,c:\Users\HP\OneDrive\Desktop\Flood_AI_Dataset\05_S1GFloods\B\image_3985.png,c:\Users\HP\OneDrive\Desktop\Flood_AI_Dataset\05_S1GFloods\Label\image_3985.png,71.4874,2
image_4107.png,c:\Users\HP\OneDrive\Desktop\Flood_AI_Dataset\05_S1GFloods\A\image_4107.png,c:\Users\HP\OneDrive\Desktop\Flood_AI_Dataset\05_S1GFloods\B\image_4107.png,c:\Users\HP\OneDrive\Desktop\Flood_AI_Dataset\05_S1GFloods\Label\image_4107.png,33.6426,2
image_451.png,c:\Users\HP\OneDrive\Desktop\Flood_AI_Dataset\05_S1GFloods\A\image_451.png,c:\Users\HP\OneDrive\Desktop\Flood_AI_Dataset\05_S1GFloods\B\image_451.png,c:\Users\HP\OneDrive\Desktop\Flood_AI_Dataset\05_S1GFloods\Label\image_451.png,24.9023,2
image_2583.png,c:\Users\HP\OneDrive\Desktop\Flood_AI_Dataset\05_S1GFloods\A\image_2583.png,c:\Users\HP\OneDrive\Desktop\Flood_AI_Dataset\05_S1GFloods\B\image_2583.png,c:\Users\HP\OneDrive\Desktop\Flood_AI_Dataset\05_S1GFloods\Label\image_2583.png,29.7012,2
image_3320.png,c:\Users\HP\OneDrive\Desktop\Flood_AI_Dataset\05_S1GFloods\A\image_3320.png,c:\Users\HP\OneDrive\Desktop\Flood_AI_Dataset\05_S1GFloods\B\image_3320.png,c:\Users\HP\OneDrive\Desktop\Flood_AI_Dataset\05_S1GFloods\Label\image_3320.png,20.5109,2
image_2369.png,c:\Users\HP\OneDrive\Desktop\Flood_AI_Dataset\05_S1GFloods\A\image_2369.png,c:\Users\HP\OneDrive\Desktop\Flood_AI_Dataset\05_S1GFloods\B\image_2369.png,c:\Users\HP\OneDrive\Desktop\Flood_AI_Dataset\05_S1GFloods\Label\image_2369.png,19.3207,2
image_1164.png,c:\Users\HP\OneDrive\Desktop\Flood_AI_Dataset\05_S1GFloods\A\image_1164.png,c:\Users\HP\OneDrive\Desktop\Flood_AI_Dataset\05_S1GFloods\B\image_1164.png,c:\Users\HP\OneDrive\Desktop\Flood_AI_Dataset\05_S1GFloods\Label\image_1164.png,65.2802,2
image_5180.png,c:\Users\HP\OneDrive\Desktop\Flood_AI_Dataset\05_S1GFloods\A\image_5180.png,c:\Users\HP\OneDrive\Desktop\Flood_AI_Dataset\05_S1GFloods\B\image_5180.png,c:\Users\HP\OneDrive\Desktop\Flood_AI_Dataset\05_S1GFloods\Label\image_5180.png,7.4966,1
image_2844.png,c:\Users\HP\OneDrive\Desktop\Flood_AI_Dataset\05_S1GFloods\A\image_2844.png,c:\Users\HP\OneDrive\Desktop\Flood_AI_Dataset\05_S1GFloods\B\image_2844.png,c:\Users\HP\OneDrive\Desktop\Flood_AI_Dataset\05_S1GFloods\Label\image_2844.png,76.5823,2
image_652.png,c:\Users\HP\OneDrive\Desktop\Flood_AI_Dataset\05_S1GFloods\A\image_652.png,c:\Users\HP\OneDrive\Desktop\Flood_AI_Dataset\05_S1GFloods\B\image_652.png,c:\Users\HP\OneDrive\Desktop\Flood_AI_Dataset\05_S1GFloods\Label\image_652.png,10.5453,2
image_1787.png,c:\Users\HP\OneDrive\Desktop\Flood_AI_Dataset\05_S1GFloods\A\image_1787.png,c:\Users\HP\OneDrive\Desktop\Flood_AI_Dataset\05_S1GFloods\B\image_1787.png,c:\Users\HP\OneDrive\Desktop\Flood_AI_Dataset\05_S1GFloods\Label\image_1787.png,7.8186,1
image_1521.png,c:\Users\HP\OneDrive\Desktop\Flood_AI_Dataset\05_S1GFloods\A\image_1521.png,c:\Users\HP\OneDrive\Desktop\Flood_AI_Dataset\05_S1GFloods\B\image_1521.png,c:\Users\HP\OneDrive\Desktop\Flood_AI_Dataset\05_S1GFloods\Label\image_1521.png,6.7993,1
image_230.png,c:\Users\HP\OneDrive\Desktop\Flood_AI_Dataset\05_S1GFloods\A\image_230.png,c:\Users\HP\OneDrive\Desktop\Flood_AI_Dataset\05_S1GFloods\B\image_230.png,c:\Users\HP\OneDrive\Desktop\Flood_AI_Dataset\05_S1GFloods\Label\image_230.png,66.4749,2
image_4247.png,c:\Users\HP\OneDrive\Desktop\Flood_AI_Dataset\05_S1GFloods\A\image_4247.png,c:\Users\HP\OneDrive\Desktop\Flood_AI_Dataset\05_S1GFloods\B\image_4247.png,c:\Users\HP\OneDrive\Desktop\Flood_AI_Dataset\05_S1GFloods\Label\image_4247.png,8.7708,1
image_2758.png,c:\Users\HP\OneDrive\Desktop\Flood_AI_Dataset\05_S1GFloods\A\image_2758.png,c:\Users\HP\OneDrive\Desktop\Flood_AI_Dataset\05_S1GFloods\B\image_2758.png,c:\Users\HP\OneDrive\Desktop\Flood_AI_Dataset\05_S1GFloods\Label\image_2758.png,27.0004,2
image_1646.png,c:\Users\HP\OneDrive\Desktop\Flood_AI_Dataset\05_S1GFloods\A\image_1646.png,c:\Users\HP\OneDrive\Desktop\Flood_AI_Dataset\05_S1GFloods\B\image_1646.png,c:\Users\HP\OneDrive\Desktop\Flood_AI_Dataset\05_S1GFloods\Label\image_1646.png,22.908,2
image_1859.png,c:\Users\HP\OneDrive\Desktop\Flood_AI_Dataset\05_S1GFloods\A\image_1859.png,c:\Users\HP\OneDrive\Desktop\Flood_AI_Dataset\05_S1GFloods\B\image_1859.png,c:\Users\HP\OneDrive\Desktop\Flood_AI_Dataset\05_S1GFloods\Label\image_1859.png,7.4524,1
image_3675.png,c:\Users\HP\OneDrive\Desktop\Flood_AI_Dataset\05_S1GFloods\A\image_3675.png,c:\Users\HP\OneDrive\Desktop\Flood_AI_Dataset\05_S1GFloods\B\image_3675.png,c:\Users\HP\OneDrive\Desktop\Flood_AI_Dataset\05_S1GFloods\Label\image_3675.png,7.9086,1
image_4716.png,c:\Users\HP\OneDrive\Desktop\Flood_AI_Dataset\05_S1GFloods\A\image_4716.png,c:\Users\HP\OneDrive\Desktop\Flood_AI_Dataset\05_S1GFloods\B\image_4716.png,c:\Users\HP\OneDrive\Desktop\Flood_AI_Dataset\05_S1GFloods\Label\image_4716.png,8.8989,1
image_4240.png,c:\Users\HP\OneDrive\Desktop\Flood_AI_Dataset\05_S1GFloods\A\image_4240.png,c:\Users\HP\OneDrive\Desktop\Flood_AI_Dataset\05_S1GFloods\B\image_4240.png,c:\Users\HP\OneDrive\Desktop\Flood_AI_Dataset\05_S1GFloods\Label\image_4240.png,47.7539,2
image_2561.png,c:\Users\HP\OneDrive\Desktop\Flood_AI_Dataset\05_S1GFloods\A\image_2561.png,c:\Users\HP\OneDrive\Desktop\Flood_AI_Dataset\05_S1GFloods\B\image_2561.png,c:\Users\HP\OneDrive\Desktop\Flood_AI_Dataset\05_S1GFloods\Label\image_2561.png,8.2596,1
image_1596.png,c:\Users\HP\OneDrive\Desktop\Flood_AI_Dataset\05_S1GFloods\A\image_1596.png,c:\Users\HP\OneDrive\Desktop\Flood_AI_Dataset\05_S1GFloods\B\image_1596.png,c:\Users\HP\OneDrive\Desktop\Flood_AI_Dataset\05_S1GFloods\Label\image_1596.png,21.019,2
image_2352.png,c:\Users\HP\OneDrive\Desktop\Flood_AI_Dataset\05_S1GFloods\A\image_2352.png,c:\Users\HP\OneDrive\Desktop\Flood_AI_Dataset\05_S1GFloods\B\image_2352.png,c:\Users\HP\OneDrive\Desktop\Flood_AI_Dataset\05_S1GFloods\Label\image_2352.png,5.5328,1
image_911.png,c:\Users\HP\OneDrive\Desktop\Flood_AI_Dataset\05_S1GFloods\A\image_911.png,c:\Users\HP\OneDrive\Desktop\Flood_AI_Dataset\05_S1GFloods\B\image_911.png,c:\Users\HP\OneDrive\Desktop\Flood_AI_Dataset\05_S1GFloods\Label\image_911.png,91.5955,2
image_2304.png,c:\Users\HP\OneDrive\Desktop\Flood_AI_Dataset\05_S1GFloods\A\image_2304.png,c:\Users\HP\OneDrive\Desktop\Flood_AI_Dataset\05_S1GFloods\B\image_2304.png,c:\Users\HP\OneDrive\Desktop\Flood_AI_Dataset\05_S1GFloods\Label\image_2304.png,6.3049,1
image_171.png,c:\Users\HP\OneDrive\Desktop\Flood_AI_Dataset\05_S1GFloods\A\image_171.png,c:\Users\HP\OneDrive\Desktop\Flood_AI_Dataset\05_S1GFloods\B\image_171.png,c:\Users\HP\OneDrive\Desktop\Flood_AI_Dataset\05_S1GFloods\Label\image_171.png,96.6873,2
image_71.png,c:\Users\HP\OneDrive\Desktop\Flood_AI_Dataset\05_S1GFloods\A\image_71.png,c:\Users\HP\OneDrive\Desktop\Flood_AI_Dataset\05_S1GFloods\B\image_71.png,c:\Users\HP\OneDrive\Desktop\Flood_AI_Dataset\05_S1GFloods\Label\image_71.png,33.2092,2
image_4166.png,c:\Users\HP\OneDrive\Desktop\Flood_AI_Dataset\05_S1GFloods\A\image_4166.png,c:\Users\HP\OneDrive\Desktop\Flood_AI_Dataset\05_S1GFloods\B\image_4166.png,c:\Users\HP\OneDrive\Desktop\Flood_AI_Dataset\05_S1GFloods\Label\image_4166.png,40.5533,2
image_3118.png,c:\Users\HP\OneDrive\Desktop\Flood_AI_Dataset\05_S1GFloods\A\image_3118.png,c:\Users\HP\OneDrive\Desktop\Flood_AI_Dataset\05_S1GFloods\B\image_3118.png,c:\Users\HP\OneDrive\Desktop\Flood_AI_Dataset\05_S1GFloods\Label\image_3118.png,33.9005,2
image_222.png,c:\Users\HP\OneDrive\Desktop\Flood_AI_Dataset\05_S1GFloods\A\image_222.png,c:\Users\HP\OneDrive\Desktop\Flood_AI_Dataset\05_S1GFloods\B\image_222.png,c:\Users\HP\OneDrive\Desktop\Flood_AI_Dataset\05_S1GFloods\Label\image_222.png,23.3093,2
image_1618.png,c:\Users\HP\OneDrive\Desktop\Flood_AI_Dataset\05_S1GFloods\A\image_1618.png,c:\Users\HP\OneDrive\Desktop\Flood_AI_Dataset\05_S1GFloods\B\image_1618.png,c:\Users\HP\OneDrive\Desktop\Flood_AI_Dataset\05_S1GFloods\Label\image_1618.png,29.1656,2
image_1560.png,c:\Users\HP\OneDrive\Desktop\Flood_AI_Dataset\05_S1GFloods\A\image_1560.png,c:\Users\HP\OneDrive\Desktop\Flood_AI_Dataset\05_S1GFloods\B\image_1560.png,c:\Users\HP\OneDrive\Desktop\Flood_AI_Dataset\05_S1GFloods\Label\image_1560.png,23.6847,2
image_5145.png,c:\Users\HP\OneDrive\Desktop\Flood_AI_Dataset\05_S1GFloods\A\image_5145.png,c:\Users\HP\OneDrive\Desktop\Flood_AI_Dataset\05_S1GFloods\B\image_5145.png,c:\Users\HP\OneDrive\Desktop\Flood_AI_Dataset\05_S1GFloods\Label\image_5145.png,5.7861,1
image_1662.png,c:\Users\HP\OneDrive\Desktop\Flood_AI_Dataset\05_S1GFloods\A\image_1662.png,c:\Users\HP\OneDrive\Desktop\Flood_AI_Dataset\05_S1GFloods\B\image_1662.png,c:\Users\HP\OneDrive\Desktop\Flood_AI_Dataset\05_S1GFloods\Label\image_1662.png,37.1674,2
image_1283.png,c:\Users\HP\OneDrive\Desktop\Flood_AI_Dataset\05_S1GFloods\A\image_1283.png,c:\Users\HP\OneDrive\Desktop\Flood_AI_Dataset\05_S1GFloods\B\image_1283.png,c:\Users\HP\OneDrive\Desktop\Flood_AI_Dataset\05_S1GFloods\Label\image_1283.png,5.1422,1
image_4368.png,c:\Users\HP\OneDrive\Desktop\Flood_AI_Dataset\05_S1GFloods\A\image_4368.png,c:\Users\HP\OneDrive\Desktop\Flood_AI_Dataset\05_S1GFloods\B\image_4368.png,c:\Users\HP\OneDrive\Desktop\Flood_AI_Dataset\05_S1GFloods\Label\image_4368.png,84.4666,2
image_4804.png,c:\Users\HP\OneDrive\Desktop\Flood_AI_Dataset\05_S1GFloods\A\image_4804.png,c:\Users\HP\OneDrive\Desktop\Flood_AI_Dataset\05_S1GFloods\B\image_4804.png,c:\Users\HP\OneDrive\Desktop\Flood_AI_Dataset\05_S1GFloods\Label\image_4804.png,15.065,2
image_3554.png,c:\Users\HP\OneDrive\Desktop\Flood_AI_Dataset\05_S1GFloods\A\image_3554.png,c:\Users\HP\OneDrive\Desktop\Flood_AI_Dataset\05_S1GFloods\B\image_3554.png,c:\Users\HP\OneDrive\Desktop\Flood_AI_Dataset\05_S1GFloods\Label\image_3554.png,52.9816,2
image_2884.png,c:\Users\HP\OneDrive\Desktop\Flood_AI_Dataset\05_S1GFloods\A\image_2884.png,c:\Users\HP\OneDrive\Desktop\Flood_AI_Dataset\05_S1GFloods\B\image_2884.png,c:\Users\HP\OneDrive\Desktop\Flood_AI_Dataset\05_S1GFloods\Label\image_2884.png,30.3101,2
image_4324.png,c:\Users\HP\OneDrive\Desktop\Flood_AI_Dataset\05_S1GFloods\A\image_4324.png,c:\Users\HP\OneDrive\Desktop\Flood_AI_Dataset\05_S1GFloods\B\image_4324.png,c:\Users\HP\OneDrive\Desktop\Flood_AI_Dataset\05_S1GFloods\Label\image_4324.png,14.5706,2
image_1920.png,c:\Users\HP\OneDrive\Desktop\Flood_AI_Dataset\05_S1GFloods\A\image_1920.png,c:\Users\HP\OneDrive\Desktop\Flood_AI_Dataset\05_S1GFloods\B\image_1920.png,c:\Users\HP\OneDrive\Desktop\Flood_AI_Dataset\05_S1GFloods\Label\image_1920.png,7.1716,1
image_627.png,c:\Users\HP\OneDrive\Desktop\Flood_AI_Dataset\05_S1GFloods\A\image_627.png,c:\Users\HP\OneDrive\Desktop\Flood_AI_Dataset\05_S1GFloods\B\image_627.png,c:\Users\HP\OneDrive\Desktop\Flood_AI_Dataset\05_S1GFloods\Label\image_627.png,20.9518,2
image_190.png,c:\Users\HP\OneDrive\Desktop\Flood_AI_Dataset\05_S1GFloods\A\image_190.png,c:\Users\HP\OneDrive\Desktop\Flood_AI_Dataset\05_S1GFloods\B\image_190.png,c:\Users\HP\OneDrive\Desktop\Flood_AI_Dataset\05_S1GFloods\Label\image_190.png,58.8821,2
image_1788.png,c:\Users\HP\OneDrive\Desktop\Flood_AI_Dataset\05_S1GFloods\A\image_1788.png,c:\Users\HP\OneDrive\Desktop\Flood_AI_Dataset\05_S1GFloods\B\image_1788.png,c:\Users\HP\OneDrive\Desktop\Flood_AI_Dataset\05_S1GFloods\Label\image_1788.png,8.3939,1
image_1143.png,c:\Users\HP\OneDrive\Desktop\Flood_AI_Dataset\05_S1GFloods\A\image_1143.png,c:\Users\HP\OneDrive\Desktop\Flood_AI_Dataset\05_S1GFloods\B\image_1143.png,c:\Users\HP\OneDrive\Desktop\Flood_AI_Dataset\05_S1GFloods\Label\image_1143.png,8.9142,1
image_592.png,c:\Users\HP\OneDrive\Desktop\Flood_AI_Dataset\05_S1GFloods\A\image_592.png,c:\Users\HP\OneDrive\Desktop\Flood_AI_Dataset\05_S1GFloods\B\image_592.png,c:\Users\HP\OneDrive\Desktop\Flood_AI_Dataset\05_S1GFloods\Label\image_592.png,6.8939,1
image_3989.png,c:\Users\HP\OneDrive\Desktop\Flood_AI_Dataset\05_S1GFloods\A\image_3989.png,c:\Users\HP\OneDrive\Desktop\Flood_AI_Dataset\05_S1GFloods\B\image_3989.png,c:\Users\HP\OneDrive\Desktop\Flood_AI_Dataset\05_S1GFloods\Label\image_3989.png,46.7407,2
image_3587.png,c:\Users\HP\OneDrive\Desktop\Flood_AI_Dataset\05_S1GFloods\A\image_3587.png,c:\Users\HP\OneDrive\Desktop\Flood_AI_Dataset\05_S1GFloods\B\image_3587.png,c:\Users\HP\OneDrive\Desktop\Flood_AI_Dataset\05_S1GFloods\Label\image_3587.png,75.3342,2
image_2873.png,c:\Users\HP\OneDrive\Desktop\Flood_AI_Dataset\05_S1GFloods\A\image_2873.png,c:\Users\HP\OneDrive\Desktop\Flood_AI_Dataset\05_S1GFloods\B\image_2873.png,c:\Users\HP\OneDrive\Desktop\Flood_AI_Dataset\05_S1GFloods\Label\image_2873.png,46.1441,2
image_3058.png,c:\Users\HP\OneDrive\Desktop\Flood_AI_Dataset\05_S1GFloods\A\image_3058.png,c:\Users\HP\OneDrive\Desktop\Flood_AI_Dataset\05_S1GFloods\B\image_3058.png,c:\Users\HP\OneDrive\Desktop\Flood_AI_Dataset\05_S1GFloods\Label\image_3058.png,29.8004,2
image_2037.png,c:\Users\HP\OneDrive\Desktop\Flood_AI_Dataset\05_S1GFloods\A\image_2037.png,c:\Users\HP\OneDrive\Desktop\Flood_AI_Dataset\05_S1GFloods\B\image_2037.png,c:\Users\HP\OneDrive\Desktop\Flood_AI_Dataset\05_S1GFloods\Label\image_2037.png,22.9614,2
image_1383.png,c:\Users\HP\OneDrive\Desktop\Flood_AI_Dataset\05_S1GFloods\A\image_1383.png,c:\Users\HP\OneDrive\Desktop\Flood_AI_Dataset\05_S1GFloods\B\image_1383.png,c:\Users\HP\OneDrive\Desktop\Flood_AI_Dataset\05_S1GFloods\Label\image_1383.png,49.3057,2
image_1623.png,c:\Users\HP\OneDrive\Desktop\Flood_AI_Dataset\05_S1GFloods\A\image_1623.png,c:\Users\HP\OneDrive\Desktop\Flood_AI_Dataset\05_S1GFloods\B\image_1623.png,c:\Users\HP\OneDrive\Desktop\Flood_AI_Dataset\05_S1GFloods\Label\image_1623.png,13.7985,2
image_2821.png,c:\Users\HP\OneDrive\Desktop\Flood_AI_Dataset\05_S1GFloods\A\image_2821.png,c:\Users\HP\OneDrive\Desktop\Flood_AI_Dataset\05_S1GFloods\B\image_2821.png,c:\Users\HP\OneDrive\Desktop\Flood_AI_Dataset\05_S1GFloods\Label\image_2821.png,7.9514,1
image_4001.png,c:\Users\HP\OneDrive\Desktop\Flood_AI_Dataset\05_S1GFloods\A\image_4001.png,c:\Users\HP\OneDrive\Desktop\Flood_AI_Dataset\05_S1GFloods\B\image_4001.png,c:\Users\HP\OneDrive\Desktop\Flood_AI_Dataset\05_S1GFloods\Label\image_4001.png,10.6842,2
image_4630.png,c:\Users\HP\OneDrive\Desktop\Flood_AI_Dataset\05_S1GFloods\A\image_4630.png,c:\Users\HP\OneDrive\Desktop\Flood_AI_Dataset\05_S1GFloods\B\image_4630.png,c:\Users\HP\OneDrive\Desktop\Flood_AI_Dataset\05_S1GFloods\Label\image_4630.png,11.8698,2
image_3781.png,c:\Users\HP\OneDrive\Desktop\Flood_AI_Dataset\05_S1GFloods\A\image_3781.png,c:\Users\HP\OneDrive\Desktop\Flood_AI_Dataset\05_S1GFloods\B\image_3781.png,c:\Users\HP\OneDrive\Desktop\Flood_AI_Dataset\05_S1GFloods\Label\image_3781.png,6.9443,1
image_1258.png,c:\Users\HP\OneDrive\Desktop\Flood_AI_Dataset\05_S1GFloods\A\image_1258.png,c:\Users\HP\OneDrive\Desktop\Flood_AI_Dataset\05_S1GFloods\B\image_1258.png,c:\Users\HP\OneDrive\Desktop\Flood_AI_Dataset\05_S1GFloods\Label\image_1258.png,6.2592,1
image_28.png,c:\Users\HP\OneDrive\Desktop\Flood_AI_Dataset\05_S1GFloods\A\image_28.png,c:\Users\HP\OneDrive\Desktop\Flood_AI_Dataset\05_S1GFloods\B\image_28.png,c:\Users\HP\OneDrive\Desktop\Flood_AI_Dataset\05_S1GFloods\Label\image_28.png,74.527,2
image_4325.png,c:\Users\HP\OneDrive\Desktop\Flood_AI_Dataset\05_S1GFloods\A\image_4325.png,c:\Users\HP\OneDrive\Desktop\Flood_AI_Dataset\05_S1GFloods\B\image_4325.png,c:\Users\HP\OneDrive\Desktop\Flood_AI_Dataset\05_S1GFloods\Label\image_4325.png,47.9675,2
image_892.png,c:\Users\HP\OneDrive\Desktop\Flood_AI_Dataset\05_S1GFloods\A\image_892.png,c:\Users\HP\OneDrive\Desktop\Flood_AI_Dataset\05_S1GFloods\B\image_892.png,c:\Users\HP\OneDrive\Desktop\Flood_AI_Dataset\05_S1GFloods\Label\image_892.png,30.4291,2
image_5068.png,c:\Users\HP\OneDrive\Desktop\Flood_AI_Dataset\05_S1GFloods\A\image_5068.png,c:\Users\HP\OneDrive\Desktop\Flood_AI_Dataset\05_S1GFloods\B\image_5068.png,c:\Users\HP\OneDrive\Desktop\Flood_AI_Dataset\05_S1GFloods\Label\image_5068.png,12.8311,2
image_1649.png,c:\Users\HP\OneDrive\Desktop\Flood_AI_Dataset\05_S1GFloods\A\image_1649.png,c:\Users\HP\OneDrive\Desktop\Flood_AI_Dataset\05_S1GFloods\B\image_1649.png,c:\Users\HP\OneDrive\Desktop\Flood_AI_Dataset\05_S1GFloods\Label\image_1649.png,6.2592,1
image_1102.png,c:\Users\HP\OneDrive\Desktop\Flood_AI_Dataset\05_S1GFloods\A\image_1102.png,c:\Users\HP\OneDrive\Desktop\Flood_AI_Dataset\05_S1GFloods\B\image_1102.png,c:\Users\HP\OneDrive\Desktop\Flood_AI_Dataset\05_S1GFloods\Label\image_1102.png,55.3101,2
image_2482.png,c:\Users\HP\OneDrive\Desktop\Flood_AI_Dataset\05_S1GFloods\A\image_2482.png,c:\Users\HP\OneDrive\Desktop\Flood_AI_Dataset\05_S1GFloods\B\image_2482.png,c:\Users\HP\OneDrive\Desktop\Flood_AI_Dataset\05_S1GFloods\Label\image_2482.png,11.4471,2
image_259.png,c:\Users\HP\OneDrive\Desktop\Flood_AI_Dataset\05_S1GFloods\A\image_259.png,c:\Users\HP\OneDrive\Desktop\Flood_AI_Dataset\05_S1GFloods\B\image_259.png,c:\Users\HP\OneDrive\Desktop\Flood_AI_Dataset\05_S1GFloods\Label\image_259.png,42.9016,2
image_5029.png,c:\Users\HP\OneDrive\Desktop\Flood_AI_Dataset\05_S1GFloods\A\image_5029.png,c:\Users\HP\OneDrive\Desktop\Flood_AI_Dataset\05_S1GFloods\B\image_5029.png,c:\Users\HP\OneDrive\Desktop\Flood_AI_Dataset\05_S1GFloods\Label\image_5029.png,22.0551,2
image_1189.png,c:\Users\HP\OneDrive\Desktop\Flood_AI_Dataset\05_S1GFloods\A\image_1189.png,c:\Users\HP\OneDrive\Desktop\Flood_AI_Dataset\05_S1GFloods\B\image_1189.png,c:\Users\HP\OneDrive\Desktop\Flood_AI_Dataset\05_S1GFloods\Label\image_1189.png,58.8287,2
image_857.png,c:\Users\HP\OneDrive\Desktop\Flood_AI_Dataset\05_S1GFloods\A\image_857.png,c:\Users\HP\OneDrive\Desktop\Flood_AI_Dataset\05_S1GFloods\B\image_857.png,c:\Users\HP\OneDrive\Desktop\Flood_AI_Dataset\05_S1GFloods\Label\image_857.png,59.9487,2
image_2609.png,c:\Users\HP\OneDrive\Desktop\Flood_AI_Dataset\05_S1GFloods\A\image_2609.png,c:\Users\HP\OneDrive\Desktop\Flood_AI_Dataset\05_S1GFloods\B\image_2609.png,c:\Users\HP\OneDrive\Desktop\Flood_AI_Dataset\05_S1GFloods\Label\image_2609.png,72.3465,2
image_52.png,c:\Users\HP\OneDrive\Desktop\Flood_AI_Dataset\05_S1GFloods\A\image_52.png,c:\Users\HP\OneDrive\Desktop\Flood_AI_Dataset\05_S1GFloods\B\image_52.png,c:\Users\HP\OneDrive\Desktop\Flood_AI_Dataset\05_S1GFloods\Label\image_52.png,57.5699,2
image_4165.png,c:\Users\HP\OneDrive\Desktop\Flood_AI_Dataset\05_S1GFloods\A\image_4165.png,c:\Users\HP\OneDrive\Desktop\Flood_AI_Dataset\05_S1GFloods\B\image_4165.png,c:\Users\HP\OneDrive\Desktop\Flood_AI_Dataset\05_S1GFloods\Label\image_4165.png,6.1813,1
image_1165.png,c:\Users\HP\OneDrive\Desktop\Flood_AI_Dataset\05_S1GFloods\A\image_1165.png,c:\Users\HP\OneDrive\Desktop\Flood_AI_Dataset\05_S1GFloods\B\image_1165.png,c:\Users\HP\OneDrive\Desktop\Flood_AI_Dataset\05_S1GFloods\Label\image_1165.png,68.5089,2
image_740.png,c:\Users\HP\OneDrive\Desktop\Flood_AI_Dataset\05_S1GFloods\A\image_740.png,c:\Users\HP\OneDrive\Desktop\Flood_AI_Dataset\05_S1GFloods\B\image_740.png,c:\Users\HP\OneDrive\Desktop\Flood_AI_Dataset\05_S1GFloods\Label\image_740.png,96.5912,2
image_3751.png,c:\Users\HP\OneDrive\Desktop\Flood_AI_Dataset\05_S1GFloods\A\image_3751.png,c:\Users\HP\OneDrive\Desktop\Flood_AI_Dataset\05_S1GFloods\B\image_3751.png,c:\Users\HP\OneDrive\Desktop\Flood_AI_Dataset\05_S1GFloods\Label\image_3751.png,14.975,2
image_1499.png,c:\Users\HP\OneDrive\Desktop\Flood_AI_Dataset\05_S1GFloods\A\image_1499.png,c:\Users\HP\OneDrive\Desktop\Flood_AI_Dataset\05_S1GFloods\B\image_1499.png,c:\Users\HP\OneDrive\Desktop\Flood_AI_Dataset\05_S1GFloods\Label\image_1499.png,26.8799,2
image_3096.png,c:\Users\HP\OneDrive\Desktop\Flood_AI_Dataset\05_S1GFloods\A\image_3096.png,c:\Users\HP\OneDrive\Desktop\Flood_AI_Dataset\05_S1GFloods\B\image_3096.png,c:\Users\HP\OneDrive\Desktop\Flood_AI_Dataset\05_S1GFloods\Label\image_3096.png,56.4117,2
image_4887.png,c:\Users\HP\OneDrive\Desktop\Flood_AI_Dataset\05_S1GFloods\A\image_4887.png,c:\Users\HP\OneDrive\Desktop\Flood_AI_Dataset\05_S1GFloods\B\image_4887.png,c:\Users\HP\OneDrive\Desktop\Flood_AI_Dataset\05_S1GFloods\Label\image_4887.png,50.7629,2
image_3733.png,c:\Users\HP\OneDrive\Desktop\Flood_AI_Dataset\05_S1GFloods\A\image_3733.png,c:\Users\HP\OneDrive\Desktop\Flood_AI_Dataset\05_S1GFloods\B\image_3733.png,c:\Users\HP\OneDrive\Desktop\Flood_AI_Dataset\05_S1GFloods\Label\image_3733.png,64.5111,2
image_2378.png,c:\Users\HP\OneDrive\Desktop\Flood_AI_Dataset\05_S1GFloods\A\image_2378.png,c:\Users\HP\OneDrive\Desktop\Flood_AI_Dataset\05_S1GFloods\B\image_2378.png,c:\Users\HP\OneDrive\Desktop\Flood_AI_Dataset\05_S1GFloods\Label\image_2378.png,67.009,2
image_4949.png,c:\Users\HP\OneDrive\Desktop\Flood_AI_Dataset\05_S1GFloods\A\image_4949.png,c:\Users\HP\OneDrive\Desktop\Flood_AI_Dataset\05_S1GFloods\B\image_4949.png,c:\Users\HP\OneDrive\Desktop\Flood_AI_Dataset\05_S1GFloods\Label\image_4949.png,7.3639,1
image_1715.png,c:\Users\HP\OneDrive\Desktop\Flood_AI_Dataset\05_S1GFloods\A\image_1715.png,c:\Users\HP\OneDrive\Desktop\Flood_AI_Dataset\05_S1GFloods\B\image_1715.png,c:\Users\HP\OneDrive\Desktop\Flood_AI_Dataset\05_S1GFloods\Label\image_1715.png,12.5946,2
image_4064.png,c:\Users\HP\OneDrive\Desktop\Flood_AI_Dataset\05_S1GFloods\A\image_4064.png,c:\Users\HP\OneDrive\Desktop\Flood_AI_Dataset\05_S1GFloods\B\image_4064.png,c:\Users\HP\OneDrive\Desktop\Flood_AI_Dataset\05_S1GFloods\Label\image_4064.png,36.7233,2
image_3152.png,c:\Users\HP\OneDrive\Desktop\Flood_AI_Dataset\05_S1GFloods\A\image_3152.png,c:\Users\HP\OneDrive\Desktop\Flood_AI_Dataset\05_S1GFloods\B\image_3152.png,c:\Users\HP\OneDrive\Desktop\Flood_AI_Dataset\05_S1GFloods\Label\image_3152.png,17.1692,2
image_5019.png,c:\Users\HP\OneDrive\Desktop\Flood_AI_Dataset\05_S1GFloods\A\image_5019.png,c:\Users\HP\OneDrive\Desktop\Flood_AI_Dataset\05_S1GFloods\B\image_5019.png,c:\Users\HP\OneDrive\Desktop\Flood_AI_Dataset\05_S1GFloods\Label\image_5019.png,93.1061,2
image_3660.png,c:\Users\HP\OneDrive\Desktop\Flood_AI_Dataset\05_S1GFloods\A\image_3660.png,c:\Users\HP\OneDrive\Desktop\Flood_AI_Dataset\05_S1GFloods\B\image_3660.png,c:\Users\HP\OneDrive\Desktop\Flood_AI_Dataset\05_S1GFloods\Label\image_3660.png,58.3359,2
image_4723.png,c:\Users\HP\OneDrive\Desktop\Flood_AI_Dataset\05_S1GFloods\A\image_4723.png,c:\Users\HP\OneDrive\Desktop\Flood_AI_Dataset\05_S1GFloods\B\image_4723.png,c:\Users\HP\OneDrive\Desktop\Flood_AI_Dataset\05_S1GFloods\Label\image_4723.png,6.0364,1
image_3397.png,c:\Users\HP\OneDrive\Desktop\Flood_AI_Dataset\05_S1GFloods\A\image_3397.png,c:\Users\HP\OneDrive\Desktop\Flood_AI_Dataset\05_S1GFloods\B\image_3397.png,c:\Users\HP\OneDrive\Desktop\Flood_AI_Dataset\05_S1GFloods\Label\image_3397.png,15.6311,2
image_2736.png,c:\Users\HP\OneDrive\Desktop\Flood_AI_Dataset\05_S1GFloods\A\image_2736.png,c:\Users\HP\OneDrive\Desktop\Flood_AI_Dataset\05_S1GFloods\B\image_2736.png,c:\Users\HP\OneDrive\Desktop\Flood_AI_Dataset\05_S1GFloods\Label\image_2736.png,28.0823,2
image_3000.png,c:\Users\HP\OneDrive\Desktop\Flood_AI_Dataset\05_S1GFloods\A\image_3000.png,c:\Users\HP\OneDrive\Desktop\Flood_AI_Dataset\05_S1GFloods\B\image_3000.png,c:\Users\HP\OneDrive\Desktop\Flood_AI_Dataset\05_S1GFloods\Label\image_3000.png,21.6187,2
image_3472.png,c:\Users\HP\OneDrive\Desktop\Flood_AI_Dataset\05_S1GFloods\A\image_3472.png,c:\Users\HP\OneDrive\Desktop\Flood_AI_Dataset\05_S1GFloods\B\image_3472.png,c:\Users\HP\OneDrive\Desktop\Flood_AI_Dataset\05_S1GFloods\Label\image_3472.png,9.491,1
image_810.png,c:\Users\HP\OneDrive\Desktop\Flood_AI_Dataset\05_S1GFloods\A\image_810.png,c:\Users\HP\OneDrive\Desktop\Flood_AI_Dataset\05_S1GFloods\B\image_810.png,c:\Users\HP\OneDrive\Desktop\Flood_AI_Dataset\05_S1GFloods\Label\image_810.png,84.1736,2
image_5337.png,c:\Users\HP\OneDrive\Desktop\Flood_AI_Dataset\05_S1GFloods\A\image_5337.png,c:\Users\HP\OneDrive\Desktop\Flood_AI_Dataset\05_S1GFloods\B\image_5337.png,c:\Users\HP\OneDrive\Desktop\Flood_AI_Dataset\05_S1GFloods\Label\image_5337.png,31.9519,2
image_549.png,c:\Users\HP\OneDrive\Desktop\Flood_AI_Dataset\05_S1GFloods\A\image_549.png,c:\Users\HP\OneDrive\Desktop\Flood_AI_Dataset\05_S1GFloods\B\image_549.png,c:\Users\HP\OneDrive\Desktop\Flood_AI_Dataset\05_S1GFloods\Label\image_549.png,6.6528,1
image_4657.png,c:\Users\HP\OneDrive\Desktop\Flood_AI_Dataset\05_S1GFloods\A\image_4657.png,c:\Users\HP\OneDrive\Desktop\Flood_AI_Dataset\05_S1GFloods\B\image_4657.png,c:\Users\HP\OneDrive\Desktop\Flood_AI_Dataset\05_S1GFloods\Label\image_4657.png,44.5465,2
image_4320.png,c:\Users\HP\OneDrive\Desktop\Flood_AI_Dataset\05_S1GFloods\A\image_4320.png,c:\Users\HP\OneDrive\Desktop\Flood_AI_Dataset\05_S1GFloods\B\image_4320.png,c:\Users\HP\OneDrive\Desktop\Flood_AI_Dataset\05_S1GFloods\Label\image_4320.png,63.1836,2
image_4297.png,c:\Users\HP\OneDrive\Desktop\Flood_AI_Dataset\05_S1GFloods\A\image_4297.png,c:\Users\HP\OneDrive\Desktop\Flood_AI_Dataset\05_S1GFloods\B\image_4297.png,c:\Users\HP\OneDrive\Desktop\Flood_AI_Dataset\05_S1GFloods\Label\image_4297.png,14.8621,2
image_644.png,c:\Users\HP\OneDrive\Desktop\Flood_AI_Dataset\05_S1GFloods\A\image_644.png,c:\Users\HP\OneDrive\Desktop\Flood_AI_Dataset\05_S1GFloods\B\image_644.png,c:\Users\HP\OneDrive\Desktop\Flood_AI_Dataset\05_S1GFloods\Label\image_644.png,77.774,2
image_3395.png,c:\Users\HP\OneDrive\Desktop\Flood_AI_Dataset\05_S1GFloods\A\image_3395.png,c:\Users\HP\OneDrive\Desktop\Flood_AI_Dataset\05_S1GFloods\B\image_3395.png,c:\Users\HP\OneDrive\Desktop\Flood_AI_Dataset\05_S1GFloods\Label\image_3395.png,10.9436,2
image_4810.png,c:\Users\HP\OneDrive\Desktop\Flood_AI_Dataset\05_S1GFloods\A\image_4810.png,c:\Users\HP\OneDrive\Desktop\Flood_AI_Dataset\05_S1GFloods\B\image_4810.png,c:\Users\HP\OneDrive\Desktop\Flood_AI_Dataset\05_S1GFloods\Label\image_4810.png,22.3114,2
image_5165.png,c:\Users\HP\OneDrive\Desktop\Flood_AI_Dataset\05_S1GFloods\A\image_5165.png,c:\Users\HP\OneDrive\Desktop\Flood_AI_Dataset\05_S1GFloods\B\image_5165.png,c:\Users\HP\OneDrive\Desktop\Flood_AI_Dataset\05_S1GFloods\Label\image_5165.png,5.423,1
image_111.png,c:\Users\HP\OneDrive\Desktop\Flood_AI_Dataset\05_S1GFloods\A\image_111.png,c:\Users\HP\OneDrive\Desktop\Flood_AI_Dataset\05_S1GFloods\B\image_111.png,c:\Users\HP\OneDrive\Desktop\Flood_AI_Dataset\05_S1GFloods\Label\image_111.png,23.9029,2
image_469.png,c:\Users\HP\OneDrive\Desktop\Flood_AI_Dataset\05_S1GFloods\A\image_469.png,c:\Users\HP\OneDrive\Desktop\Flood_AI_Dataset\05_S1GFloods\B\image_469.png,c:\Users\HP\OneDrive\Desktop\Flood_AI_Dataset\05_S1GFloods\Label\image_469.png,15.4221,2
image_1811.png,c:\Users\HP\OneDrive\Desktop\Flood_AI_Dataset\05_S1GFloods\A\image_1811.png,c:\Users\HP\OneDrive\Desktop\Flood_AI_Dataset\05_S1GFloods\B\image_1811.png,c:\Users\HP\OneDrive\Desktop\Flood_AI_Dataset\05_S1GFloods\Label\image_1811.png,12.6541,2
image_113.png,c:\Users\HP\OneDrive\Desktop\Flood_AI_Dataset\05_S1GFloods\A\image_113.png,c:\Users\HP\OneDrive\Desktop\Flood_AI_Dataset\05_S1GFloods\B\image_113.png,c:\Users\HP\OneDrive\Desktop\Flood_AI_Dataset\05_S1GFloods\Label\image_113.png,95.1538,2
image_902.png,c:\Users\HP\OneDrive\Desktop\Flood_AI_Dataset\05_S1GFloods\A\image_902.png,c:\Users\HP\OneDrive\Desktop\Flood_AI_Dataset\05_S1GFloods\B\image_902.png,c:\Users\HP\OneDrive\Desktop\Flood_AI_Dataset\05_S1GFloods\Label\image_902.png,33.5648,2
image_1463.png,c:\Users\HP\OneDrive\Desktop\Flood_AI_Dataset\05_S1GFloods\A\image_1463.png,c:\Users\HP\OneDrive\Desktop\Flood_AI_Dataset\05_S1GFloods\B\image_1463.png,c:\Users\HP\OneDrive\Desktop\Flood_AI_Dataset\05_S1GFloods\Label\image_1463.png,21.1777,2
image_1304.png,c:\Users\HP\OneDrive\Desktop\Flood_AI_Dataset\05_S1GFloods\A\image_1304.png,c:\Users\HP\OneDrive\Desktop\Flood_AI_Dataset\05_S1GFloods\B\image_1304.png,c:\Users\HP\OneDrive\Desktop\Flood_AI_Dataset\05_S1GFloods\Label\image_1304.png,8.2397,1
image_1484.png,c:\Users\HP\OneDrive\Desktop\Flood_AI_Dataset\05_S1GFloods\A\image_1484.png,c:\Users\HP\OneDrive\Desktop\Flood_AI_Dataset\05_S1GFloods\B\image_1484.png,c:\Users\HP\OneDrive\Desktop\Flood_AI_Dataset\05_S1GFloods\Label\image_1484.png,11.9293,2
image_1782.png,c:\Users\HP\OneDrive\Desktop\Flood_AI_Dataset\05_S1GFloods\A\image_1782.png,c:\Users\HP\OneDrive\Desktop\Flood_AI_Dataset\05_S1GFloods\B\image_1782.png,c:\Users\HP\OneDrive\Desktop\Flood_AI_Dataset\05_S1GFloods\Label\image_1782.png,8.5007,1
image_2749.png,c:\Users\HP\OneDrive\Desktop\Flood_AI_Dataset\05_S1GFloods\A\image_2749.png,c:\Users\HP\OneDrive\Desktop\Flood_AI_Dataset\05_S1GFloods\B\image_2749.png,c:\Users\HP\OneDrive\Desktop\Flood_AI_Dataset\05_S1GFloods\Label\image_2749.png,66.4429,2
image_1776.png,c:\Users\HP\OneDrive\Desktop\Flood_AI_Dataset\05_S1GFloods\A\image_1776.png,c:\Users\HP\OneDrive\Desktop\Flood_AI_Dataset\05_S1GFloods\B\image_1776.png,c:\Users\HP\OneDrive\Desktop\Flood_AI_Dataset\05_S1GFloods\Label\image_1776.png,5.014,1
image_4059.png,c:\Users\HP\OneDrive\Desktop\Flood_AI_Dataset\05_S1GFloods\A\image_4059.png,c:\Users\HP\OneDrive\Desktop\Flood_AI_Dataset\05_S1GFloods\B\image_4059.png,c:\Users\HP\OneDrive\Desktop\Flood_AI_Dataset\05_S1GFloods\Label\image_4059.png,15.4419,2
image_368.png,c:\Users\HP\OneDrive\Desktop\Flood_AI_Dataset\05_S1GFloods\A\image_368.png,c:\Users\HP\OneDrive\Desktop\Flood_AI_Dataset\05_S1GFloods\B\image_368.png,c:\Users\HP\OneDrive\Desktop\Flood_AI_Dataset\05_S1GFloods\Label\image_368.png,31.1325,2
image_2319.png,c:\Users\HP\OneDrive\Desktop\Flood_AI_Dataset\05_S1GFloods\A\image_2319.png,c:\Users\HP\OneDrive\Desktop\Flood_AI_Dataset\05_S1GFloods\B\image_2319.png,c:\Users\HP\OneDrive\Desktop\Flood_AI_Dataset\05_S1GFloods\Label\image_2319.png,43.4601,2
image_4022.png,c:\Users\HP\OneDrive\Desktop\Flood_AI_Dataset\05_S1GFloods\A\image_4022.png,c:\Users\HP\OneDrive\Desktop\Flood_AI_Dataset\05_S1GFloods\B\image_4022.png,c:\Users\HP\OneDrive\Desktop\Flood_AI_Dataset\05_S1GFloods\Label\image_4022.png,37.8433,2
image_3640.png,c:\Users\HP\OneDrive\Desktop\Flood_AI_Dataset\05_S1GFloods\A\image_3640.png,c:\Users\HP\OneDrive\Desktop\Flood_AI_Dataset\05_S1GFloods\B\image_3640.png,c:\Users\HP\OneDrive\Desktop\Flood_AI_Dataset\05_S1GFloods\Label\image_3640.png,7.1747,1
image_3423.png,c:\Users\HP\OneDrive\Desktop\Flood_AI_Dataset\05_S1GFloods\A\image_3423.png,c:\Users\HP\OneDrive\Desktop\Flood_AI_Dataset\05_S1GFloods\B\image_3423.png,c:\Users\HP\OneDrive\Desktop\Flood_AI_Dataset\05_S1GFloods\Label\image_3423.png,10.5103,2
image_2275.png,c:\Users\HP\OneDrive\Desktop\Flood_AI_Dataset\05_S1GFloods\A\image_2275.png,c:\Users\HP\OneDrive\Desktop\Flood_AI_Dataset\05_S1GFloods\B\image_2275.png,c:\Users\HP\OneDrive\Desktop\Flood_AI_Dataset\05_S1GFloods\Label\image_2275.png,5.5466,1
image_3836.png,c:\Users\HP\OneDrive\Desktop\Flood_AI_Dataset\05_S1GFloods\A\image_3836.png,c:\Users\HP\OneDrive\Desktop\Flood_AI_Dataset\05_S1GFloods\B\image_3836.png,c:\Users\HP\OneDrive\Desktop\Flood_AI_Dataset\05_S1GFloods\Label\image_3836.png,85.4523,2
image_3700.png,c:\Users\HP\OneDrive\Desktop\Flood_AI_Dataset\05_S1GFloods\A\image_3700.png,c:\Users\HP\OneDrive\Desktop\Flood_AI_Dataset\05_S1GFloods\B\image_3700.png,c:\Users\HP\OneDrive\Desktop\Flood_AI_Dataset\05_S1GFloods\Label\image_3700.png,13.0753,2
image_5124.png,c:\Users\HP\OneDrive\Desktop\Flood_AI_Dataset\05_S1GFloods\A\image_5124.png,c:\Users\HP\OneDrive\Desktop\Flood_AI_Dataset\05_S1GFloods\B\image_5124.png,c:\Users\HP\OneDrive\Desktop\Flood_AI_Dataset\05_S1GFloods\Label\image_5124.png,11.1969,2
image_4495.png,c:\Users\HP\OneDrive\Desktop\Flood_AI_Dataset\05_S1GFloods\A\image_4495.png,c:\Users\HP\OneDrive\Desktop\Flood_AI_Dataset\05_S1GFloods\B\image_4495.png,c:\Users\HP\OneDrive\Desktop\Flood_AI_Dataset\05_S1GFloods\Label\image_4495.png,10.8749,2
image_5279.png,c:\Users\HP\OneDrive\Desktop\Flood_AI_Dataset\05_S1GFloods\A\image_5279.png,c:\Users\HP\OneDrive\Desktop\Flood_AI_Dataset\05_S1GFloods\B\image_5279.png,c:\Users\HP\OneDrive\Desktop\Flood_AI_Dataset\05_S1GFloods\Label\image_5279.png,19.3634,2
image_4015.png,c:\Users\HP\OneDrive\Desktop\Flood_AI_Dataset\05_S1GFloods\A\image_4015.png,c:\Users\HP\OneDrive\Desktop\Flood_AI_Dataset\05_S1GFloods\B\image_4015.png,c:\Users\HP\OneDrive\Desktop\Flood_AI_Dataset\05_S1GFloods\Label\image_4015.png,52.6062,2
image_2727.png,c:\Users\HP\OneDrive\Desktop\Flood_AI_Dataset\05_S1GFloods\A\image_2727.png,c:\Users\HP\OneDrive\Desktop\Flood_AI_Dataset\05_S1GFloods\B\image_2727.png,c:\Users\HP\OneDrive\Desktop\Flood_AI_Dataset\05_S1GFloods\Label\image_2727.png,62.1338,2
image_1946.png,c:\Users\HP\OneDrive\Desktop\Flood_AI_Dataset\05_S1GFloods\A\image_1946.png,c:\Users\HP\OneDrive\Desktop\Flood_AI_Dataset\05_S1GFloods\B\image_1946.png,c:\Users\HP\OneDrive\Desktop\Flood_AI_Dataset\05_S1GFloods\Label\image_1946.png,6.0303,1
image_254.png,c:\Users\HP\OneDrive\Desktop\Flood_AI_Dataset\05_S1GFloods\A\image_254.png,c:\Users\HP\OneDrive\Desktop\Flood_AI_Dataset\05_S1GFloods\B\image_254.png,c:\Users\HP\OneDrive\Desktop\Flood_AI_Dataset\05_S1GFloods\Label\image_254.png,48.2178,2
image_4120.png,c:\Users\HP\OneDrive\Desktop\Flood_AI_Dataset\05_S1GFloods\A\image_4120.png,c:\Users\HP\OneDrive\Desktop\Flood_AI_Dataset\05_S1GFloods\B\image_4120.png,c:\Users\HP\OneDrive\Desktop\Flood_AI_Dataset\05_S1GFloods\Label\image_4120.png,32.0663,2
image_1967.png,c:\Users\HP\OneDrive\Desktop\Flood_AI_Dataset\05_S1GFloods\A\image_1967.png,c:\Users\HP\OneDrive\Desktop\Flood_AI_Dataset\05_S1GFloods\B\image_1967.png,c:\Users\HP\OneDrive\Desktop\Flood_AI_Dataset\05_S1GFloods\Label\image_1967.png,14.2242,2
image_4675.png,c:\Users\HP\OneDrive\Desktop\Flood_AI_Dataset\05_S1GFloods\A\image_4675.png,c:\Users\HP\OneDrive\Desktop\Flood_AI_Dataset\05_S1GFloods\B\image_4675.png,c:\Users\HP\OneDrive\Desktop\Flood_AI_Dataset\05_S1GFloods\Label\image_4675.png,39.1235,2
image_610.png,c:\Users\HP\OneDrive\Desktop\Flood_AI_Dataset\05_S1GFloods\A\image_610.png,c:\Users\HP\OneDrive\Desktop\Flood_AI_Dataset\05_S1GFloods\B\image_610.png,c:\Users\HP\OneDrive\Desktop\Flood_AI_Dataset\05_S1GFloods\Label\image_610.png,97.1146,2
image_4892.png,c:\Users\HP\OneDrive\Desktop\Flood_AI_Dataset\05_S1GFloods\A\image_4892.png,c:\Users\HP\OneDrive\Desktop\Flood_AI_Dataset\05_S1GFloods\B\image_4892.png,c:\Users\HP\OneDrive\Desktop\Flood_AI_Dataset\05_S1GFloods\Label\image_4892.png,36.4532,2
image_4295.png,c:\Users\HP\OneDrive\Desktop\Flood_AI_Dataset\05_S1GFloods\A\image_4295.png,c:\Users\HP\OneDrive\Desktop\Flood_AI_Dataset\05_S1GFloods\B\image_4295.png,c:\Users\HP\OneDrive\Desktop\Flood_AI_Dataset\05_S1GFloods\Label\image_4295.png,5.3619,1
image_282.png,c:\Users\HP\OneDrive\Desktop\Flood_AI_Dataset\05_S1GFloods\A\image_282.png,c:\Users\HP\OneDrive\Desktop\Flood_AI_Dataset\05_S1GFloods\B\image_282.png,c:\Users\HP\OneDrive\Desktop\Flood_AI_Dataset\05_S1GFloods\Label\image_282.png,79.0665,2
image_3738.png,c:\Users\HP\OneDrive\Desktop\Flood_AI_Dataset\05_S1GFloods\A\image_3738.png,c:\Users\HP\OneDrive\Desktop\Flood_AI_Dataset\05_S1GFloods\B\image_3738.png,c:\Users\HP\OneDrive\Desktop\Flood_AI_Dataset\05_S1GFloods\Label\image_3738.png,18.3502,2
image_3135.png,c:\Users\HP\OneDrive\Desktop\Flood_AI_Dataset\05_S1GFloods\A\image_3135.png,c:\Users\HP\OneDrive\Desktop\Flood_AI_Dataset\05_S1GFloods\B\image_3135.png,c:\Users\HP\OneDrive\Desktop\Flood_AI_Dataset\05_S1GFloods\Label\image_3135.png,8.2565,1
image_4539.png,c:\Users\HP\OneDrive\Desktop\Flood_AI_Dataset\05_S1GFloods\A\image_4539.png,c:\Users\HP\OneDrive\Desktop\Flood_AI_Dataset\05_S1GFloods\B\image_4539.png,c:\Users\HP\OneDrive\Desktop\Flood_AI_Dataset\05_S1GFloods\Label\image_4539.png,15.4404,2
image_4213.png,c:\Users\HP\OneDrive\Desktop\Flood_AI_Dataset\05_S1GFloods\A\image_4213.png,c:\Users\HP\OneDrive\Desktop\Flood_AI_Dataset\05_S1GFloods\B\image_4213.png,c:\Users\HP\OneDrive\Desktop\Flood_AI_Dataset\05_S1GFloods\Label\image_4213.png,70.6039,2
image_2565.png,c:\Users\HP\OneDrive\Desktop\Flood_AI_Dataset\05_S1GFloods\A\image_2565.png,c:\Users\HP\OneDrive\Desktop\Flood_AI_Dataset\05_S1GFloods\B\image_2565.png,c:\Users\HP\OneDrive\Desktop\Flood_AI_Dataset\05_S1GFloods\Label\image_2565.png,20.2057,2
image_3983.png,c:\Users\HP\OneDrive\Desktop\Flood_AI_Dataset\05_S1GFloods\A\image_3983.png,c:\Users\HP\OneDrive\Desktop\Flood_AI_Dataset\05_S1GFloods\B\image_3983.png,c:\Users\HP\OneDrive\Desktop\Flood_AI_Dataset\05_S1GFloods\Label\image_3983.png,45.3064,2
image_4928.png,c:\Users\HP\OneDrive\Desktop\Flood_AI_Dataset\05_S1GFloods\A\image_4928.png,c:\Users\HP\OneDrive\Desktop\Flood_AI_Dataset\05_S1GFloods\B\image_4928.png,c:\Users\HP\OneDrive\Desktop\Flood_AI_Dataset\05_S1GFloods\Label\image_4928.png,37.9196,2
image_3059.png,c:\Users\HP\OneDrive\Desktop\Flood_AI_Dataset\05_S1GFloods\A\image_3059.png,c:\Users\HP\OneDrive\Desktop\Flood_AI_Dataset\05_S1GFloods\B\image_3059.png,c:\Users\HP\OneDrive\Desktop\Flood_AI_Dataset\05_S1GFloods\Label\image_3059.png,17.0792,2
image_2226.png,c:\Users\HP\OneDrive\Desktop\Flood_AI_Dataset\05_S1GFloods\A\image_2226.png,c:\Users\HP\OneDrive\Desktop\Flood_AI_Dataset\05_S1GFloods\B\image_2226.png,c:\Users\HP\OneDrive\Desktop\Flood_AI_Dataset\05_S1GFloods\Label\image_2226.png,9.2545,1
image_4750.png,c:\Users\HP\OneDrive\Desktop\Flood_AI_Dataset\05_S1GFloods\A\image_4750.png,c:\Users\HP\OneDrive\Desktop\Flood_AI_Dataset\05_S1GFloods\B\image_4750.png,c:\Users\HP\OneDrive\Desktop\Flood_AI_Dataset\05_S1GFloods\Label\image_4750.png,18.8568,2
image_2582.png,c:\Users\HP\OneDrive\Desktop\Flood_AI_Dataset\05_S1GFloods\A\image_2582.png,c:\Users\HP\OneDrive\Desktop\Flood_AI_Dataset\05_S1GFloods\B\image_2582.png,c:\Users\HP\OneDrive\Desktop\Flood_AI_Dataset\05_S1GFloods\Label\image_2582.png,5.9586,1
image_5211.png,c:\Users\HP\OneDrive\Desktop\Flood_AI_Dataset\05_S1GFloods\A\image_5211.png,c:\Users\HP\OneDrive\Desktop\Flood_AI_Dataset\05_S1GFloods\B\image_5211.png,c:\Users\HP\OneDrive\Desktop\Flood_AI_Dataset\05_S1GFloods\Label\image_5211.png,6.5598,1
image_4668.png,c:\Users\HP\OneDrive\Desktop\Flood_AI_Dataset\05_S1GFloods\A\image_4668.png,c:\Users\HP\OneDrive\Desktop\Flood_AI_Dataset\05_S1GFloods\B\image_4668.png,c:\Users\HP\OneDrive\Desktop\Flood_AI_Dataset\05_S1GFloods\Label\image_4668.png,10.4172,2
image_428.png,c:\Users\HP\OneDrive\Desktop\Flood_AI_Dataset\05_S1GFloods\A\image_428.png,c:\Users\HP\OneDrive\Desktop\Flood_AI_Dataset\05_S1GFloods\B\image_428.png,c:\Users\HP\OneDrive\Desktop\Flood_AI_Dataset\05_S1GFloods\Label\image_428.png,56.1234,2
image_3589.png,c:\Users\HP\OneDrive\Desktop\Flood_AI_Dataset\05_S1GFloods\A\image_3589.png,c:\Users\HP\OneDrive\Desktop\Flood_AI_Dataset\05_S1GFloods\B\image_3589.png,c:\Users\HP\OneDrive\Desktop\Flood_AI_Dataset\05_S1GFloods\Label\image_3589.png,53.9734,2
image_1000.png,c:\Users\HP\OneDrive\Desktop\Flood_AI_Dataset\05_S1GFloods\A\image_1000.png,c:\Users\HP\OneDrive\Desktop\Flood_AI_Dataset\05_S1GFloods\B\image_1000.png,c:\Users\HP\OneDrive\Desktop\Flood_AI_Dataset\05_S1GFloods\Label\image_1000.png,44.8898,2
image_3123.png,c:\Users\HP\OneDrive\Desktop\Flood_AI_Dataset\05_S1GFloods\A\image_3123.png,c:\Users\HP\OneDrive\Desktop\Flood_AI_Dataset\05_S1GFloods\B\image_3123.png,c:\Users\HP\OneDrive\Desktop\Flood_AI_Dataset\05_S1GFloods\Label\image_3123.png,47.345,2
image_3959.png,c:\Users\HP\OneDrive\Desktop\Flood_AI_Dataset\05_S1GFloods\A\image_3959.png,c:\Users\HP\OneDrive\Desktop\Flood_AI_Dataset\05_S1GFloods\B\image_3959.png,c:\Users\HP\OneDrive\Desktop\Flood_AI_Dataset\05_S1GFloods\Label\image_3959.png,97.7692,2
image_4775.png,c:\Users\HP\OneDrive\Desktop\Flood_AI_Dataset\05_S1GFloods\A\image_4775.png,c:\Users\HP\OneDrive\Desktop\Flood_AI_Dataset\05_S1GFloods\B\image_4775.png,c:\Users\HP\OneDrive\Desktop\Flood_AI_Dataset\05_S1GFloods\Label\image_4775.png,5.7053,1
image_5309.png,c:\Users\HP\OneDrive\Desktop\Flood_AI_Dataset\05_S1GFloods\A\image_5309.png,c:\Users\HP\OneDrive\Desktop\Flood_AI_Dataset\05_S1GFloods\B\image_5309.png,c:\Users\HP\OneDrive\Desktop\Flood_AI_Dataset\05_S1GFloods\Label\image_5309.png,5.835,1
image_4844.png,c:\Users\HP\OneDrive\Desktop\Flood_AI_Dataset\05_S1GFloods\A\image_4844.png,c:\Users\HP\OneDrive\Desktop\Flood_AI_Dataset\05_S1GFloods\B\image_4844.png,c:\Users\HP\OneDrive\Desktop\Flood_AI_Dataset\05_S1GFloods\Label\image_4844.png,10.0464,2
image_1023.png,c:\Users\HP\OneDrive\Desktop\Flood_AI_Dataset\05_S1GFloods\A\image_1023.png,c:\Users\HP\OneDrive\Desktop\Flood_AI_Dataset\05_S1GFloods\B\image_1023.png,c:\Users\HP\OneDrive\Desktop\Flood_AI_Dataset\05_S1GFloods\Label\image_1023.png,57.9056,2
image_1266.png,c:\Users\HP\OneDrive\Desktop\Flood_AI_Dataset\05_S1GFloods\A\image_1266.png,c:\Users\HP\OneDrive\Desktop\Flood_AI_Dataset\05_S1GFloods\B\image_1266.png,c:\Users\HP\OneDrive\Desktop\Flood_AI_Dataset\05_S1GFloods\Label\image_1266.png,12.2803,2
image_711.png,c:\Users\HP\OneDrive\Desktop\Flood_AI_Dataset\05_S1GFloods\A\image_711.png,c:\Users\HP\OneDrive\Desktop\Flood_AI_Dataset\05_S1GFloods\B\image_711.png,c:\Users\HP\OneDrive\Desktop\Flood_AI_Dataset\05_S1GFloods\Label\image_711.png,44.9509,2
image_2342.png,c:\Users\HP\OneDrive\Desktop\Flood_AI_Dataset\05_S1GFloods\A\image_2342.png,c:\Users\HP\OneDrive\Desktop\Flood_AI_Dataset\05_S1GFloods\B\image_2342.png,c:\Users\HP\OneDrive\Desktop\Flood_AI_Dataset\05_S1GFloods\Label\image_2342.png,8.8455,1
image_4346.png,c:\Users\HP\OneDrive\Desktop\Flood_AI_Dataset\05_S1GFloods\A\image_4346.png,c:\Users\HP\OneDrive\Desktop\Flood_AI_Dataset\05_S1GFloods\B\image_4346.png,c:\Users\HP\OneDrive\Desktop\Flood_AI_Dataset\05_S1GFloods\Label\image_4346.png,86.2701,2
image_2741.png,c:\Users\HP\OneDrive\Desktop\Flood_AI_Dataset\05_S1GFloods\A\image_2741.png,c:\Users\HP\OneDrive\Desktop\Flood_AI_Dataset\05_S1GFloods\B\image_2741.png,c:\Users\HP\OneDrive\Desktop\Flood_AI_Dataset\05_S1GFloods\Label\image_2741.png,32.7591,2
image_4772.png,c:\Users\HP\OneDrive\Desktop\Flood_AI_Dataset\05_S1GFloods\A\image_4772.png,c:\Users\HP\OneDrive\Desktop\Flood_AI_Dataset\05_S1GFloods\B\image_4772.png,c:\Users\HP\OneDrive\Desktop\Flood_AI_Dataset\05_S1GFloods\Label\image_4772.png,27.1606,2
image_4930.png,c:\Users\HP\OneDrive\Desktop\Flood_AI_Dataset\05_S1GFloods\A\image_4930.png,c:\Users\HP\OneDrive\Desktop\Flood_AI_Dataset\05_S1GFloods\B\image_4930.png,c:\Users\HP\OneDrive\Desktop\Flood_AI_Dataset\05_S1GFloods\Label\image_4930.png,14.2105,2
image_2869.png,c:\Users\HP\OneDrive\Desktop\Flood_AI_Dataset\05_S1GFloods\A\image_2869.png,c:\Users\HP\OneDrive\Desktop\Flood_AI_Dataset\05_S1GFloods\B\image_2869.png,c:\Users\HP\OneDrive\Desktop\Flood_AI_Dataset\05_S1GFloods\Label\image_2869.png,19.6854,2
image_2173.png,c:\Users\HP\OneDrive\Desktop\Flood_AI_Dataset\05_S1GFloods\A\image_2173.png,c:\Users\HP\OneDrive\Desktop\Flood_AI_Dataset\05_S1GFloods\B\image_2173.png,c:\Users\HP\OneDrive\Desktop\Flood_AI_Dataset\05_S1GFloods\Label\image_2173.png,13.8107,2
image_3491.png,c:\Users\HP\OneDrive\Desktop\Flood_AI_Dataset\05_S1GFloods\A\image_3491.png,c:\Users\HP\OneDrive\Desktop\Flood_AI_Dataset\05_S1GFloods\B\image_3491.png,c:\Users\HP\OneDrive\Desktop\Flood_AI_Dataset\05_S1GFloods\Label\image_3491.png,18.045,2
image_2554.png,c:\Users\HP\OneDrive\Desktop\Flood_AI_Dataset\05_S1GFloods\A\image_2554.png,c:\Users\HP\OneDrive\Desktop\Flood_AI_Dataset\05_S1GFloods\B\image_2554.png,c:\Users\HP\OneDrive\Desktop\Flood_AI_Dataset\05_S1GFloods\Label\image_2554.png,66.9266,2
image_629.png,c:\Users\HP\OneDrive\Desktop\Flood_AI_Dataset\05_S1GFloods\A\image_629.png,c:\Users\HP\OneDrive\Desktop\Flood_AI_Dataset\05_S1GFloods\B\image_629.png,c:\Users\HP\OneDrive\Desktop\Flood_AI_Dataset\05_S1GFloods\Label\image_629.png,87.4084,2
image_1201.png,c:\Users\HP\OneDrive\Desktop\Flood_AI_Dataset\05_S1GFloods\A\image_1201.png,c:\Users\HP\OneDrive\Desktop\Flood_AI_Dataset\05_S1GFloods\B\image_1201.png,c:\Users\HP\OneDrive\Desktop\Flood_AI_Dataset\05_S1GFloods\Label\image_1201.png,5.0598,1
image_2462.png,c:\Users\HP\OneDrive\Desktop\Flood_AI_Dataset\05_S1GFloods\A\image_2462.png,c:\Users\HP\OneDrive\Desktop\Flood_AI_Dataset\05_S1GFloods\B\image_2462.png,c:\Users\HP\OneDrive\Desktop\Flood_AI_Dataset\05_S1GFloods\Label\image_2462.png,70.0577,2
image_766.png,c:\Users\HP\OneDrive\Desktop\Flood_AI_Dataset\05_S1GFloods\A\image_766.png,c:\Users\HP\OneDrive\Desktop\Flood_AI_Dataset\05_S1GFloods\B\image_766.png,c:\Users\HP\OneDrive\Desktop\Flood_AI_Dataset\05_S1GFloods\Label\image_766.png,94.9249,2
image_3369.png,c:\Users\HP\OneDrive\Desktop\Flood_AI_Dataset\05_S1GFloods\A\image_3369.png,c:\Users\HP\OneDrive\Desktop\Flood_AI_Dataset\05_S1GFloods\B\image_3369.png,c:\Users\HP\OneDrive\Desktop\Flood_AI_Dataset\05_S1GFloods\Label\image_3369.png,20.2301,2
image_3702.png,c:\Users\HP\OneDrive\Desktop\Flood_AI_Dataset\05_S1GFloods\A\image_3702.png,c:\Users\HP\OneDrive\Desktop\Flood_AI_Dataset\05_S1GFloods\B\image_3702.png,c:\Users\HP\OneDrive\Desktop\Flood_AI_Dataset\05_S1GFloods\Label\image_3702.png,19.5419,2
image_1051.png,c:\Users\HP\OneDrive\Desktop\Flood_AI_Dataset\05_S1GFloods\A\image_1051.png,c:\Users\HP\OneDrive\Desktop\Flood_AI_Dataset\05_S1GFloods\B\image_1051.png,c:\Users\HP\OneDrive\Desktop\Flood_AI_Dataset\05_S1GFloods\Label\image_1051.png,21.1197,2
image_2145.png,c:\Users\HP\OneDrive\Desktop\Flood_AI_Dataset\05_S1GFloods\A\image_2145.png,c:\Users\HP\OneDrive\Desktop\Flood_AI_Dataset\05_S1GFloods\B\image_2145.png,c:\Users\HP\OneDrive\Desktop\Flood_AI_Dataset\05_S1GFloods\Label\image_2145.png,7.6126,1
image_1975.png,c:\Users\HP\OneDrive\Desktop\Flood_AI_Dataset\05_S1GFloods\A\image_1975.png,c:\Users\HP\OneDrive\Desktop\Flood_AI_Dataset\05_S1GFloods\B\image_1975.png,c:\Users\HP\OneDrive\Desktop\Flood_AI_Dataset\05_S1GFloods\Label\image_1975.png,29.2801,2
image_1132.png,c:\Users\HP\OneDrive\Desktop\Flood_AI_Dataset\05_S1GFloods\A\image_1132.png,c:\Users\HP\OneDrive\Desktop\Flood_AI_Dataset\05_S1GFloods\B\image_1132.png,c:\Users\HP\OneDrive\Desktop\Flood_AI_Dataset\05_S1GFloods\Label\image_1132.png,85.0922,2
image_3555.png,c:\Users\HP\OneDrive\Desktop\Flood_AI_Dataset\05_S1GFloods\A\image_3555.png,c:\Users\HP\OneDrive\Desktop\Flood_AI_Dataset\05_S1GFloods\B\image_3555.png,c:\Users\HP\OneDrive\Desktop\Flood_AI_Dataset\05_S1GFloods\Label\image_3555.png,60.8627,2
image_2284.png,c:\Users\HP\OneDrive\Desktop\Flood_AI_Dataset\05_S1GFloods\A\image_2284.png,c:\Users\HP\OneDrive\Desktop\Flood_AI_Dataset\05_S1GFloods\B\image_2284.png,c:\Users\HP\OneDrive\Desktop\Flood_AI_Dataset\05_S1GFloods\Label\image_2284.png,8.0917,1
image_2056.png,c:\Users\HP\OneDrive\Desktop\Flood_AI_Dataset\05_S1GFloods\A\image_2056.png,c:\Users\HP\OneDrive\Desktop\Flood_AI_Dataset\05_S1GFloods\B\image_2056.png,c:\Users\HP\OneDrive\Desktop\Flood_AI_Dataset\05_S1GFloods\Label\image_2056.png,21.402,2
image_1833.png,c:\Users\HP\OneDrive\Desktop\Flood_AI_Dataset\05_S1GFloods\A\image_1833.png,c:\Users\HP\OneDrive\Desktop\Flood_AI_Dataset\05_S1GFloods\B\image_1833.png,c:\Users\HP\OneDrive\Desktop\Flood_AI_Dataset\05_S1GFloods\Label\image_1833.png,28.2974,2
image_4680.png,c:\Users\HP\OneDrive\Desktop\Flood_AI_Dataset\05_S1GFloods\A\image_4680.png,c:\Users\HP\OneDrive\Desktop\Flood_AI_Dataset\05_S1GFloods\B\image_4680.png,c:\Users\HP\OneDrive\Desktop\Flood_AI_Dataset\05_S1GFloods\Label\image_4680.png,34.1476,2
image_49.png,c:\Users\HP\OneDrive\Desktop\Flood_AI_Dataset\05_S1GFloods\A\image_49.png,c:\Users\HP\OneDrive\Desktop\Flood_AI_Dataset\05_S1GFloods\B\image_49.png,c:\Users\HP\OneDrive\Desktop\Flood_AI_Dataset\05_S1GFloods\Label\image_49.png,57.9254,2
image_2909.png,c:\Users\HP\OneDrive\Desktop\Flood_AI_Dataset\05_S1GFloods\A\image_2909.png,c:\Users\HP\OneDrive\Desktop\Flood_AI_Dataset\05_S1GFloods\B\image_2909.png,c:\Users\HP\OneDrive\Desktop\Flood_AI_Dataset\05_S1GFloods\Label\image_2909.png,41.8854,2
image_883.png,c:\Users\HP\OneDrive\Desktop\Flood_AI_Dataset\05_S1GFloods\A\image_883.png,c:\Users\HP\OneDrive\Desktop\Flood_AI_Dataset\05_S1GFloods\B\image_883.png,c:\Users\HP\OneDrive\Desktop\Flood_AI_Dataset\05_S1GFloods\Label\image_883.png,49.3988,2
image_1072.png,c:\Users\HP\OneDrive\Desktop\Flood_AI_Dataset\05_S1GFloods\A\image_1072.png,c:\Users\HP\OneDrive\Desktop\Flood_AI_Dataset\05_S1GFloods\B\image_1072.png,c:\Users\HP\OneDrive\Desktop\Flood_AI_Dataset\05_S1GFloods\Label\image_1072.png,50.2823,2
image_3625.png,c:\Users\HP\OneDrive\Desktop\Flood_AI_Dataset\05_S1GFloods\A\image_3625.png,c:\Users\HP\OneDrive\Desktop\Flood_AI_Dataset\05_S1GFloods\B\image_3625.png,c:\Users\HP\OneDrive\Desktop\Flood_AI_Dataset\05_S1GFloods\Label\image_3625.png,7.2693,1
image_1349.png,c:\Users\HP\OneDrive\Desktop\Flood_AI_Dataset\05_S1GFloods\A\image_1349.png,c:\Users\HP\OneDrive\Desktop\Flood_AI_Dataset\05_S1GFloods\B\image_1349.png,c:\Users\HP\OneDrive\Desktop\Flood_AI_Dataset\05_S1GFloods\Label\image_1349.png,65.1993,2
image_4789.png,c:\Users\HP\OneDrive\Desktop\Flood_AI_Dataset\05_S1GFloods\A\image_4789.png,c:\Users\HP\OneDrive\Desktop\Flood_AI_Dataset\05_S1GFloods\B\image_4789.png,c:\Users\HP\OneDrive\Desktop\Flood_AI_Dataset\05_S1GFloods\Label\image_4789.png,6.4102,1
image_2988.png,c:\Users\HP\OneDrive\Desktop\Flood_AI_Dataset\05_S1GFloods\A\image_2988.png,c:\Users\HP\OneDrive\Desktop\Flood_AI_Dataset\05_S1GFloods\B\image_2988.png,c:\Users\HP\OneDrive\Desktop\Flood_AI_Dataset\05_S1GFloods\Label\image_2988.png,19.6426,2
image_4381.png,c:\Users\HP\OneDrive\Desktop\Flood_AI_Dataset\05_S1GFloods\A\image_4381.png,c:\Users\HP\OneDrive\Desktop\Flood_AI_Dataset\05_S1GFloods\B\image_4381.png,c:\Users\HP\OneDrive\Desktop\Flood_AI_Dataset\05_S1GFloods\Label\image_4381.png,86.1938,2
image_1508.png,c:\Users\HP\OneDrive\Desktop\Flood_AI_Dataset\05_S1GFloods\A\image_1508.png,c:\Users\HP\OneDrive\Desktop\Flood_AI_Dataset\05_S1GFloods\B\image_1508.png,c:\Users\HP\OneDrive\Desktop\Flood_AI_Dataset\05_S1GFloods\Label\image_1508.png,13.6978,2
image_1446.png,c:\Users\HP\OneDrive\Desktop\Flood_AI_Dataset\05_S1GFloods\A\image_1446.png,c:\Users\HP\OneDrive\Desktop\Flood_AI_Dataset\05_S1GFloods\B\image_1446.png,c:\Users\HP\OneDrive\Desktop\Flood_AI_Dataset\05_S1GFloods\Label\image_1446.png,16.7679,2
image_3727.png,c:\Users\HP\OneDrive\Desktop\Flood_AI_Dataset\05_S1GFloods\A\image_3727.png,c:\Users\HP\OneDrive\Desktop\Flood_AI_Dataset\05_S1GFloods\B\image_3727.png,c:\Users\HP\OneDrive\Desktop\Flood_AI_Dataset\05_S1GFloods\Label\image_3727.png,50.4074,2
image_2868.png,c:\Users\HP\OneDrive\Desktop\Flood_AI_Dataset\05_S1GFloods\A\image_2868.png,c:\Users\HP\OneDrive\Desktop\Flood_AI_Dataset\05_S1GFloods\B\image_2868.png,c:\Users\HP\OneDrive\Desktop\Flood_AI_Dataset\05_S1GFloods\Label\image_2868.png,19.3634,2
image_1067.png,c:\Users\HP\OneDrive\Desktop\Flood_AI_Dataset\05_S1GFloods\A\image_1067.png,c:\Users\HP\OneDrive\Desktop\Flood_AI_Dataset\05_S1GFloods\B\image_1067.png,c:\Users\HP\OneDrive\Desktop\Flood_AI_Dataset\05_S1GFloods\Label\image_1067.png,95.7642,2
image_2234.png,c:\Users\HP\OneDrive\Desktop\Flood_AI_Dataset\05_S1GFloods\A\image_2234.png,c:\Users\HP\OneDrive\Desktop\Flood_AI_Dataset\05_S1GFloods\B\image_2234.png,c:\Users\HP\OneDrive\Desktop\Flood_AI_Dataset\05_S1GFloods\Label\image_2234.png,5.014,1
image_3333.png,c:\Users\HP\OneDrive\Desktop\Flood_AI_Dataset\05_S1GFloods\A\image_3333.png,c:\Users\HP\OneDrive\Desktop\Flood_AI_Dataset\05_S1GFloods\B\image_3333.png,c:\Users\HP\OneDrive\Desktop\Flood_AI_Dataset\05_S1GFloods\Label\image_3333.png,7.9224,1
image_4664.png,c:\Users\HP\OneDrive\Desktop\Flood_AI_Dataset\05_S1GFloods\A\image_4664.png,c:\Users\HP\OneDrive\Desktop\Flood_AI_Dataset\05_S1GFloods\B\image_4664.png,c:\Users\HP\OneDrive\Desktop\Flood_AI_Dataset\05_S1GFloods\Label\image_4664.png,8.783,1
image_5056.png,c:\Users\HP\OneDrive\Desktop\Flood_AI_Dataset\05_S1GFloods\A\image_5056.png,c:\Users\HP\OneDrive\Desktop\Flood_AI_Dataset\05_S1GFloods\B\image_5056.png,c:\Users\HP\OneDrive\Desktop\Flood_AI_Dataset\05_S1GFloods\Label\image_5056.png,6.9519,1
image_5038.png,c:\Users\HP\OneDrive\Desktop\Flood_AI_Dataset\05_S1GFloods\A\image_5038.png,c:\Users\HP\OneDrive\Desktop\Flood_AI_Dataset\05_S1GFloods\B\image_5038.png,c:\Users\HP\OneDrive\Desktop\Flood_AI_Dataset\05_S1GFloods\Label\image_5038.png,5.9631,1
image_773.png,c:\Users\HP\OneDrive\Desktop\Flood_AI_Dataset\05_S1GFloods\A\image_773.png,c:\Users\HP\OneDrive\Desktop\Flood_AI_Dataset\05_S1GFloods\B\image_773.png,c:\Users\HP\OneDrive\Desktop\Flood_AI_Dataset\05_S1GFloods\Label\image_773.png,96.228,2
image_2906.png,c:\Users\HP\OneDrive\Desktop\Flood_AI_Dataset\05_S1GFloods\A\image_2906.png,c:\Users\HP\OneDrive\Desktop\Flood_AI_Dataset\05_S1GFloods\B\image_2906.png,c:\Users\HP\OneDrive\Desktop\Flood_AI_Dataset\05_S1GFloods\Label\image_2906.png,73.3032,2
image_2795.png,c:\Users\HP\OneDrive\Desktop\Flood_AI_Dataset\05_S1GFloods\A\image_2795.png,c:\Users\HP\OneDrive\Desktop\Flood_AI_Dataset\05_S1GFloods\B\image_2795.png,c:\Users\HP\OneDrive\Desktop\Flood_AI_Dataset\05_S1GFloods\Label\image_2795.png,11.8988,2
image_238.png,c:\Users\HP\OneDrive\Desktop\Flood_AI_Dataset\05_S1GFloods\A\image_238.png,c:\Users\HP\OneDrive\Desktop\Flood_AI_Dataset\05_S1GFloods\B\image_238.png,c:\Users\HP\OneDrive\Desktop\Flood_AI_Dataset\05_S1GFloods\Label\image_238.png,67.4759,2
image_706.png,c:\Users\HP\OneDrive\Desktop\Flood_AI_Dataset\05_S1GFloods\A\image_706.png,c:\Users\HP\OneDrive\Desktop\Flood_AI_Dataset\05_S1GFloods\B\image_706.png,c:\Users\HP\OneDrive\Desktop\Flood_AI_Dataset\05_S1GFloods\Label\image_706.png,76.8768,2
image_1533.png,c:\Users\HP\OneDrive\Desktop\Flood_AI_Dataset\05_S1GFloods\A\image_1533.png,c:\Users\HP\OneDrive\Desktop\Flood_AI_Dataset\05_S1GFloods\B\image_1533.png,c:\Users\HP\OneDrive\Desktop\Flood_AI_Dataset\05_S1GFloods\Label\image_1533.png,79.6097,2
image_3104.png,c:\Users\HP\OneDrive\Desktop\Flood_AI_Dataset\05_S1GFloods\A\image_3104.png,c:\Users\HP\OneDrive\Desktop\Flood_AI_Dataset\05_S1GFloods\B\image_3104.png,c:\Users\HP\OneDrive\Desktop\Flood_AI_Dataset\05_S1GFloods\Label\image_3104.png,18.3029,2
image_746.png,c:\Users\HP\OneDrive\Desktop\Flood_AI_Dataset\05_S1GFloods\A\image_746.png,c:\Users\HP\OneDrive\Desktop\Flood_AI_Dataset\05_S1GFloods\B\image_746.png,c:\Users\HP\OneDrive\Desktop\Flood_AI_Dataset\05_S1GFloods\Label\image_746.png,71.1792,2
image_4416.png,c:\Users\HP\OneDrive\Desktop\Flood_AI_Dataset\05_S1GFloods\A\image_4416.png,c:\Users\HP\OneDrive\Desktop\Flood_AI_Dataset\05_S1GFloods\B\image_4416.png,c:\Users\HP\OneDrive\Desktop\Flood_AI_Dataset\05_S1GFloods\Label\image_4416.png,46.73,2
image_5086.png,c:\Users\HP\OneDrive\Desktop\Flood_AI_Dataset\05_S1GFloods\A\image_5086.png,c:\Users\HP\OneDrive\Desktop\Flood_AI_Dataset\05_S1GFloods\B\image_5086.png,c:\Users\HP\OneDrive\Desktop\Flood_AI_Dataset\05_S1GFloods\Label\image_5086.png,28.3981,2
image_539.png,c:\Users\HP\OneDrive\Desktop\Flood_AI_Dataset\05_S1GFloods\A\image_539.png,c:\Users\HP\OneDrive\Desktop\Flood_AI_Dataset\05_S1GFloods\B\image_539.png,c:\Users\HP\OneDrive\Desktop\Flood_AI_Dataset\05_S1GFloods\Label\image_539.png,90.1413,2
image_4979.png,c:\Users\HP\OneDrive\Desktop\Flood_AI_Dataset\05_S1GFloods\A\image_4979.png,c:\Users\HP\OneDrive\Desktop\Flood_AI_Dataset\05_S1GFloods\B\image_4979.png,c:\Users\HP\OneDrive\Desktop\Flood_AI_Dataset\05_S1GFloods\Label\image_4979.png,9.23,1
image_4363.png,c:\Users\HP\OneDrive\Desktop\Flood_AI_Dataset\05_S1GFloods\A\image_4363.png,c:\Users\HP\OneDrive\Desktop\Flood_AI_Dataset\05_S1GFloods\B\image_4363.png,c:\Users\HP\OneDrive\Desktop\Flood_AI_Dataset\05_S1GFloods\Label\image_4363.png,5.0446,1
image_546.png,c:\Users\HP\OneDrive\Desktop\Flood_AI_Dataset\05_S1GFloods\A\image_546.png,c:\Users\HP\OneDrive\Desktop\Flood_AI_Dataset\05_S1GFloods\B\image_546.png,c:\Users\HP\OneDrive\Desktop\Flood_AI_Dataset\05_S1GFloods\Label\image_546.png,42.8574,2
image_3851.png,c:\Users\HP\OneDrive\Desktop\Flood_AI_Dataset\05_S1GFloods\A\image_3851.png,c:\Users\HP\OneDrive\Desktop\Flood_AI_Dataset\05_S1GFloods\B\image_3851.png,c:\Users\HP\OneDrive\Desktop\Flood_AI_Dataset\05_S1GFloods\Label\image_3851.png,91.8991,2
image_5290.png,c:\Users\HP\OneDrive\Desktop\Flood_AI_Dataset\05_S1GFloods\A\image_5290.png,c:\Users\HP\OneDrive\Desktop\Flood_AI_Dataset\05_S1GFloods\B\image_5290.png,c:\Users\HP\OneDrive\Desktop\Flood_AI_Dataset\05_S1GFloods\Label\image_5290.png,7.1976,1
image_194.png,c:\Users\HP\OneDrive\Desktop\Flood_AI_Dataset\05_S1GFloods\A\image_194.png,c:\Users\HP\OneDrive\Desktop\Flood_AI_Dataset\05_S1GFloods\B\image_194.png,c:\Users\HP\OneDrive\Desktop\Flood_AI_Dataset\05_S1GFloods\Label\image_194.png,26.7197,2
image_2322.png,c:\Users\HP\OneDrive\Desktop\Flood_AI_Dataset\05_S1GFloods\A\image_2322.png,c:\Users\HP\OneDrive\Desktop\Flood_AI_Dataset\05_S1GFloods\B\image_2322.png,c:\Users\HP\OneDrive\Desktop\Flood_AI_Dataset\05_S1GFloods\Label\image_2322.png,11.6409,2
image_3742.png,c:\Users\HP\OneDrive\Desktop\Flood_AI_Dataset\05_S1GFloods\A\image_3742.png,c:\Users\HP\OneDrive\Desktop\Flood_AI_Dataset\05_S1GFloods\B\image_3742.png,c:\Users\HP\OneDrive\Desktop\Flood_AI_Dataset\05_S1GFloods\Label\image_3742.png,93.2755,2
image_5041.png,c:\Users\HP\OneDrive\Desktop\Flood_AI_Dataset\05_S1GFloods\A\image_5041.png,c:\Users\HP\OneDrive\Desktop\Flood_AI_Dataset\05_S1GFloods\B\image_5041.png,c:\Users\HP\OneDrive\Desktop\Flood_AI_Dataset\05_S1GFloods\Label\image_5041.png,31.5598,2
image_2046.png,c:\Users\HP\OneDrive\Desktop\Flood_AI_Dataset\05_S1GFloods\A\image_2046.png,c:\Users\HP\OneDrive\Desktop\Flood_AI_Dataset\05_S1GFloods\B\image_2046.png,c:\Users\HP\OneDrive\Desktop\Flood_AI_Dataset\05_S1GFloods\Label\image_2046.png,13.1683,2
image_38.png,c:\Users\HP\OneDrive\Desktop\Flood_AI_Dataset\05_S1GFloods\A\image_38.png,c:\Users\HP\OneDrive\Desktop\Flood_AI_Dataset\05_S1GFloods\B\image_38.png,c:\Users\HP\OneDrive\Desktop\Flood_AI_Dataset\05_S1GFloods\Label\image_38.png,56.3034,2
image_2567.png,c:\Users\HP\OneDrive\Desktop\Flood_AI_Dataset\05_S1GFloods\A\image_2567.png,c:\Users\HP\OneDrive\Desktop\Flood_AI_Dataset\05_S1GFloods\B\image_2567.png,c:\Users\HP\OneDrive\Desktop\Flood_AI_Dataset\05_S1GFloods\Label\image_2567.png,12.8769,2
image_3459.png,c:\Users\HP\OneDrive\Desktop\Flood_AI_Dataset\05_S1GFloods\A\image_3459.png,c:\Users\HP\OneDrive\Desktop\Flood_AI_Dataset\05_S1GFloods\B\image_3459.png,c:\Users\HP\OneDrive\Desktop\Flood_AI_Dataset\05_S1GFloods\Label\image_3459.png,5.8121,1
image_2908.png,c:\Users\HP\OneDrive\Desktop\Flood_AI_Dataset\05_S1GFloods\A\image_2908.png,c:\Users\HP\OneDrive\Desktop\Flood_AI_Dataset\05_S1GFloods\B\image_2908.png,c:\Users\HP\OneDrive\Desktop\Flood_AI_Dataset\05_S1GFloods\Label\image_2908.png,25.4868,2
image_1157.png,c:\Users\HP\OneDrive\Desktop\Flood_AI_Dataset\05_S1GFloods\A\image_1157.png,c:\Users\HP\OneDrive\Desktop\Flood_AI_Dataset\05_S1GFloods\B\image_1157.png,c:\Users\HP\OneDrive\Desktop\Flood_AI_Dataset\05_S1GFloods\Label\image_1157.png,82.4387,2
image_3458.png,c:\Users\HP\OneDrive\Desktop\Flood_AI_Dataset\05_S1GFloods\A\image_3458.png,c:\Users\HP\OneDrive\Desktop\Flood_AI_Dataset\05_S1GFloods\B\image_3458.png,c:\Users\HP\OneDrive\Desktop\Flood_AI_Dataset\05_S1GFloods\Label\image_3458.png,11.293,2
image_3813.png,c:\Users\HP\OneDrive\Desktop\Flood_AI_Dataset\05_S1GFloods\A\image_3813.png,c:\Users\HP\OneDrive\Desktop\Flood_AI_Dataset\05_S1GFloods\B\image_3813.png,c:\Users\HP\OneDrive\Desktop\Flood_AI_Dataset\05_S1GFloods\Label\image_3813.png,26.2726,2
image_2651.png,c:\Users\HP\OneDrive\Desktop\Flood_AI_Dataset\05_S1GFloods\A\image_2651.png,c:\Users\HP\OneDrive\Desktop\Flood_AI_Dataset\05_S1GFloods\B\image_2651.png,c:\Users\HP\OneDrive\Desktop\Flood_AI_Dataset\05_S1GFloods\Label\image_2651.png,28.2242,2
image_2501.png,c:\Users\HP\OneDrive\Desktop\Flood_AI_Dataset\05_S1GFloods\A\image_2501.png,c:\Users\HP\OneDrive\Desktop\Flood_AI_Dataset\05_S1GFloods\B\image_2501.png,c:\Users\HP\OneDrive\Desktop\Flood_AI_Dataset\05_S1GFloods\Label\image_2501.png,7.6691,1
image_3907.png,c:\Users\HP\OneDrive\Desktop\Flood_AI_Dataset\05_S1GFloods\A\image_3907.png,c:\Users\HP\OneDrive\Desktop\Flood_AI_Dataset\05_S1GFloods\B\image_3907.png,c:\Users\HP\OneDrive\Desktop\Flood_AI_Dataset\05_S1GFloods\Label\image_3907.png,65.2725,2
image_277.png,c:\Users\HP\OneDrive\Desktop\Flood_AI_Dataset\05_S1GFloods\A\image_277.png,c:\Users\HP\OneDrive\Desktop\Flood_AI_Dataset\05_S1GFloods\B\image_277.png,c:\Users\HP\OneDrive\Desktop\Flood_AI_Dataset\05_S1GFloods\Label\image_277.png,20.1614,2
image_2596.png,c:\Users\HP\OneDrive\Desktop\Flood_AI_Dataset\05_S1GFloods\A\image_2596.png,c:\Users\HP\OneDrive\Desktop\Flood_AI_Dataset\05_S1GFloods\B\image_2596.png,c:\Users\HP\OneDrive\Desktop\Flood_AI_Dataset\05_S1GFloods\Label\image_2596.png,22.7524,2
image_3035.png,c:\Users\HP\OneDrive\Desktop\Flood_AI_Dataset\05_S1GFloods\A\image_3035.png,c:\Users\HP\OneDrive\Desktop\Flood_AI_Dataset\05_S1GFloods\B\image_3035.png,c:\Users\HP\OneDrive\Desktop\Flood_AI_Dataset\05_S1GFloods\Label\image_3035.png,15.0772,2
image_1771.png,c:\Users\HP\OneDrive\Desktop\Flood_AI_Dataset\05_S1GFloods\A\image_1771.png,c:\Users\HP\OneDrive\Desktop\Flood_AI_Dataset\05_S1GFloods\B\image_1771.png,c:\Users\HP\OneDrive\Desktop\Flood_AI_Dataset\05_S1GFloods\Label\image_1771.png,13.678,2
image_1606.png,c:\Users\HP\OneDrive\Desktop\Flood_AI_Dataset\05_S1GFloods\A\image_1606.png,c:\Users\HP\OneDrive\Desktop\Flood_AI_Dataset\05_S1GFloods\B\image_1606.png,c:\Users\HP\OneDrive\Desktop\Flood_AI_Dataset\05_S1GFloods\Label\image_1606.png,6.0654,1
image_2247.png,c:\Users\HP\OneDrive\Desktop\Flood_AI_Dataset\05_S1GFloods\A\image_2247.png,c:\Users\HP\OneDrive\Desktop\Flood_AI_Dataset\05_S1GFloods\B\image_2247.png,c:\Users\HP\OneDrive\Desktop\Flood_AI_Dataset\05_S1GFloods\Label\image_2247.png,29.8676,2
image_426.png,c:\Users\HP\OneDrive\Desktop\Flood_AI_Dataset\05_S1GFloods\A\image_426.png,c:\Users\HP\OneDrive\Desktop\Flood_AI_Dataset\05_S1GFloods\B\image_426.png,c:\Users\HP\OneDrive\Desktop\Flood_AI_Dataset\05_S1GFloods\Label\image_426.png,21.4508,2
image_2796.png,c:\Users\HP\OneDrive\Desktop\Flood_AI_Dataset\05_S1GFloods\A\image_2796.png,c:\Users\HP\OneDrive\Desktop\Flood_AI_Dataset\05_S1GFloods\B\image_2796.png,c:\Users\HP\OneDrive\Desktop\Flood_AI_Dataset\05_S1GFloods\Label\image_2796.png,10.257,2
image_839.png,c:\Users\HP\OneDrive\Desktop\Flood_AI_Dataset\05_S1GFloods\A\image_839.png,c:\Users\HP\OneDrive\Desktop\Flood_AI_Dataset\05_S1GFloods\B\image_839.png,c:\Users\HP\OneDrive\Desktop\Flood_AI_Dataset\05_S1GFloods\Label\image_839.png,78.717,2
image_1384.png,c:\Users\HP\OneDrive\Desktop\Flood_AI_Dataset\05_S1GFloods\A\image_1384.png,c:\Users\HP\OneDrive\Desktop\Flood_AI_Dataset\05_S1GFloods\B\image_1384.png,c:\Users\HP\OneDrive\Desktop\Flood_AI_Dataset\05_S1GFloods\Label\image_1384.png,40.8279,2
image_1012.png,c:\Users\HP\OneDrive\Desktop\Flood_AI_Dataset\05_S1GFloods\A\image_1012.png,c:\Users\HP\OneDrive\Desktop\Flood_AI_Dataset\05_S1GFloods\B\image_1012.png,c:\Users\HP\OneDrive\Desktop\Flood_AI_Dataset\05_S1GFloods\Label\image_1012.png,59.874,2
image_60.png,c:\Users\HP\OneDrive\Desktop\Flood_AI_Dataset\05_S1GFloods\A\image_60.png,c:\Users\HP\OneDrive\Desktop\Flood_AI_Dataset\05_S1GFloods\B\image_60.png,c:\Users\HP\OneDrive\Desktop\Flood_AI_Dataset\05_S1GFloods\Label\image_60.png,12.4695,2
image_797.png,c:\Users\HP\OneDrive\Desktop\Flood_AI_Dataset\05_S1GFloods\A\image_797.png,c:\Users\HP\OneDrive\Desktop\Flood_AI_Dataset\05_S1GFloods\B\image_797.png,c:\Users\HP\OneDrive\Desktop\Flood_AI_Dataset\05_S1GFloods\Label\image_797.png,64.7949,2
image_415.png,c:\Users\HP\OneDrive\Desktop\Flood_AI_Dataset\05_S1GFloods\A\image_415.png,c:\Users\HP\OneDrive\Desktop\Flood_AI_Dataset\05_S1GFloods\B\image_415.png,c:\Users\HP\OneDrive\Desktop\Flood_AI_Dataset\05_S1GFloods\Label\image_415.png,76.8555,2
image_4586.png,c:\Users\HP\OneDrive\Desktop\Flood_AI_Dataset\05_S1GFloods\A\image_4586.png,c:\Users\HP\OneDrive\Desktop\Flood_AI_Dataset\05_S1GFloods\B\image_4586.png,c:\Users\HP\OneDrive\Desktop\Flood_AI_Dataset\05_S1GFloods\Label\image_4586.png,19.2886,2
image_4580.png,c:\Users\HP\OneDrive\Desktop\Flood_AI_Dataset\05_S1GFloods\A\image_4580.png,c:\Users\HP\OneDrive\Desktop\Flood_AI_Dataset\05_S1GFloods\B\image_4580.png,c:\Users\HP\OneDrive\Desktop\Flood_AI_Dataset\05_S1GFloods\Label\image_4580.png,33.876,2
image_4259.png,c:\Users\HP\OneDrive\Desktop\Flood_AI_Dataset\05_S1GFloods\A\image_4259.png,c:\Users\HP\OneDrive\Desktop\Flood_AI_Dataset\05_S1GFloods\B\image_4259.png,c:\Users\HP\OneDrive\Desktop\Flood_AI_Dataset\05_S1GFloods\Label\image_4259.png,8.7708,1
image_5223.png,c:\Users\HP\OneDrive\Desktop\Flood_AI_Dataset\05_S1GFloods\A\image_5223.png,c:\Users\HP\OneDrive\Desktop\Flood_AI_Dataset\05_S1GFloods\B\image_5223.png,c:\Users\HP\OneDrive\Desktop\Flood_AI_Dataset\05_S1GFloods\Label\image_5223.png,8.8989,1
image_2792.png,c:\Users\HP\OneDrive\Desktop\Flood_AI_Dataset\05_S1GFloods\A\image_2792.png,c:\Users\HP\OneDrive\Desktop\Flood_AI_Dataset\05_S1GFloods\B\image_2792.png,c:\Users\HP\OneDrive\Desktop\Flood_AI_Dataset\05_S1GFloods\Label\image_2792.png,22.0856,2
image_1196.png,c:\Users\HP\OneDrive\Desktop\Flood_AI_Dataset\05_S1GFloods\A\image_1196.png,c:\Users\HP\OneDrive\Desktop\Flood_AI_Dataset\05_S1GFloods\B\image_1196.png,c:\Users\HP\OneDrive\Desktop\Flood_AI_Dataset\05_S1GFloods\Label\image_1196.png,86.8347,2
image_1783.png,c:\Users\HP\OneDrive\Desktop\Flood_AI_Dataset\05_S1GFloods\A\image_1783.png,c:\Users\HP\OneDrive\Desktop\Flood_AI_Dataset\05_S1GFloods\B\image_1783.png,c:\Users\HP\OneDrive\Desktop\Flood_AI_Dataset\05_S1GFloods\Label\image_1783.png,5.7312,1
image_3807.png,c:\Users\HP\OneDrive\Desktop\Flood_AI_Dataset\05_S1GFloods\A\image_3807.png,c:\Users\HP\OneDrive\Desktop\Flood_AI_Dataset\05_S1GFloods\B\image_3807.png,c:\Users\HP\OneDrive\Desktop\Flood_AI_Dataset\05_S1GFloods\Label\image_3807.png,24.3042,2
image_2774.png,c:\Users\HP\OneDrive\Desktop\Flood_AI_Dataset\05_S1GFloods\A\image_2774.png,c:\Users\HP\OneDrive\Desktop\Flood_AI_Dataset\05_S1GFloods\B\image_2774.png,c:\Users\HP\OneDrive\Desktop\Flood_AI_Dataset\05_S1GFloods\Label\image_2774.png,87.2284,2
image_2753.png,c:\Users\HP\OneDrive\Desktop\Flood_AI_Dataset\05_S1GFloods\A\image_2753.png,c:\Users\HP\OneDrive\Desktop\Flood_AI_Dataset\05_S1GFloods\B\image_2753.png,c:\Users\HP\OneDrive\Desktop\Flood_AI_Dataset\05_S1GFloods\Label\image_2753.png,47.5983,2
image_3898.png,c:\Users\HP\OneDrive\Desktop\Flood_AI_Dataset\05_S1GFloods\A\image_3898.png,c:\Users\HP\OneDrive\Desktop\Flood_AI_Dataset\05_S1GFloods\B\image_3898.png,c:\Users\HP\OneDrive\Desktop\Flood_AI_Dataset\05_S1GFloods\Label\image_3898.png,98.8266,2
image_4954.png,c:\Users\HP\OneDrive\Desktop\Flood_AI_Dataset\05_S1GFloods\A\image_4954.png,c:\Users\HP\OneDrive\Desktop\Flood_AI_Dataset\05_S1GFloods\B\image_4954.png,c:\Users\HP\OneDrive\Desktop\Flood_AI_Dataset\05_S1GFloods\Label\image_4954.png,9.0973,1
image_3869.png,c:\Users\HP\OneDrive\Desktop\Flood_AI_Dataset\05_S1GFloods\A\image_3869.png,c:\Users\HP\OneDrive\Desktop\Flood_AI_Dataset\05_S1GFloods\B\image_3869.png,c:\Users\HP\OneDrive\Desktop\Flood_AI_Dataset\05_S1GFloods\Label\image_3869.png,13.2355,2
image_3746.png,c:\Users\HP\OneDrive\Desktop\Flood_AI_Dataset\05_S1GFloods\A\image_3746.png,c:\Users\HP\OneDrive\Desktop\Flood_AI_Dataset\05_S1GFloods\B\image_3746.png,c:\Users\HP\OneDrive\Desktop\Flood_AI_Dataset\05_S1GFloods\Label\image_3746.png,14.7308,2
image_3232.png,c:\Users\HP\OneDrive\Desktop\Flood_AI_Dataset\05_S1GFloods\A\image_3232.png,c:\Users\HP\OneDrive\Desktop\Flood_AI_Dataset\05_S1GFloods\B\image_3232.png,c:\Users\HP\OneDrive\Desktop\Flood_AI_Dataset\05_S1GFloods\Label\image_3232.png,35.2112,2
image_5286.png,c:\Users\HP\OneDrive\Desktop\Flood_AI_Dataset\05_S1GFloods\A\image_5286.png,c:\Users\HP\OneDrive\Desktop\Flood_AI_Dataset\05_S1GFloods\B\image_5286.png,c:\Users\HP\OneDrive\Desktop\Flood_AI_Dataset\05_S1GFloods\Label\image_5286.png,32.8552,2
image_4770.png,c:\Users\HP\OneDrive\Desktop\Flood_AI_Dataset\05_S1GFloods\A\image_4770.png,c:\Users\HP\OneDrive\Desktop\Flood_AI_Dataset\05_S1GFloods\B\image_4770.png,c:\Users\HP\OneDrive\Desktop\Flood_AI_Dataset\05_S1GFloods\Label\image_4770.png,6.6299,1
image_1663.png,c:\Users\HP\OneDrive\Desktop\Flood_AI_Dataset\05_S1GFloods\A\image_1663.png,c:\Users\HP\OneDrive\Desktop\Flood_AI_Dataset\05_S1GFloods\B\image_1663.png,c:\Users\HP\OneDrive\Desktop\Flood_AI_Dataset\05_S1GFloods\Label\image_1663.png,32.9254,2
image_4031.png,c:\Users\HP\OneDrive\Desktop\Flood_AI_Dataset\05_S1GFloods\A\image_4031.png,c:\Users\HP\OneDrive\Desktop\Flood_AI_Dataset\05_S1GFloods\B\image_4031.png,c:\Users\HP\OneDrive\Desktop\Flood_AI_Dataset\05_S1GFloods\Label\image_4031.png,12.5,2
image_2436.png,c:\Users\HP\OneDrive\Desktop\Flood_AI_Dataset\05_S1GFloods\A\image_2436.png,c:\Users\HP\OneDrive\Desktop\Flood_AI_Dataset\05_S1GFloods\B\image_2436.png,c:\Users\HP\OneDrive\Desktop\Flood_AI_Dataset\05_S1GFloods\Label\image_2436.png,6.9244,1
image_4323.png,c:\Users\HP\OneDrive\Desktop\Flood_AI_Dataset\05_S1GFloods\A\image_4323.png,c:\Users\HP\OneDrive\Desktop\Flood_AI_Dataset\05_S1GFloods\B\image_4323.png,c:\Users\HP\OneDrive\Desktop\Flood_AI_Dataset\05_S1GFloods\Label\image_4323.png,7.9544,1
image_4379.png,c:\Users\HP\OneDrive\Desktop\Flood_AI_Dataset\05_S1GFloods\A\image_4379.png,c:\Users\HP\OneDrive\Desktop\Flood_AI_Dataset\05_S1GFloods\B\image_4379.png,c:\Users\HP\OneDrive\Desktop\Flood_AI_Dataset\05_S1GFloods\Label\image_4379.png,98.4024,2
image_2423.png,c:\Users\HP\OneDrive\Desktop\Flood_AI_Dataset\05_S1GFloods\A\image_2423.png,c:\Users\HP\OneDrive\Desktop\Flood_AI_Dataset\05_S1GFloods\B\image_2423.png,c:\Users\HP\OneDrive\Desktop\Flood_AI_Dataset\05_S1GFloods\Label\image_2423.png,47.6639,2
image_2995.png,c:\Users\HP\OneDrive\Desktop\Flood_AI_Dataset\05_S1GFloods\A\image_2995.png,c:\Users\HP\OneDrive\Desktop\Flood_AI_Dataset\05_S1GFloods\B\image_2995.png,c:\Users\HP\OneDrive\Desktop\Flood_AI_Dataset\05_S1GFloods\Label\image_2995.png,12.706,2
image_1933.png,c:\Users\HP\OneDrive\Desktop\Flood_AI_Dataset\05_S1GFloods\A\image_1933.png,c:\Users\HP\OneDrive\Desktop\Flood_AI_Dataset\05_S1GFloods\B\image_1933.png,c:\Users\HP\OneDrive\Desktop\Flood_AI_Dataset\05_S1GFloods\Label\image_1933.png,16.2781,2
image_3897.png,c:\Users\HP\OneDrive\Desktop\Flood_AI_Dataset\05_S1GFloods\A\image_3897.png,c:\Users\HP\OneDrive\Desktop\Flood_AI_Dataset\05_S1GFloods\B\image_3897.png,c:\Users\HP\OneDrive\Desktop\Flood_AI_Dataset\05_S1GFloods\Label\image_3897.png,79.277,2
image_3556.png,c:\Users\HP\OneDrive\Desktop\Flood_AI_Dataset\05_S1GFloods\A\image_3556.png,c:\Users\HP\OneDrive\Desktop\Flood_AI_Dataset\05_S1GFloods\B\image_3556.png,c:\Users\HP\OneDrive\Desktop\Flood_AI_Dataset\05_S1GFloods\Label\image_3556.png,88.1348,2
image_4097.png,c:\Users\HP\OneDrive\Desktop\Flood_AI_Dataset\05_S1GFloods\A\image_4097.png,c:\Users\HP\OneDrive\Desktop\Flood_AI_Dataset\05_S1GFloods\B\image_4097.png,c:\Users\HP\OneDrive\Desktop\Flood_AI_Dataset\05_S1GFloods\Label\image_4097.png,8.8577,1
image_2549.png,c:\Users\HP\OneDrive\Desktop\Flood_AI_Dataset\05_S1GFloods\A\image_2549.png,c:\Users\HP\OneDrive\Desktop\Flood_AI_Dataset\05_S1GFloods\B\image_2549.png,c:\Users\HP\OneDrive\Desktop\Flood_AI_Dataset\05_S1GFloods\Label\image_2549.png,14.2303,2
image_1242.png,c:\Users\HP\OneDrive\Desktop\Flood_AI_Dataset\05_S1GFloods\A\image_1242.png,c:\Users\HP\OneDrive\Desktop\Flood_AI_Dataset\05_S1GFloods\B\image_1242.png,c:\Users\HP\OneDrive\Desktop\Flood_AI_Dataset\05_S1GFloods\Label\image_1242.png,35.2966,2
image_318.png,c:\Users\HP\OneDrive\Desktop\Flood_AI_Dataset\05_S1GFloods\A\image_318.png,c:\Users\HP\OneDrive\Desktop\Flood_AI_Dataset\05_S1GFloods\B\image_318.png,c:\Users\HP\OneDrive\Desktop\Flood_AI_Dataset\05_S1GFloods\Label\image_318.png,6.2668,1
image_4965.png,c:\Users\HP\OneDrive\Desktop\Flood_AI_Dataset\05_S1GFloods\A\image_4965.png,c:\Users\HP\OneDrive\Desktop\Flood_AI_Dataset\05_S1GFloods\B\image_4965.png,c:\Users\HP\OneDrive\Desktop\Flood_AI_Dataset\05_S1GFloods\Label\image_4965.png,20.0119,2
image_324.png,c:\Users\HP\OneDrive\Desktop\Flood_AI_Dataset\05_S1GFloods\A\image_324.png,c:\Users\HP\OneDrive\Desktop\Flood_AI_Dataset\05_S1GFloods\B\image_324.png,c:\Users\HP\OneDrive\Desktop\Flood_AI_Dataset\05_S1GFloods\Label\image_324.png,29.3167,2
image_4197.png,c:\Users\HP\OneDrive\Desktop\Flood_AI_Dataset\05_S1GFloods\A\image_4197.png,c:\Users\HP\OneDrive\Desktop\Flood_AI_Dataset\05_S1GFloods\B\image_4197.png,c:\Users\HP\OneDrive\Desktop\Flood_AI_Dataset\05_S1GFloods\Label\image_4197.png,86.1954,2
image_2356.png,c:\Users\HP\OneDrive\Desktop\Flood_AI_Dataset\05_S1GFloods\A\image_2356.png,c:\Users\HP\OneDrive\Desktop\Flood_AI_Dataset\05_S1GFloods\B\image_2356.png,c:\Users\HP\OneDrive\Desktop\Flood_AI_Dataset\05_S1GFloods\Label\image_2356.png,16.7191,2
image_897.png,c:\Users\HP\OneDrive\Desktop\Flood_AI_Dataset\05_S1GFloods\A\image_897.png,c:\Users\HP\OneDrive\Desktop\Flood_AI_Dataset\05_S1GFloods\B\image_897.png,c:\Users\HP\OneDrive\Desktop\Flood_AI_Dataset\05_S1GFloods\Label\image_897.png,18.5425,2
image_1256.png,c:\Users\HP\OneDrive\Desktop\Flood_AI_Dataset\05_S1GFloods\A\image_1256.png,c:\Users\HP\OneDrive\Desktop\Flood_AI_Dataset\05_S1GFloods\B\image_1256.png,c:\Users\HP\OneDrive\Desktop\Flood_AI_Dataset\05_S1GFloods\Label\image_1256.png,18.045,2
image_4123.png,c:\Users\HP\OneDrive\Desktop\Flood_AI_Dataset\05_S1GFloods\A\image_4123.png,c:\Users\HP\OneDrive\Desktop\Flood_AI_Dataset\05_S1GFloods\B\image_4123.png,c:\Users\HP\OneDrive\Desktop\Flood_AI_Dataset\05_S1GFloods\Label\image_4123.png,5.9082,1
image_4581.png,c:\Users\HP\OneDrive\Desktop\Flood_AI_Dataset\05_S1GFloods\A\image_4581.png,c:\Users\HP\OneDrive\Desktop\Flood_AI_Dataset\05_S1GFloods\B\image_4581.png,c:\Users\HP\OneDrive\Desktop\Flood_AI_Dataset\05_S1GFloods\Label\image_4581.png,21.9498,2
image_3547.png,c:\Users\HP\OneDrive\Desktop\Flood_AI_Dataset\05_S1GFloods\A\image_3547.png,c:\Users\HP\OneDrive\Desktop\Flood_AI_Dataset\05_S1GFloods\B\image_3547.png,c:\Users\HP\OneDrive\Desktop\Flood_AI_Dataset\05_S1GFloods\Label\image_3547.png,5.9372,1
image_4205.png,c:\Users\HP\OneDrive\Desktop\Flood_AI_Dataset\05_S1GFloods\A\image_4205.png,c:\Users\HP\OneDrive\Desktop\Flood_AI_Dataset\05_S1GFloods\B\image_4205.png,c:\Users\HP\OneDrive\Desktop\Flood_AI_Dataset\05_S1GFloods\Label\image_4205.png,51.4023,2
image_3191.png,c:\Users\HP\OneDrive\Desktop\Flood_AI_Dataset\05_S1GFloods\A\image_3191.png,c:\Users\HP\OneDrive\Desktop\Flood_AI_Dataset\05_S1GFloods\B\image_3191.png,c:\Users\HP\OneDrive\Desktop\Flood_AI_Dataset\05_S1GFloods\Label\image_3191.png,7.4707,1
image_3352.png,c:\Users\HP\OneDrive\Desktop\Flood_AI_Dataset\05_S1GFloods\A\image_3352.png,c:\Users\HP\OneDrive\Desktop\Flood_AI_Dataset\05_S1GFloods\B\image_3352.png,c:\Users\HP\OneDrive\Desktop\Flood_AI_Dataset\05_S1GFloods\Label\image_3352.png,10.936,2
image_279.png,c:\Users\HP\OneDrive\Desktop\Flood_AI_Dataset\05_S1GFloods\A\image_279.png,c:\Users\HP\OneDrive\Desktop\Flood_AI_Dataset\05_S1GFloods\B\image_279.png,c:\Users\HP\OneDrive\Desktop\Flood_AI_Dataset\05_S1GFloods\Label\image_279.png,10.0235,2
image_1667.png,c:\Users\HP\OneDrive\Desktop\Flood_AI_Dataset\05_S1GFloods\A\image_1667.png,c:\Users\HP\OneDrive\Desktop\Flood_AI_Dataset\05_S1GFloods\B\image_1667.png,c:\Users\HP\OneDrive\Desktop\Flood_AI_Dataset\05_S1GFloods\Label\image_1667.png,36.087,2
image_2149.png,c:\Users\HP\OneDrive\Desktop\Flood_AI_Dataset\05_S1GFloods\A\image_2149.png,c:\Users\HP\OneDrive\Desktop\Flood_AI_Dataset\05_S1GFloods\B\image_2149.png,c:\Users\HP\OneDrive\Desktop\Flood_AI_Dataset\05_S1GFloods\Label\image_2149.png,5.6366,1
image_619.png,c:\Users\HP\OneDrive\Desktop\Flood_AI_Dataset\05_S1GFloods\A\image_619.png,c:\Users\HP\OneDrive\Desktop\Flood_AI_Dataset\05_S1GFloods\B\image_619.png,c:\Users\HP\OneDrive\Desktop\Flood_AI_Dataset\05_S1GFloods\Label\image_619.png,66.0034,2
image_3107.png,c:\Users\HP\OneDrive\Desktop\Flood_AI_Dataset\05_S1GFloods\A\image_3107.png,c:\Users\HP\OneDrive\Desktop\Flood_AI_Dataset\05_S1GFloods\B\image_3107.png,c:\Users\HP\OneDrive\Desktop\Flood_AI_Dataset\05_S1GFloods\Label\image_3107.png,6.4255,1
image_3322.png,c:\Users\HP\OneDrive\Desktop\Flood_AI_Dataset\05_S1GFloods\A\image_3322.png,c:\Users\HP\OneDrive\Desktop\Flood_AI_Dataset\05_S1GFloods\B\image_3322.png,c:\Users\HP\OneDrive\Desktop\Flood_AI_Dataset\05_S1GFloods\Label\image_3322.png,5.6091,1
image_3485.png,c:\Users\HP\OneDrive\Desktop\Flood_AI_Dataset\05_S1GFloods\A\image_3485.png,c:\Users\HP\OneDrive\Desktop\Flood_AI_Dataset\05_S1GFloods\B\image_3485.png,c:\Users\HP\OneDrive\Desktop\Flood_AI_Dataset\05_S1GFloods\Label\image_3485.png,6.601,1
image_2064.png,c:\Users\HP\OneDrive\Desktop\Flood_AI_Dataset\05_S1GFloods\A\image_2064.png,c:\Users\HP\OneDrive\Desktop\Flood_AI_Dataset\05_S1GFloods\B\image_2064.png,c:\Users\HP\OneDrive\Desktop\Flood_AI_Dataset\05_S1GFloods\Label\image_2064.png,6.8909,1
image_4102.png,c:\Users\HP\OneDrive\Desktop\Flood_AI_Dataset\05_S1GFloods\A\image_4102.png,c:\Users\HP\OneDrive\Desktop\Flood_AI_Dataset\05_S1GFloods\B\image_4102.png,c:\Users\HP\OneDrive\Desktop\Flood_AI_Dataset\05_S1GFloods\Label\image_4102.png,5.0858,1
image_5296.png,c:\Users\HP\OneDrive\Desktop\Flood_AI_Dataset\05_S1GFloods\A\image_5296.png,c:\Users\HP\OneDrive\Desktop\Flood_AI_Dataset\05_S1GFloods\B\image_5296.png,c:\Users\HP\OneDrive\Desktop\Flood_AI_Dataset\05_S1GFloods\Label\image_5296.png,8.4656,1
image_2914.png,c:\Users\HP\OneDrive\Desktop\Flood_AI_Dataset\05_S1GFloods\A\image_2914.png,c:\Users\HP\OneDrive\Desktop\Flood_AI_Dataset\05_S1GFloods\B\image_2914.png,c:\Users\HP\OneDrive\Desktop\Flood_AI_Dataset\05_S1GFloods\Label\image_2914.png,44.3268,2
image_1866.png,c:\Users\HP\OneDrive\Desktop\Flood_AI_Dataset\05_S1GFloods\A\image_1866.png,c:\Users\HP\OneDrive\Desktop\Flood_AI_Dataset\05_S1GFloods\B\image_1866.png,c:\Users\HP\OneDrive\Desktop\Flood_AI_Dataset\05_S1GFloods\Label\image_1866.png,29.8553,2
image_4050.png,c:\Users\HP\OneDrive\Desktop\Flood_AI_Dataset\05_S1GFloods\A\image_4050.png,c:\Users\HP\OneDrive\Desktop\Flood_AI_Dataset\05_S1GFloods\B\image_4050.png,c:\Users\HP\OneDrive\Desktop\Flood_AI_Dataset\05_S1GFloods\Label\image_4050.png,14.2044,2
image_1573.png,c:\Users\HP\OneDrive\Desktop\Flood_AI_Dataset\05_S1GFloods\A\image_1573.png,c:\Users\HP\OneDrive\Desktop\Flood_AI_Dataset\05_S1GFloods\B\image_1573.png,c:\Users\HP\OneDrive\Desktop\Flood_AI_Dataset\05_S1GFloods\Label\image_1573.png,7.3868,1
image_5098.png,c:\Users\HP\OneDrive\Desktop\Flood_AI_Dataset\05_S1GFloods\A\image_5098.png,c:\Users\HP\OneDrive\Desktop\Flood_AI_Dataset\05_S1GFloods\B\image_5098.png,c:\Users\HP\OneDrive\Desktop\Flood_AI_Dataset\05_S1GFloods\Label\image_5098.png,10.6323,2
image_14.png,c:\Users\HP\OneDrive\Desktop\Flood_AI_Dataset\05_S1GFloods\A\image_14.png,c:\Users\HP\OneDrive\Desktop\Flood_AI_Dataset\05_S1GFloods\B\image_14.png,c:\Users\HP\OneDrive\Desktop\Flood_AI_Dataset\05_S1GFloods\Label\image_14.png,36.4883,2
image_3917.png,c:\Users\HP\OneDrive\Desktop\Flood_AI_Dataset\05_S1GFloods\A\image_3917.png,c:\Users\HP\OneDrive\Desktop\Flood_AI_Dataset\05_S1GFloods\B\image_3917.png,c:\Users\HP\OneDrive\Desktop\Flood_AI_Dataset\05_S1GFloods\Label\image_3917.png,59.4864,2
image_443.png,c:\Users\HP\OneDrive\Desktop\Flood_AI_Dataset\05_S1GFloods\A\image_443.png,c:\Users\HP\OneDrive\Desktop\Flood_AI_Dataset\05_S1GFloods\B\image_443.png,c:\Users\HP\OneDrive\Desktop\Flood_AI_Dataset\05_S1GFloods\Label\image_443.png,15.5624,2
image_4798.png,c:\Users\HP\OneDrive\Desktop\Flood_AI_Dataset\05_S1GFloods\A\image_4798.png,c:\Users\HP\OneDrive\Desktop\Flood_AI_Dataset\05_S1GFloods\B\image_4798.png,c:\Users\HP\OneDrive\Desktop\Flood_AI_Dataset\05_S1GFloods\Label\image_4798.png,39.0335,2
image_562.png,c:\Users\HP\OneDrive\Desktop\Flood_AI_Dataset\05_S1GFloods\A\image_562.png,c:\Users\HP\OneDrive\Desktop\Flood_AI_Dataset\05_S1GFloods\B\image_562.png,c:\Users\HP\OneDrive\Desktop\Flood_AI_Dataset\05_S1GFloods\Label\image_562.png,38.8504,2
image_2103.png,c:\Users\HP\OneDrive\Desktop\Flood_AI_Dataset\05_S1GFloods\A\image_2103.png,c:\Users\HP\OneDrive\Desktop\Flood_AI_Dataset\05_S1GFloods\B\image_2103.png,c:\Users\HP\OneDrive\Desktop\Flood_AI_Dataset\05_S1GFloods\Label\image_2103.png,5.4611,1
image_5176.png,c:\Users\HP\OneDrive\Desktop\Flood_AI_Dataset\05_S1GFloods\A\image_5176.png,c:\Users\HP\OneDrive\Desktop\Flood_AI_Dataset\05_S1GFloods\B\image_5176.png,c:\Users\HP\OneDrive\Desktop\Flood_AI_Dataset\05_S1GFloods\Label\image_5176.png,6.5277,1
image_3330.png,c:\Users\HP\OneDrive\Desktop\Flood_AI_Dataset\05_S1GFloods\A\image_3330.png,c:\Users\HP\OneDrive\Desktop\Flood_AI_Dataset\05_S1GFloods\B\image_3330.png,c:\Users\HP\OneDrive\Desktop\Flood_AI_Dataset\05_S1GFloods\Label\image_3330.png,12.4878,2
image_3633.png,c:\Users\HP\OneDrive\Desktop\Flood_AI_Dataset\05_S1GFloods\A\image_3633.png,c:\Users\HP\OneDrive\Desktop\Flood_AI_Dataset\05_S1GFloods\B\image_3633.png,c:\Users\HP\OneDrive\Desktop\Flood_AI_Dataset\05_S1GFloods\Label\image_3633.png,57.9529,2
image_1896.png,c:\Users\HP\OneDrive\Desktop\Flood_AI_Dataset\05_S1GFloods\A\image_1896.png,c:\Users\HP\OneDrive\Desktop\Flood_AI_Dataset\05_S1GFloods\B\image_1896.png,c:\Users\HP\OneDrive\Desktop\Flood_AI_Dataset\05_S1GFloods\Label\image_1896.png,9.1019,1
image_2237.png,c:\Users\HP\OneDrive\Desktop\Flood_AI_Dataset\05_S1GFloods\A\image_2237.png,c:\Users\HP\OneDrive\Desktop\Flood_AI_Dataset\05_S1GFloods\B\image_2237.png,c:\Users\HP\OneDrive\Desktop\Flood_AI_Dataset\05_S1GFloods\Label\image_2237.png,18.9133,2
image_4996.png,c:\Users\HP\OneDrive\Desktop\Flood_AI_Dataset\05_S1GFloods\A\image_4996.png,c:\Users\HP\OneDrive\Desktop\Flood_AI_Dataset\05_S1GFloods\B\image_4996.png,c:\Users\HP\OneDrive\Desktop\Flood_AI_Dataset\05_S1GFloods\Label\image_4996.png,22.702,2
image_914.png,c:\Users\HP\OneDrive\Desktop\Flood_AI_Dataset\05_S1GFloods\A\image_914.png,c:\Users\HP\OneDrive\Desktop\Flood_AI_Dataset\05_S1GFloods\B\image_914.png,c:\Users\HP\OneDrive\Desktop\Flood_AI_Dataset\05_S1GFloods\Label\image_914.png,54.3091,2
image_5330.png,c:\Users\HP\OneDrive\Desktop\Flood_AI_Dataset\05_S1GFloods\A\image_5330.png,c:\Users\HP\OneDrive\Desktop\Flood_AI_Dataset\05_S1GFloods\B\image_5330.png,c:\Users\HP\OneDrive\Desktop\Flood_AI_Dataset\05_S1GFloods\Label\image_5330.png,36.0596,2
image_3416.png,c:\Users\HP\OneDrive\Desktop\Flood_AI_Dataset\05_S1GFloods\A\image_3416.png,c:\Users\HP\OneDrive\Desktop\Flood_AI_Dataset\05_S1GFloods\B\image_3416.png,c:\Users\HP\OneDrive\Desktop\Flood_AI_Dataset\05_S1GFloods\Label\image_3416.png,9.0897,1
image_290.png,c:\Users\HP\OneDrive\Desktop\Flood_AI_Dataset\05_S1GFloods\A\image_290.png,c:\Users\HP\OneDrive\Desktop\Flood_AI_Dataset\05_S1GFloods\B\image_290.png,c:\Users\HP\OneDrive\Desktop\Flood_AI_Dataset\05_S1GFloods\Label\image_290.png,76.4526,2
image_1797.png,c:\Users\HP\OneDrive\Desktop\Flood_AI_Dataset\05_S1GFloods\A\image_1797.png,c:\Users\HP\OneDrive\Desktop\Flood_AI_Dataset\05_S1GFloods\B\image_1797.png,c:\Users\HP\OneDrive\Desktop\Flood_AI_Dataset\05_S1GFloods\Label\image_1797.png,10.376,2
image_3027.png,c:\Users\HP\OneDrive\Desktop\Flood_AI_Dataset\05_S1GFloods\A\image_3027.png,c:\Users\HP\OneDrive\Desktop\Flood_AI_Dataset\05_S1GFloods\B\image_3027.png,c:\Users\HP\OneDrive\Desktop\Flood_AI_Dataset\05_S1GFloods\Label\image_3027.png,25.1968,2
image_4274.png,c:\Users\HP\OneDrive\Desktop\Flood_AI_Dataset\05_S1GFloods\A\image_4274.png,c:\Users\HP\OneDrive\Desktop\Flood_AI_Dataset\05_S1GFloods\B\image_4274.png,c:\Users\HP\OneDrive\Desktop\Flood_AI_Dataset\05_S1GFloods\Label\image_4274.png,6.1295,1
image_5018.png,c:\Users\HP\OneDrive\Desktop\Flood_AI_Dataset\05_S1GFloods\A\image_5018.png,c:\Users\HP\OneDrive\Desktop\Flood_AI_Dataset\05_S1GFloods\B\image_5018.png,c:\Users\HP\OneDrive\Desktop\Flood_AI_Dataset\05_S1GFloods\Label\image_5018.png,7.8873,1
image_4243.png,c:\Users\HP\OneDrive\Desktop\Flood_AI_Dataset\05_S1GFloods\A\image_4243.png,c:\Users\HP\OneDrive\Desktop\Flood_AI_Dataset\05_S1GFloods\B\image_4243.png,c:\Users\HP\OneDrive\Desktop\Flood_AI_Dataset\05_S1GFloods\Label\image_4243.png,12.3047,2
image_1886.png,c:\Users\HP\OneDrive\Desktop\Flood_AI_Dataset\05_S1GFloods\A\image_1886.png,c:\Users\HP\OneDrive\Desktop\Flood_AI_Dataset\05_S1GFloods\B\image_1886.png,c:\Users\HP\OneDrive\Desktop\Flood_AI_Dataset\05_S1GFloods\Label\image_1886.png,6.752,1
image_2018.png,c:\Users\HP\OneDrive\Desktop\Flood_AI_Dataset\05_S1GFloods\A\image_2018.png,c:\Users\HP\OneDrive\Desktop\Flood_AI_Dataset\05_S1GFloods\B\image_2018.png,c:\Users\HP\OneDrive\Desktop\Flood_AI_Dataset\05_S1GFloods\Label\image_2018.png,14.0549,2
image_2607.png,c:\Users\HP\OneDrive\Desktop\Flood_AI_Dataset\05_S1GFloods\A\image_2607.png,c:\Users\HP\OneDrive\Desktop\Flood_AI_Dataset\05_S1GFloods\B\image_2607.png,c:\Users\HP\OneDrive\Desktop\Flood_AI_Dataset\05_S1GFloods\Label\image_2607.png,52.8061,2
image_184.png,c:\Users\HP\OneDrive\Desktop\Flood_AI_Dataset\05_S1GFloods\A\image_184.png,c:\Users\HP\OneDrive\Desktop\Flood_AI_Dataset\05_S1GFloods\B\image_184.png,c:\Users\HP\OneDrive\Desktop\Flood_AI_Dataset\05_S1GFloods\Label\image_184.png,17.7536,2
image_4148.png,c:\Users\HP\OneDrive\Desktop\Flood_AI_Dataset\05_S1GFloods\A\image_4148.png,c:\Users\HP\OneDrive\Desktop\Flood_AI_Dataset\05_S1GFloods\B\image_4148.png,c:\Users\HP\OneDrive\Desktop\Flood_AI_Dataset\05_S1GFloods\Label\image_4148.png,83.4198,2
image_4667.png,c:\Users\HP\OneDrive\Desktop\Flood_AI_Dataset\05_S1GFloods\A\image_4667.png,c:\Users\HP\OneDrive\Desktop\Flood_AI_Dataset\05_S1GFloods\B\image_4667.png,c:\Users\HP\OneDrive\Desktop\Flood_AI_Dataset\05_S1GFloods\Label\image_4667.png,45.3918,2
image_2455.png,c:\Users\HP\OneDrive\Desktop\Flood_AI_Dataset\05_S1GFloods\A\image_2455.png,c:\Users\HP\OneDrive\Desktop\Flood_AI_Dataset\05_S1GFloods\B\image_2455.png,c:\Users\HP\OneDrive\Desktop\Flood_AI_Dataset\05_S1GFloods\Label\image_2455.png,5.246,1
image_4536.png,c:\Users\HP\OneDrive\Desktop\Flood_AI_Dataset\05_S1GFloods\A\image_4536.png,c:\Users\HP\OneDrive\Desktop\Flood_AI_Dataset\05_S1GFloods\B\image_4536.png,c:\Users\HP\OneDrive\Desktop\Flood_AI_Dataset\05_S1GFloods\Label\image_4536.png,15.7288,2
image_2705.png,c:\Users\HP\OneDrive\Desktop\Flood_AI_Dataset\05_S1GFloods\A\image_2705.png,c:\Users\HP\OneDrive\Desktop\Flood_AI_Dataset\05_S1GFloods\B\image_2705.png,c:\Users\HP\OneDrive\Desktop\Flood_AI_Dataset\05_S1GFloods\Label\image_2705.png,30.3192,2
image_2536.png,c:\Users\HP\OneDrive\Desktop\Flood_AI_Dataset\05_S1GFloods\A\image_2536.png,c:\Users\HP\OneDrive\Desktop\Flood_AI_Dataset\05_S1GFloods\B\image_2536.png,c:\Users\HP\OneDrive\Desktop\Flood_AI_Dataset\05_S1GFloods\Label\image_2536.png,27.1851,2
image_1127.png,c:\Users\HP\OneDrive\Desktop\Flood_AI_Dataset\05_S1GFloods\A\image_1127.png,c:\Users\HP\OneDrive\Desktop\Flood_AI_Dataset\05_S1GFloods\B\image_1127.png,c:\Users\HP\OneDrive\Desktop\Flood_AI_Dataset\05_S1GFloods\Label\image_1127.png,57.785,2
image_5213.png,c:\Users\HP\OneDrive\Desktop\Flood_AI_Dataset\05_S1GFloods\A\image_5213.png,c:\Users\HP\OneDrive\Desktop\Flood_AI_Dataset\05_S1GFloods\B\image_5213.png,c:\Users\HP\OneDrive\Desktop\Flood_AI_Dataset\05_S1GFloods\Label\image_5213.png,5.6335,1
image_4517.png,c:\Users\HP\OneDrive\Desktop\Flood_AI_Dataset\05_S1GFloods\A\image_4517.png,c:\Users\HP\OneDrive\Desktop\Flood_AI_Dataset\05_S1GFloods\B\image_4517.png,c:\Users\HP\OneDrive\Desktop\Flood_AI_Dataset\05_S1GFloods\Label\image_4517.png,94.4153,2
image_1610.png,c:\Users\HP\OneDrive\Desktop\Flood_AI_Dataset\05_S1GFloods\A\image_1610.png,c:\Users\HP\OneDrive\Desktop\Flood_AI_Dataset\05_S1GFloods\B\image_1610.png,c:\Users\HP\OneDrive\Desktop\Flood_AI_Dataset\05_S1GFloods\Label\image_1610.png,8.6227,1
image_1884.png,c:\Users\HP\OneDrive\Desktop\Flood_AI_Dataset\05_S1GFloods\A\image_1884.png,c:\Users\HP\OneDrive\Desktop\Flood_AI_Dataset\05_S1GFloods\B\image_1884.png,c:\Users\HP\OneDrive\Desktop\Flood_AI_Dataset\05_S1GFloods\Label\image_1884.png,5.6946,1
image_4378.png,c:\Users\HP\OneDrive\Desktop\Flood_AI_Dataset\05_S1GFloods\A\image_4378.png,c:\Users\HP\OneDrive\Desktop\Flood_AI_Dataset\05_S1GFloods\B\image_4378.png,c:\Users\HP\OneDrive\Desktop\Flood_AI_Dataset\05_S1GFloods\Label\image_4378.png,81.8878,2
image_1466.png,c:\Users\HP\OneDrive\Desktop\Flood_AI_Dataset\05_S1GFloods\A\image_1466.png,c:\Users\HP\OneDrive\Desktop\Flood_AI_Dataset\05_S1GFloods\B\image_1466.png,c:\Users\HP\OneDrive\Desktop\Flood_AI_Dataset\05_S1GFloods\Label\image_1466.png,48.3994,2
image_1190.png,c:\Users\HP\OneDrive\Desktop\Flood_AI_Dataset\05_S1GFloods\A\image_1190.png,c:\Users\HP\OneDrive\Desktop\Flood_AI_Dataset\05_S1GFloods\B\image_1190.png,c:\Users\HP\OneDrive\Desktop\Flood_AI_Dataset\05_S1GFloods\Label\image_1190.png,43.5379,2
image_4760.png,c:\Users\HP\OneDrive\Desktop\Flood_AI_Dataset\05_S1GFloods\A\image_4760.png,c:\Users\HP\OneDrive\Desktop\Flood_AI_Dataset\05_S1GFloods\B\image_4760.png,c:\Users\HP\OneDrive\Desktop\Flood_AI_Dataset\05_S1GFloods\Label\image_4760.png,52.5833,2
image_4231.png,c:\Users\HP\OneDrive\Desktop\Flood_AI_Dataset\05_S1GFloods\A\image_4231.png,c:\Users\HP\OneDrive\Desktop\Flood_AI_Dataset\05_S1GFloods\B\image_4231.png,c:\Users\HP\OneDrive\Desktop\Flood_AI_Dataset\05_S1GFloods\Label\image_4231.png,22.7112,2
image_2720.png,c:\Users\HP\OneDrive\Desktop\Flood_AI_Dataset\05_S1GFloods\A\image_2720.png,c:\Users\HP\OneDrive\Desktop\Flood_AI_Dataset\05_S1GFloods\B\image_2720.png,c:\Users\HP\OneDrive\Desktop\Flood_AI_Dataset\05_S1GFloods\Label\image_2720.png,30.2963,2
image_283.png,c:\Users\HP\OneDrive\Desktop\Flood_AI_Dataset\05_S1GFloods\A\image_283.png,c:\Users\HP\OneDrive\Desktop\Flood_AI_Dataset\05_S1GFloods\B\image_283.png,c:\Users\HP\OneDrive\Desktop\Flood_AI_Dataset\05_S1GFloods\Label\image_283.png,6.9366,1
image_961.png,c:\Users\HP\OneDrive\Desktop\Flood_AI_Dataset\05_S1GFloods\A\image_961.png,c:\Users\HP\OneDrive\Desktop\Flood_AI_Dataset\05_S1GFloods\B\image_961.png,c:\Users\HP\OneDrive\Desktop\Flood_AI_Dataset\05_S1GFloods\Label\image_961.png,88.3255,2
image_4710.png,c:\Users\HP\OneDrive\Desktop\Flood_AI_Dataset\05_S1GFloods\A\image_4710.png,c:\Users\HP\OneDrive\Desktop\Flood_AI_Dataset\05_S1GFloods\B\image_4710.png,c:\Users\HP\OneDrive\Desktop\Flood_AI_Dataset\05_S1GFloods\Label\image_4710.png,11.4059,2
image_4615.png,c:\Users\HP\OneDrive\Desktop\Flood_AI_Dataset\05_S1GFloods\A\image_4615.png,c:\Users\HP\OneDrive\Desktop\Flood_AI_Dataset\05_S1GFloods\B\image_4615.png,c:\Users\HP\OneDrive\Desktop\Flood_AI_Dataset\05_S1GFloods\Label\image_4615.png,9.9762,1
image_3977.png,c:\Users\HP\OneDrive\Desktop\Flood_AI_Dataset\05_S1GFloods\A\image_3977.png,c:\Users\HP\OneDrive\Desktop\Flood_AI_Dataset\05_S1GFloods\B\image_3977.png,c:\Users\HP\OneDrive\Desktop\Flood_AI_Dataset\05_S1GFloods\Label\image_3977.png,74.3271,2
image_2299.png,c:\Users\HP\OneDrive\Desktop\Flood_AI_Dataset\05_S1GFloods\A\image_2299.png,c:\Users\HP\OneDrive\Desktop\Flood_AI_Dataset\05_S1GFloods\B\image_2299.png,c:\Users\HP\OneDrive\Desktop\Flood_AI_Dataset\05_S1GFloods\Label\image_2299.png,13.0966,2
image_4540.png,c:\Users\HP\OneDrive\Desktop\Flood_AI_Dataset\05_S1GFloods\A\image_4540.png,c:\Users\HP\OneDrive\Desktop\Flood_AI_Dataset\05_S1GFloods\B\image_4540.png,c:\Users\HP\OneDrive\Desktop\Flood_AI_Dataset\05_S1GFloods\Label\image_4540.png,15.4648,2
image_2211.png,c:\Users\HP\OneDrive\Desktop\Flood_AI_Dataset\05_S1GFloods\A\image_2211.png,c:\Users\HP\OneDrive\Desktop\Flood_AI_Dataset\05_S1GFloods\B\image_2211.png,c:\Users\HP\OneDrive\Desktop\Flood_AI_Dataset\05_S1GFloods\Label\image_2211.png,19.6014,2
image_614.png,c:\Users\HP\OneDrive\Desktop\Flood_AI_Dataset\05_S1GFloods\A\image_614.png,c:\Users\HP\OneDrive\Desktop\Flood_AI_Dataset\05_S1GFloods\B\image_614.png,c:\Users\HP\OneDrive\Desktop\Flood_AI_Dataset\05_S1GFloods\Label\image_614.png,82.8949,2
image_865.png,c:\Users\HP\OneDrive\Desktop\Flood_AI_Dataset\05_S1GFloods\A\image_865.png,c:\Users\HP\OneDrive\Desktop\Flood_AI_Dataset\05_S1GFloods\B\image_865.png,c:\Users\HP\OneDrive\Desktop\Flood_AI_Dataset\05_S1GFloods\Label\image_865.png,30.8151,2
image_3198.png,c:\Users\HP\OneDrive\Desktop\Flood_AI_Dataset\05_S1GFloods\A\image_3198.png,c:\Users\HP\OneDrive\Desktop\Flood_AI_Dataset\05_S1GFloods\B\image_3198.png,c:\Users\HP\OneDrive\Desktop\Flood_AI_Dataset\05_S1GFloods\Label\image_3198.png,8.1314,1
image_4513.png,c:\Users\HP\OneDrive\Desktop\Flood_AI_Dataset\05_S1GFloods\A\image_4513.png,c:\Users\HP\OneDrive\Desktop\Flood_AI_Dataset\05_S1GFloods\B\image_4513.png,c:\Users\HP\OneDrive\Desktop\Flood_AI_Dataset\05_S1GFloods\Label\image_4513.png,15.0879,2
image_3288.png,c:\Users\HP\OneDrive\Desktop\Flood_AI_Dataset\05_S1GFloods\A\image_3288.png,c:\Users\HP\OneDrive\Desktop\Flood_AI_Dataset\05_S1GFloods\B\image_3288.png,c:\Users\HP\OneDrive\Desktop\Flood_AI_Dataset\05_S1GFloods\Label\image_3288.png,29.1153,2
image_3602.png,c:\Users\HP\OneDrive\Desktop\Flood_AI_Dataset\05_S1GFloods\A\image_3602.png,c:\Users\HP\OneDrive\Desktop\Flood_AI_Dataset\05_S1GFloods\B\image_3602.png,c:\Users\HP\OneDrive\Desktop\Flood_AI_Dataset\05_S1GFloods\Label\image_3602.png,51.2909,2
image_2134.png,c:\Users\HP\OneDrive\Desktop\Flood_AI_Dataset\05_S1GFloods\A\image_2134.png,c:\Users\HP\OneDrive\Desktop\Flood_AI_Dataset\05_S1GFloods\B\image_2134.png,c:\Users\HP\OneDrive\Desktop\Flood_AI_Dataset\05_S1GFloods\Label\image_2134.png,37.4313,2
image_1249.png,c:\Users\HP\OneDrive\Desktop\Flood_AI_Dataset\05_S1GFloods\A\image_1249.png,c:\Users\HP\OneDrive\Desktop\Flood_AI_Dataset\05_S1GFloods\B\image_1249.png,c:\Users\HP\OneDrive\Desktop\Flood_AI_Dataset\05_S1GFloods\Label\image_1249.png,9.5413,1
